#{"t_start": 1748604120.4119112, "env_id": "Maze-v0"}
r,l,t
-24.0,24,3.023685
-21.0,21,3.194983
-23.0,23,3.365887
-20.0,20,3.508938
-20.0,20,3.647608
-69.0,25,3.827081
-19.0,19,3.962733
-23.0,23,4.128331
-79.0,24,4.256346
-49.0,16,4.33586
-19.0,19,4.449428
-151.0,19,4.563655
-130.0,20,4.679211
-26.0,26,4.840846
-16.0,16,4.939621
-26.0,26,5.068456
-25.0,25,5.192877
-19.0,19,5.29817
-172.0,18,5.449204
-23.0,23,5.559296
-23.0,23,5.668373
-21.0,21,5.784585
-20.0,20,5.903358
-20.0,20,6.0214
-29.0,18,6.119973
-13.0,13,6.187061
-28.0,28,6.326415
-18.0,18,6.406798
-142.0,21,6.533617
-16.0,16,6.641894
-29.0,29,6.802784
-18.0,18,6.898301
-26.0,26,7.029919
-60.0,16,7.146278
-22.0,22,7.282805
-17.0,17,7.396506
-15.0,15,7.471107
-18.0,18,7.639781
-14.0,14,7.719556
-14.0,14,7.800918
-17.0,17,7.884425
-74.0,19,8.003105
-30.0,30,8.178197
-37.0,37,8.388382
-25.0,25,8.53157
-33.0,33,8.708811
-19.0,19,8.807905
-16.0,16,8.937842
-69.0,14,9.033105
-20.0,20,9.16947
-12.0,12,9.255063
-17.0,17,9.338542
-15.0,15,9.407703
-23.0,12,9.465165
-19.0,19,9.567179
-23.0,23,9.684909
-25.0,25,9.839456
-19.0,19,9.957366
-26.0,15,10.050049
-16.0,16,10.14465
-20.0,20,10.281868
-26.0,15,10.374642
-15.0,15,10.457326
-19.0,19,10.567786
-20.0,20,10.694435
-80.0,25,10.871428
-18.0,18,10.983556
-40.0,29,11.173803
-19.0,19,11.303281
-18.0,18,11.403733
-14.0,14,11.498169
-19.0,19,11.638041
-127.0,17,11.758614
-19.0,19,11.888491
-19.0,19,12.028895
-22.0,22,12.174727
-26.0,26,12.336824
-12.0,12,12.420141
-29.0,29,12.593059
-23.0,23,12.761709
-18.0,18,12.893471
-15.0,15,12.990441
-14.0,14,13.08826
-18.0,18,13.198928
-23.0,23,13.354783
-21.0,21,13.500303
-12.0,12,13.584315
-19.0,19,13.71969
-32.0,21,13.86938
-23.0,23,14.030317
-23.0,23,14.182141
-72.0,17,14.298001
-20.0,20,14.434034
-23.0,23,14.612675
-25.0,25,14.780633
-17.0,17,14.911167
-11.0,11,14.970141
-20.0,20,15.081835
-18.0,18,15.192273
-83.0,17,15.327898
-14.0,14,15.454273
-21.0,21,15.568536
-27.0,27,20.129516
-87.0,21,20.257285
-20.0,20,20.376027
-13.0,13,20.454206
-42.0,31,20.61623
-15.0,15,20.70439
-24.0,24,20.851269
-20.0,20,20.955646
-17.0,17,21.07831
-72.0,17,21.203144
-24.0,24,21.339533
-77.0,22,21.474257
-58.0,14,21.574905
-18.0,18,21.712929
-15.0,15,21.818236
-21.0,21,21.979449
-41.0,30,22.169929
-15.0,15,22.295805
-21.0,21,22.444648
-54.0,21,22.552404
-12.0,12,22.62446
-24.0,24,22.762666
-29.0,29,22.963205
-17.0,17,23.08543
-18.0,18,23.21463
-28.0,28,23.40796
-21.0,21,23.559786
-22.0,22,23.685158
-60.0,27,23.88338
-17.0,17,24.00987
-21.0,21,24.160488
-20.0,20,24.313137
-29.0,29,24.495383
-22.0,22,24.622067
-16.0,16,24.721658
-20.0,20,24.828825
-90.0,24,24.963381
-18.0,18,25.078595
-111.0,12,25.166292
-18.0,18,25.258406
-18.0,18,25.385987
-19.0,19,25.514829
-20.0,20,25.65477
-27.0,27,25.84159
-29.0,29,26.012483
-32.0,32,26.202561
-11.0,11,26.281455
-24.0,24,26.405408
-21.0,21,26.54351
-23.0,23,26.710913
-22.0,22,26.827564
-30.0,30,27.035603
-35.0,24,27.21461
-27.0,16,27.320458
-20.0,20,27.434736
-32.0,32,27.624036
-26.0,26,27.781959
-40.0,29,27.963208
-116.0,17,28.081736
-16.0,16,28.214361
-24.0,24,28.356466
-14.0,14,28.442937
-111.0,23,28.599611
-23.0,23,28.765473
-17.0,17,28.886947
-23.0,23,29.046133
-23.0,23,29.205212
-17.0,17,29.349661
-22.0,22,29.488112
-17.0,17,29.573462
-33.0,22,29.715437
-21.0,21,29.865064
-19.0,19,30.011252
-24.0,24,30.178186
-23.0,23,30.326213
-27.0,27,30.533964
-15.0,15,30.649362
-27.0,27,30.8463
-22.0,22,30.986705
-27.0,27,31.146921
-20.0,20,31.300307
-100.0,23,31.474664
-18.0,18,31.569656
-30.0,19,31.691761
-42.0,20,31.83667
-20.0,20,31.987533
-16.0,16,32.067322
-17.0,17,32.153612
-26.0,26,32.353459
-21.0,21,32.503155
-13.0,13,32.590308
-16.0,16,32.672182
-19.0,19,32.803054
-28.0,28,32.99936
-31.0,31,33.180887
-17.0,17,33.306289
-15.0,15,33.413751
-22.0,22,33.567362
-21.0,21,37.690501
-23.0,23,37.812928
-18.0,18,37.896421
-16.0,16,37.988567
-17.0,17,38.097162
-17.0,17,38.213558
-13.0,13,38.305154
-13.0,13,38.381361
-32.0,21,38.496303
-20.0,20,38.634362
-15.0,15,38.751416
-22.0,22,38.861035
-81.0,15,38.945825
-20.0,20,39.070971
-29.0,18,39.163891
-12.0,12,39.254421
-17.0,17,39.364681
-23.0,12,39.465287
-40.0,18,39.580118
-15.0,15,39.652734
-20.0,20,39.796036
-121.0,22,39.953404
-44.0,22,40.065992
-17.0,17,40.185455
-21.0,21,40.333943
-20.0,20,40.48365
-14.0,14,40.573045
-16.0,16,40.663786
-12.0,12,40.755516
-13.0,13,40.854379
-18.0,18,40.953237
-16.0,16,41.052896
-19.0,19,41.189319
-60.0,16,41.278888
-25.0,25,41.426644
-14.0,14,41.518228
-11.0,11,41.591483
-56.0,23,41.739983
-22.0,22,41.887099
-20.0,20,42.02803
-15.0,15,42.148653
-30.0,30,42.327202
-25.0,25,42.466314
-28.0,28,42.657582
-23.0,23,42.812303
-18.0,18,42.939906
-45.0,23,43.086337
-18.0,18,43.220553
-14.0,14,43.311162
-21.0,21,43.455969
-128.0,18,43.570937
-17.0,17,43.694591
-20.0,20,43.819907
-22.0,22,43.942086
-23.0,23,44.08178
-14.0,14,44.20033
-11.0,11,44.289453
-20.0,20,44.426008
-15.0,15,44.53252
-38.0,16,44.650862
-17.0,17,44.777754
-13.0,13,44.876803
-17.0,17,45.016909
-16.0,16,45.156765
-17.0,17,45.286843
-16.0,16,45.389276
-17.0,17,45.52467
-18.0,18,45.621958
-17.0,17,45.737335
-11.0,11,45.821313
-17.0,17,45.910667
-55.0,22,46.087273
-20.0,20,46.215782
-18.0,18,46.328212
-15.0,15,46.447246
-26.0,26,46.638728
-29.0,18,46.726445
-18.0,18,46.82993
-18.0,18,46.96303
-21.0,21,47.11451
-16.0,16,47.241356
-24.0,24,47.408627
-59.0,15,47.516973
-31.0,20,47.650022
-28.0,28,47.819391
-93.0,16,47.900187
-27.0,27,48.079346
-15.0,15,48.180553
-17.0,17,48.277438
-28.0,17,48.429413
-169.0,26,48.604996
-18.0,18,48.724323
-97.0,20,48.844384
-17.0,17,49.005084
-23.0,23,49.201725
-15.0,15,49.282933
-17.0,17,49.394728
-25.0,25,49.616944
-20.0,20,49.782869
-84.0,18,49.932154
-13.0,13,50.049076
-16.0,16,50.208283
-94.0,17,50.357064
-23.0,23,50.543766
-26.0,26,50.738883
-22.0,22,50.946076
-23.0,12,51.042837
-72.0,17,51.167645
-23.0,23,51.334826
-13.0,13,51.47628
-18.0,18,51.639865
-14.0,14,56.034268
-15.0,15,56.117542
-21.0,21,56.226849
-33.0,22,56.36347
-17.0,17,56.466843
-34.0,34,56.645595
-24.0,24,56.745321
-53.0,20,56.879228
-20.0,20,56.971858
-13.0,13,57.044717
-13.0,13,57.138364
-18.0,18,57.276972
-23.0,23,57.481087
-21.0,21,57.596961
-12.0,12,57.665792
-14.0,14,57.764254
-21.0,21,57.90959
-160.0,17,58.054286
-136.0,15,58.190889
-122.0,12,58.303605
-14.0,14,58.430261
-16.0,16,58.560333
-108.0,20,58.76081
-12.0,12,58.892381
-40.0,18,59.055476
-21.0,21,59.25662
-15.0,15,59.354291
-16.0,16,59.503761
-25.0,14,59.638094
-15.0,15,59.728872
-14.0,14,59.841636
-13.0,13,59.938697
-27.0,27,60.208544
-31.0,20,60.335953
-18.0,18,60.472266
-15.0,15,60.5785
-64.0,20,60.70506
-72.0,17,60.809412
-58.0,14,60.912626
-15.0,15,61.011795
-16.0,16,61.12683
-14.0,14,61.230988
-16.0,16,61.341853
-126.0,16,61.46373
-82.0,16,61.573498
-16.0,16,61.678038
-18.0,18,61.77482
-18.0,18,61.903338
-19.0,19,62.040472
-22.0,22,62.203094
-19.0,19,62.306471
-16.0,16,62.418013
-31.0,20,62.570244
-16.0,16,62.681796
-21.0,10,62.766265
-23.0,23,62.919533
-21.0,21,63.068961
-25.0,14,63.153295
-41.0,19,63.263024
-44.0,11,63.33962
-18.0,18,63.464858
-54.0,21,63.632719
-16.0,16,63.728676
-22.0,22,63.868838
-18.0,18,63.981993
-16.0,16,64.095975
-20.0,20,64.23037
-19.0,19,64.342038
-149.0,17,64.452303
-12.0,12,64.547501
-61.0,17,64.65858
-12.0,12,64.729908
-11.0,11,64.810635
-15.0,15,64.910054
-38.0,16,65.01842
-20.0,20,65.167293
-38.0,16,65.279258
-17.0,17,65.417319
-32.0,21,65.550428
-26.0,26,65.72042
-16.0,16,65.803922
-22.0,22,65.937723
-19.0,19,66.034346
-18.0,18,66.137733
-15.0,15,66.213601
-18.0,18,66.351452
-23.0,23,66.481936
-37.0,15,66.591675
-16.0,16,66.691583
-15.0,15,66.808136
-14.0,14,66.913764
-164.0,21,67.105667
-145.0,24,67.270828
-26.0,26,67.426446
-66.0,22,67.585966
-17.0,17,67.671935
-17.0,17,67.784102
-13.0,13,67.865057
-17.0,17,67.965559
-12.0,12,68.060783
-21.0,21,68.221658
-12.0,12,68.308909
-15.0,15,68.423435
-22.0,22,68.560205
-21.0,21,68.699087
-17.0,17,68.797199
-18.0,18,68.923759
-17.0,17,69.054161
-17.0,17,69.191081
-19.0,19,69.306304
-83.0,17,69.398266
-24.0,24,69.527795
-60.0,16,69.646572
-22.0,22,69.79107
-16.0,16,69.912616
-22.0,22,70.077188
-28.0,17,74.147463
-22.0,22,74.272027
-20.0,20,74.388783
-25.0,14,74.471129
-34.0,23,74.600927
-17.0,17,74.699269
-17.0,17,74.781602
-17.0,17,74.87546
-28.0,28,75.048397
-17.0,17,75.146667
-18.0,18,75.26469
-28.0,28,75.461979
-38.0,16,75.566905
-23.0,23,75.70521
-23.0,12,75.779614
-20.0,20,75.883981
-10.0,10,75.965389
-77.0,22,76.139147
-21.0,21,76.298794
-22.0,22,76.448367
-26.0,26,76.59086
-17.0,17,76.690884
-160.0,17,76.820246
-15.0,15,76.911986
-18.0,18,77.007258
-17.0,17,77.131956
-19.0,19,77.242975
-17.0,17,77.351378
-53.0,20,77.479854
-21.0,21,77.579815
-141.0,20,77.721358
-24.0,24,77.843509
-14.0,14,77.946655
-16.0,16,78.053474
-13.0,13,78.148409
-21.0,21,78.308592
-22.0,22,78.45857
-12.0,12,78.552624
-25.0,25,78.731681
-21.0,21,78.885459
-17.0,17,78.972308
-30.0,30,79.193554
-21.0,21,79.316878
-15.0,15,79.408428
-66.0,22,79.569827
-34.0,23,79.705627
-161.0,18,79.845999
-21.0,21,80.00273
-26.0,26,80.189188
-15.0,15,80.284444
-31.0,20,80.404593
-14.0,14,80.508009
-17.0,17,80.622
-16.0,16,80.722851
-18.0,18,80.849714
-24.0,24,81.004709
-15.0,15,81.08399
-20.0,20,81.237103
-15.0,15,81.319004
-17.0,17,81.417999
-27.0,16,81.504486
-26.0,15,81.582742
-20.0,20,81.693366
-18.0,18,81.78822
-60.0,16,81.876005
-19.0,19,82.006042
-94.0,17,82.12949
-18.0,18,82.256585
-38.0,16,82.378663
-19.0,19,82.523426
-20.0,20,82.673416
-25.0,14,82.779124
-24.0,24,82.933011
-31.0,20,83.064748
-17.0,17,83.184087
-30.0,19,83.325479
-174.0,20,83.44587
-15.0,15,83.525772
-15.0,15,83.603398
-282.0,29,83.792335
-22.0,22,83.965164
-50.0,17,84.079783
-42.0,20,84.215896
-25.0,25,84.383439
-21.0,21,84.53336
-18.0,18,84.658399
-94.0,17,84.765893
-25.0,14,84.844367
-16.0,16,84.969712
-20.0,20,85.105416
-15.0,15,85.196267
-17.0,17,85.300608
-25.0,25,85.445266
-17.0,17,85.561938
-15.0,15,85.682504
-27.0,27,85.8799
-20.0,20,86.005183
-24.0,13,86.086802
-22.0,22,86.218105
-12.0,12,86.310919
-33.0,33,86.522694
-172.0,18,86.651037
-12.0,12,86.73876
-20.0,20,86.905627
-19.0,19,87.044616
-117.0,18,87.148571
-94.0,17,87.26367
-107.0,19,87.390575
-27.0,16,87.505165
-13.0,13,91.529446
-19.0,19,91.64281
-124.0,25,91.765172
-13.0,13,91.838354
-16.0,16,92.002207
-99.0,22,92.105412
-16.0,16,92.239765
-27.0,27,92.423563
-25.0,25,92.585968
-16.0,16,92.737521
-32.0,21,92.912362
-17.0,17,93.09931
-19.0,19,93.246382
-15.0,15,93.395839
-55.0,22,93.560506
-18.0,18,93.748224
-24.0,24,93.885164
-42.0,20,94.105433
-15.0,15,94.216187
-26.0,26,94.432108
-16.0,16,94.541904
-17.0,17,94.726991
-160.0,28,94.88798
-20.0,20,95.074095
-27.0,27,95.230564
-34.0,34,95.429811
-21.0,21,95.668497
-20.0,20,95.809181
-20.0,20,95.994787
-22.0,22,96.182365
-32.0,21,96.405088
-28.0,17,96.532812
-26.0,26,96.683565
-20.0,20,96.792588
-19.0,19,96.900343
-26.0,26,97.078415
-16.0,16,97.192706
-15.0,15,97.311805
-16.0,16,97.445588
-17.0,17,97.627863
-22.0,22,97.744155
-24.0,24,97.893496
-16.0,16,98.07348
-13.0,13,98.154851
-29.0,18,98.310775
-43.0,21,98.480226
-26.0,26,98.678092
-25.0,25,98.85912
-85.0,19,98.996519
-29.0,29,99.282489
-25.0,25,99.409358
-23.0,23,99.58828
-16.0,16,99.723272
-17.0,17,99.838923
-154.0,22,99.980871
-24.0,24,100.186964
-103.0,26,100.421887
-14.0,14,100.533731
-15.0,15,100.652127
-25.0,25,100.832153
-25.0,25,101.003267
-14.0,14,101.101113
-111.0,23,101.244946
-16.0,16,101.358613
-20.0,20,101.481002
-30.0,30,101.687585
-24.0,24,101.845324
-22.0,22,101.981131
-25.0,25,102.145312
-22.0,22,102.271352
-31.0,20,102.381017
-25.0,25,102.532486
-18.0,18,102.628112
-119.0,20,102.731061
-18.0,18,102.849094
-25.0,25,103.039407
-14.0,14,103.153306
-21.0,21,103.298465
-14.0,14,103.407811
-19.0,19,103.53865
-18.0,18,103.67634
-15.0,15,103.801793
-19.0,19,103.919868
-26.0,26,104.088258
-14.0,14,104.193884
-18.0,18,104.317987
-16.0,16,104.453534
-28.0,28,104.634842
-23.0,23,104.776574
-14.0,14,104.846877
-46.0,13,104.913715
-17.0,17,105.065209
-30.0,30,105.205281
-20.0,20,105.308425
-42.0,31,105.507122
-148.0,27,105.703911
-15.0,15,105.815857
-14.0,14,105.896456
-71.0,27,106.055636
-32.0,32,110.488337
-119.0,20,110.605017
-23.0,23,110.727719
-68.0,13,110.793512
-13.0,13,110.881953
-30.0,30,111.043053
-28.0,17,111.15285
-20.0,20,111.252332
-19.0,19,111.357202
-14.0,14,111.443664
-69.0,14,111.539279
-32.0,32,111.705229
-14.0,14,111.790357
-19.0,19,111.89139
-15.0,15,111.996835
-16.0,16,112.107548
-21.0,21,112.236854
-17.0,17,112.347272
-28.0,28,112.5265
-18.0,18,112.648931
-25.0,25,112.799796
-13.0,13,112.889813
-28.0,28,113.058538
-19.0,19,113.152198
-75.0,20,113.288976
-107.0,19,113.400776
-37.0,15,113.498458
-17.0,17,113.638187
-28.0,28,113.827502
-21.0,21,113.982659
-52.0,19,114.091877
-14.0,14,114.186015
-21.0,21,114.301713
-19.0,19,114.425207
-139.0,29,114.608482
-21.0,21,114.752625
-22.0,22,114.913478
-20.0,20,115.023424
-35.0,35,115.247721
-15.0,15,115.343669
-18.0,18,115.464579
-24.0,24,115.619528
-14.0,14,115.712742
-29.0,18,115.828861
-17.0,17,115.940565
-18.0,18,116.058047
-35.0,24,116.202922
-17.0,17,116.303761
-46.0,13,116.393288
-20.0,20,116.501153
-28.0,28,116.688779
-18.0,18,116.812788
-21.0,21,116.955849
-142.0,21,117.104308
-21.0,21,117.221545
-19.0,19,117.333803
-17.0,17,117.44584
-17.0,17,117.551219
-16.0,16,117.671467
-24.0,24,117.837709
-50.0,17,117.954743
-48.0,15,118.059741
-41.0,19,118.177389
-18.0,18,118.276515
-29.0,18,118.385897
-20.0,20,118.523166
-18.0,18,118.643241
-21.0,21,118.769465
-11.0,11,118.847919
-18.0,18,118.969418
-27.0,16,119.081218
-84.0,18,119.192299
-138.0,17,119.29523
-24.0,13,119.375766
-17.0,17,119.484229
-23.0,23,119.607481
-17.0,17,119.704154
-185.0,20,119.821074
-86.0,31,119.995367
-132.0,22,120.137856
-11.0,11,120.198455
-11.0,11,120.256846
-19.0,19,120.394733
-16.0,16,120.50753
-18.0,18,120.624118
-20.0,20,120.74584
-19.0,19,120.872795
-14.0,14,120.974689
-14.0,14,121.068882
-17.0,17,121.172333
-19.0,19,121.325276
-32.0,32,121.523265
-24.0,24,121.69731
-20.0,20,121.801187
-15.0,15,121.905516
-20.0,20,122.048019
-23.0,23,122.208935
-52.0,19,122.298955
-12.0,12,122.386972
-19.0,19,122.517492
-19.0,19,122.639924
-20.0,20,122.751976
-16.0,16,122.86821
-21.0,21,123.032978
-43.0,21,123.171431
-22.0,22,123.330569
-22.0,11,123.411449
-19.0,19,127.80677
-21.0,21,127.907401
-15.0,15,127.971306
-17.0,17,128.056205
-34.0,23,128.220479
-15.0,15,128.32065
-14.0,14,128.410877
-15.0,15,128.509496
-13.0,13,128.598864
-24.0,24,128.734886
-21.0,21,128.87855
-40.0,29,129.003801
-12.0,12,129.072702
-23.0,23,129.240564
-24.0,24,129.381354
-18.0,18,129.527481
-15.0,15,129.641527
-17.0,17,129.772454
-25.0,25,129.929063
-30.0,19,130.082195
-22.0,22,130.260438
-14.0,14,130.373306
-16.0,16,130.480646
-17.0,17,130.604574
-91.0,14,130.702977
-161.0,18,130.823687
-20.0,20,130.952502
-20.0,20,131.07969
-19.0,19,131.191225
-20.0,20,131.318892
-29.0,29,131.506724
-19.0,19,131.637744
-22.0,22,131.811231
-20.0,20,131.961723
-29.0,29,132.176219
-14.0,14,132.294968
-23.0,23,132.460103
-16.0,16,132.563547
-11.0,11,132.647228
-29.0,29,132.855786
-20.0,20,133.002779
-74.0,19,133.122094
-22.0,22,133.266811
-24.0,24,133.409022
-21.0,21,133.53993
-18.0,18,133.661645
-13.0,13,133.757674
-20.0,20,133.875078
-12.0,12,133.942403
-22.0,22,134.086424
-21.0,21,134.240903
-41.0,30,134.453304
-39.0,39,134.728431
-17.0,17,134.859754
-33.0,33,135.061448
-36.0,14,135.158994
-17.0,17,135.261657
-16.0,16,135.387624
-21.0,21,135.54913
-26.0,26,135.745109
-46.0,13,135.842806
-18.0,18,135.980768
-12.0,12,136.072972
-32.0,32,136.288913
-43.0,21,136.434812
-27.0,27,136.695404
-14.0,14,136.824608
-25.0,25,136.964956
-24.0,24,137.095317
-29.0,29,137.265833
-19.0,19,137.361363
-29.0,29,137.571602
-25.0,25,137.748738
-20.0,20,137.932252
-78.0,12,137.997862
-28.0,28,138.214057
-15.0,15,138.332048
-20.0,20,138.464304
-17.0,17,138.575649
-23.0,23,138.713326
-30.0,30,138.904565
-16.0,16,138.995386
-20.0,20,139.152678
-24.0,24,139.301898
-50.0,17,139.421045
-38.0,38,139.659699
-20.0,20,139.796025
-23.0,23,139.940452
-13.0,13,140.039797
-16.0,16,140.144623
-22.0,22,140.278884
-17.0,17,140.383793
-137.0,16,140.504258
-17.0,17,140.619215
-19.0,19,140.751036
-21.0,21,140.937779
-13.0,13,141.037154
-18.0,18,141.168366
-19.0,19,141.358573
-17.0,17,141.520496
-52.0,19,141.649649
-20.0,20,141.783242
-24.0,13,145.511985
-121.0,22,145.610141
-19.0,19,145.704709
-23.0,23,145.825984
-40.0,18,145.905687
-17.0,17,146.004246
-15.0,15,146.119614
-70.0,15,146.188362
-21.0,21,146.303548
-21.0,21,146.447565
-35.0,24,146.592925
-15.0,15,146.67921
-19.0,19,146.788409
-14.0,14,146.876588
-15.0,15,146.983293
-18.0,18,147.108593
-51.0,18,147.247785
-38.0,16,147.343729
-14.0,14,147.431669
-25.0,25,147.556279
-16.0,16,147.648854
-19.0,19,147.772221
-17.0,17,147.86164
-15.0,15,147.977378
-22.0,22,148.128393
-18.0,18,148.249339
-17.0,17,148.35313
-23.0,23,148.466081
-17.0,17,148.573356
-24.0,24,148.7331
-46.0,24,148.878305
-17.0,17,149.019165
-38.0,16,149.146778
-15.0,15,149.238152
-30.0,30,149.43171
-22.0,22,149.572446
-19.0,19,149.701702
-12.0,12,149.805281
-17.0,17,149.922277
-48.0,15,150.017885
-17.0,17,150.111556
-27.0,27,150.286694
-16.0,16,150.391443
-83.0,17,150.494416
-15.0,15,150.606944
-16.0,16,150.706205
-19.0,19,150.837331
-24.0,24,150.997008
-54.0,21,151.137013
-27.0,27,151.294396
-25.0,25,151.418141
-20.0,20,151.554149
-33.0,22,151.712615
-21.0,21,151.879323
-15.0,15,151.964882
-17.0,17,152.051068
-59.0,15,152.167186
-53.0,20,152.289169
-18.0,18,152.38279
-16.0,16,152.477167
-31.0,20,152.617291
-28.0,28,152.783098
-19.0,19,152.932818
-19.0,19,153.080133
-21.0,21,153.229844
-25.0,25,153.374469
-16.0,16,153.459904
-44.0,33,153.65881
-36.0,25,153.838312
-23.0,23,153.983249
-140.0,19,154.088583
-16.0,16,154.181845
-16.0,16,154.267417
-12.0,12,154.366066
-15.0,15,154.48594
-26.0,26,154.667583
-47.0,14,154.762316
-17.0,17,154.854352
-16.0,16,154.960422
-122.0,23,155.115234
-10.0,10,155.169356
-24.0,24,155.326667
-12.0,12,155.411345
-14.0,14,155.513985
-23.0,23,155.659524
-53.0,20,155.766046
-11.0,11,155.858703
-32.0,32,156.061168
-18.0,18,156.156833
-14.0,14,156.229044
-26.0,26,156.381308
-34.0,23,156.516667
-17.0,17,156.607585
-22.0,22,156.742363
-59.0,15,156.843248
-16.0,16,156.950709
-27.0,16,157.060327
-13.0,13,157.151455
-73.0,18,157.263815
-18.0,18,157.385639
-21.0,21,157.537224
-27.0,16,157.649928
-19.0,19,157.774941
-17.0,17,157.867701
-22.0,22,158.023137
-24.0,24,158.181869
-30.0,19,158.298236
-16.0,16,158.429189
-76.0,21,162.319782
-11.0,11,162.37225
-16.0,16,162.455028
-182.0,17,162.55479
-17.0,17,162.650191
-19.0,19,162.749712
-16.0,16,162.85516
-15.0,15,162.961019
-39.0,17,163.093504
-17.0,17,163.180395
-11.0,11,163.268785
-25.0,25,163.433826
-18.0,18,163.570241
-15.0,15,163.685558
-105.0,17,163.818706
-19.0,19,163.94916
-73.0,18,164.069274
-21.0,21,164.186461
-33.0,11,164.255889
-14.0,14,164.348296
-15.0,15,164.456045
-14.0,14,164.54698
-35.0,13,164.645567
-16.0,16,164.742609
-18.0,18,164.853209
-70.0,15,164.935435
-19.0,19,165.067959
-17.0,17,165.203563
-17.0,17,165.312857
-16.0,16,165.429458
-17.0,17,165.545841
-17.0,17,165.661335
-25.0,14,165.760949
-14.0,14,165.850803
-13.0,13,165.96248
-18.0,18,166.092808
-21.0,21,166.231726
-20.0,20,166.353932
-116.0,17,166.502397
-16.0,16,166.647303
-14.0,14,166.780149
-80.0,14,166.94029
-20.0,20,167.131216
-19.0,19,167.27573
-18.0,18,167.38564
-25.0,14,167.505352
-92.0,15,167.635117
-18.0,18,167.782097
-19.0,19,167.992552
-29.0,18,168.131932
-14.0,14,168.276272
-19.0,19,168.435311
-17.0,17,168.58476
-14.0,14,168.718313
-16.0,16,168.853729
-16.0,16,168.993342
-15.0,15,169.115385
-37.0,15,169.229497
-16.0,16,169.356014
-16.0,16,169.48601
-28.0,17,169.588639
-17.0,17,169.681284
-14.0,14,169.791541
-57.0,24,169.940684
-23.0,23,170.094962
-21.0,21,170.207295
-18.0,18,170.3327
-16.0,16,170.431011
-74.0,19,170.542098
-24.0,24,170.70614
-18.0,18,170.823611
-93.0,16,170.927404
-17.0,17,171.068923
-58.0,14,171.184483
-13.0,13,171.300018
-17.0,17,171.45269
-17.0,17,171.615822
-23.0,23,171.791746
-23.0,23,171.930337
-15.0,15,172.03984
-19.0,19,172.218334
-142.0,21,172.41088
-21.0,21,172.617467
-20.0,20,172.759678
-20.0,20,172.879999
-12.0,12,172.979844
-23.0,23,173.157972
-26.0,15,173.27709
-18.0,18,173.463237
-67.0,12,173.555746
-37.0,15,173.697637
-16.0,16,173.80964
-18.0,18,173.979103
-27.0,27,174.154288
-15.0,15,174.240815
-13.0,13,174.363373
-39.0,17,174.493927
-14.0,14,174.599719
-11.0,11,174.723796
-34.0,23,174.905772
-20.0,20,175.06677
-37.0,15,175.202206
-35.0,13,175.316632
-19.0,19,175.464756
-17.0,17,175.61782
-17.0,17,175.745463
-14.0,14,175.849782
-61.0,17,175.962886
-23.0,23,176.13261
-17.0,17,176.289377
-26.0,15,176.422485
-11.0,11,176.516875
-17.0,17,176.645924
-13.0,13,176.760121
-17.0,17,176.903205
-73.0,18,176.990092
-26.0,15,177.084294
-15.0,15,177.200131
-112.0,24,177.344003
-35.0,24,177.485765
-23.0,12,177.573249
-20.0,20,181.840322
-35.0,24,182.051422
-16.0,16,182.182728
-16.0,16,182.311553
-20.0,20,182.41964
-16.0,16,182.522798
-82.0,16,182.635785
-12.0,12,182.72378
-18.0,18,182.819468
-40.0,18,182.949806
-28.0,28,183.198411
-11.0,11,183.317971
-158.0,15,183.427194
-14.0,14,183.520802
-16.0,16,183.612995
-21.0,21,183.726573
-20.0,20,183.846093
-13.0,13,183.943547
-20.0,20,184.076894
-17.0,17,184.218856
-15.0,15,184.360036
-22.0,22,184.597484
-15.0,15,184.732906
-23.0,23,184.889237
-58.0,14,184.991072
-20.0,20,185.140939
-19.0,19,185.283634
-17.0,17,185.392602
-30.0,30,185.60619
-17.0,17,185.698849
-24.0,24,185.875814
-15.0,15,185.986892
-34.0,12,186.075083
-19.0,19,186.186021
-24.0,13,186.270154
-17.0,17,186.379132
-22.0,22,186.509946
-17.0,17,186.649235
-219.0,21,186.791795
-15.0,15,186.876951
-33.0,22,187.034998
-16.0,16,187.140141
-82.0,16,187.254354
-15.0,15,187.335353
-12.0,12,187.413416
-17.0,17,187.529479
-26.0,15,187.60364
-15.0,15,187.681922
-19.0,19,187.800026
-18.0,18,187.937196
-19.0,19,188.058072
-20.0,20,188.184561
-62.0,18,188.288033
-48.0,15,188.401595
-15.0,15,188.487719
-15.0,15,188.57816
-19.0,19,188.728801
-15.0,15,188.824517
-18.0,18,188.950838
-22.0,22,189.16496
-23.0,23,189.375045
-11.0,11,189.434222
-20.0,20,189.583572
-19.0,19,189.71445
-128.0,29,189.907103
-22.0,22,190.046766
-12.0,12,190.127146
-21.0,21,190.275884
-17.0,17,190.454067
-26.0,26,190.66951
-26.0,26,190.867735
-15.0,15,190.96536
-62.0,29,191.164634
-14.0,14,191.238399
-12.0,12,191.319563
-21.0,21,191.465991
-16.0,16,191.572018
-19.0,19,191.686608
-17.0,17,191.814704
-13.0,13,191.886246
-176.0,22,192.020884
-16.0,16,192.155583
-22.0,22,192.328812
-26.0,15,192.437102
-82.0,16,192.557599
-20.0,20,192.702121
-18.0,18,192.829824
-19.0,19,192.957294
-15.0,15,193.064655
-17.0,17,193.184394
-12.0,12,193.274287
-20.0,20,193.410221
-17.0,17,193.547314
-10.0,10,193.6298
-16.0,16,193.74673
-16.0,16,193.863934
-39.0,28,194.061343
-23.0,23,194.248853
-14.0,14,194.34452
-29.0,29,194.527683
-19.0,19,194.619365
-15.0,15,194.724472
-16.0,16,194.827208
-20.0,20,194.95267
-23.0,23,195.092234
-20.0,20,195.229306
-15.0,15,195.321532
-38.0,27,195.46897
-14.0,14,195.56041
-20.0,20,195.701447
-18.0,18,195.824565
-19.0,19,195.974223
-20.0,20,200.237036
-14.0,14,200.333848
-14.0,14,200.402179
-17.0,17,200.516668
-20.0,20,200.611861
-17.0,17,200.715363
-13.0,13,200.779178
-28.0,28,200.917712
-19.0,19,201.01783
-102.0,36,201.261321
-25.0,25,201.467891
-15.0,15,201.58047
-17.0,17,201.723285
-17.0,17,201.863217
-16.0,16,201.941168
-21.0,21,202.083884
-23.0,23,202.231034
-17.0,17,202.349112
-17.0,17,202.447017
-97.0,20,202.58582
-22.0,22,202.735162
-15.0,15,202.814714
-18.0,18,202.941802
-17.0,17,203.05564
-21.0,21,203.208354
-22.0,22,203.376089
-13.0,13,203.47307
-16.0,16,203.572026
-16.0,16,203.673258
-13.0,13,203.778208
-34.0,23,203.936198
-49.0,16,204.034688
-16.0,16,204.165038
-20.0,20,204.271281
-16.0,16,204.384272
-18.0,18,204.492082
-13.0,13,204.574281
-19.0,19,204.699699
-12.0,12,204.763162
-20.0,20,204.863539
-61.0,17,204.968955
-16.0,16,205.049697
-173.0,19,205.134862
-41.0,19,205.225961
-30.0,30,205.43874
-33.0,33,205.624094
-18.0,18,205.722781
-15.0,15,205.826428
-21.0,21,205.965239
-18.0,18,206.090199
-25.0,25,206.282473
-184.0,19,206.425454
-15.0,15,206.512349
-21.0,21,206.659669
-14.0,14,206.773877
-17.0,17,206.890694
-19.0,19,207.026987
-51.0,18,207.131753
-100.0,12,207.216793
-22.0,22,207.380538
-19.0,19,207.483287
-39.0,17,207.590103
-27.0,16,207.714049
-25.0,25,207.894933
-19.0,19,207.992396
-11.0,11,208.05762
-16.0,16,208.173157
-24.0,24,208.308219
-22.0,22,208.470795
-20.0,20,208.586792
-28.0,28,208.789617
-19.0,19,208.932646
-22.0,22,209.061653
-19.0,19,209.179595
-17.0,17,209.296746
-20.0,20,209.420807
-23.0,12,209.50055
-16.0,16,209.608706
-21.0,21,209.768329
-12.0,12,209.864496
-20.0,20,209.98868
-27.0,27,210.192205
-15.0,15,210.300321
-17.0,17,210.416701
-15.0,15,210.517553
-114.0,15,210.606833
-16.0,16,210.696427
-16.0,16,210.796627
-140.0,19,210.903044
-22.0,22,211.058982
-35.0,35,211.24436
-14.0,14,211.338722
-16.0,16,211.471387
-14.0,14,211.568359
-25.0,25,211.724049
-13.0,13,211.817509
-12.0,12,211.882978
-23.0,23,212.017086
-26.0,26,212.190495
-20.0,20,212.338136
-20.0,20,212.44967
-22.0,22,212.588634
-23.0,23,212.728411
-18.0,18,212.827894
-20.0,20,212.969724
-21.0,21,213.108676
-23.0,23,213.25154
-19.0,19,213.377257
-17.0,17,213.485676
-15.0,15,217.238131
-17.0,17,217.34035
-15.0,15,217.434054
-29.0,29,217.611049
-19.0,19,217.70988
-85.0,19,217.803979
-21.0,21,217.900821
-15.0,15,217.973963
-23.0,23,218.10744
-26.0,26,218.273192
-20.0,20,218.409472
-31.0,20,218.56047
-16.0,16,218.675358
-64.0,20,218.810432
-13.0,13,218.880644
-19.0,19,218.995931
-17.0,17,219.087009
-28.0,17,219.180192
-15.0,15,219.271247
-26.0,26,219.430257
-21.0,21,219.583563
-145.0,24,219.759959
-18.0,18,219.893466
-18.0,18,220.0142
-84.0,18,220.119512
-18.0,18,220.235323
-21.0,21,220.386482
-141.0,20,220.508814
-26.0,26,220.677112
-73.0,18,220.785065
-18.0,18,220.898222
-21.0,21,221.036269
-15.0,15,221.142287
-21.0,21,221.270133
-137.0,27,221.442293
-26.0,26,221.57489
-18.0,18,221.692144
-30.0,30,221.885506
-154.0,22,222.020417
-15.0,15,222.121186
-17.0,17,222.226849
-60.0,16,222.32638
-22.0,22,222.459765
-23.0,23,222.595613
-228.0,30,222.784592
-41.0,19,222.892296
-30.0,30,223.064818
-20.0,20,223.224252
-24.0,24,223.358169
-13.0,13,223.445199
-15.0,15,223.552619
-25.0,25,223.691685
-26.0,26,223.887683
-15.0,15,223.986051
-15.0,15,224.083894
-17.0,17,224.207259
-131.0,21,224.341728
-17.0,17,224.456923
-16.0,16,224.568787
-95.0,18,224.704695
-29.0,29,224.877766
-23.0,23,225.020789
-27.0,16,225.132545
-49.0,16,225.24195
-138.0,17,225.367779
-23.0,23,225.51538
-15.0,15,225.622485
-35.0,13,225.701345
-11.0,11,225.790991
-11.0,11,225.85747
-14.0,14,225.951429
-21.0,21,226.077221
-61.0,17,226.177708
-20.0,20,226.299808
-22.0,22,226.417559
-22.0,22,226.600395
-16.0,16,226.694928
-16.0,16,226.814199
-14.0,14,226.931813
-16.0,16,227.029781
-18.0,18,227.123944
-17.0,17,227.211713
-16.0,16,227.316245
-14.0,14,227.39719
-19.0,19,227.531639
-35.0,24,227.688449
-19.0,19,227.818066
-23.0,23,227.957907
-15.0,15,228.053271
-19.0,19,228.174139
-15.0,15,228.262213
-22.0,22,228.405422
-60.0,16,228.52082
-15.0,15,228.623968
-18.0,18,228.736955
-13.0,13,228.817536
-14.0,14,228.925321
-13.0,13,229.006807
-24.0,24,229.153903
-19.0,19,229.251703
-16.0,16,229.367761
-16.0,16,229.469399
-7.0,7,229.515736
-19.0,19,229.649186
-16.0,16,229.748558
-21.0,21,229.881948
-42.0,20,230.00913
-32.0,21,230.14428
-14.0,14,230.232386
-22.0,22,234.361017
-21.0,21,234.50526
-17.0,17,234.630099
-18.0,18,234.765178
-41.0,19,234.906297
-38.0,16,234.994397
-18.0,18,235.110962
-16.0,16,235.20303
-18.0,18,235.306623
-21.0,21,235.486433
-16.0,16,235.654391
-15.0,15,235.784038
-159.0,16,235.894183
-18.0,18,236.035774
-22.0,22,236.236045
-16.0,16,236.370003
-22.0,22,236.555428
-13.0,13,236.684217
-26.0,26,236.833977
-16.0,16,236.962128
-31.0,20,237.123479
-13.0,13,237.219602
-58.0,14,237.302449
-70.0,15,237.398887
-18.0,18,237.529989
-18.0,18,237.693419
-18.0,18,237.846217
-40.0,18,237.99432
-17.0,17,238.123104
-23.0,23,238.269076
-16.0,16,238.410154
-13.0,13,238.479681
-21.0,21,238.587781
-19.0,19,238.74016
-17.0,17,238.908226
-13.0,13,239.021101
-13.0,13,239.135442
-16.0,16,239.312897
-20.0,20,239.552895
-21.0,21,239.694171
-16.0,16,239.800944
-20.0,20,239.938034
-17.0,17,240.048533
-44.0,11,240.136241
-16.0,16,240.23661
-20.0,20,240.364121
-16.0,16,240.464151
-24.0,13,240.573777
-13.0,13,240.666479
-16.0,16,240.778455
-15.0,15,240.910783
-18.0,18,241.101607
-24.0,13,241.225272
-17.0,17,241.332107
-14.0,14,241.42113
-21.0,21,241.562999
-15.0,15,241.659961
-14.0,14,241.740157
-22.0,22,241.870712
-18.0,18,241.96052
-23.0,23,242.111391
-30.0,19,242.278096
-22.0,22,242.440573
-85.0,30,242.673254
-51.0,18,242.802946
-18.0,18,242.958113
-11.0,11,243.061335
-20.0,20,243.216772
-20.0,20,243.375567
-21.0,21,243.573102
-20.0,20,243.69537
-21.0,21,243.816724
-30.0,30,244.06985
-14.0,14,244.161389
-18.0,18,244.29393
-27.0,27,244.515287
-13.0,13,244.619555
-12.0,12,244.713182
-16.0,16,244.812698
-19.0,19,244.955691
-20.0,20,245.092476
-14.0,14,245.19645
-18.0,18,245.306462
-19.0,19,245.457084
-16.0,16,245.554231
-21.0,21,245.725434
-26.0,26,245.931378
-47.0,14,246.014182
-17.0,17,246.128654
-40.0,18,246.249612
-34.0,12,246.395178
-16.0,16,246.515344
-16.0,16,246.636165
-13.0,13,246.722965
-10.0,10,246.801882
-17.0,17,246.895602
-23.0,23,247.035714
-19.0,19,247.152526
-14.0,14,247.26583
-131.0,21,247.402957
-21.0,21,247.558358
-22.0,22,247.701788
-28.0,28,247.902034
-19.0,19,248.047648
-16.0,16,248.168194
-25.0,25,248.45184
-16.0,16,248.565483
-27.0,27,248.791742
-14.0,14,248.898606
-16.0,16,249.00011
-18.0,18,249.099775
-26.0,26,249.247874
-16.0,16,249.347279
-29.0,18,249.463441
-16.0,16,253.65139
-17.0,17,253.744598
-15.0,15,253.821635
-131.0,21,253.934819
-15.0,15,254.013667
-13.0,13,254.080364
-14.0,14,254.157033
-18.0,18,254.29448
-15.0,15,254.415764
-14.0,14,254.546072
-22.0,22,254.717779
-21.0,21,254.869505
-19.0,19,255.066526
-21.0,21,255.282073
-19.0,19,255.462817
-11.0,11,255.580796
-19.0,19,255.797771
-19.0,19,256.043726
-16.0,16,256.220387
-17.0,17,256.412361
-17.0,17,256.570042
-77.0,22,256.750508
-27.0,27,256.969655
-19.0,19,257.116128
-15.0,15,257.226956
-47.0,14,257.322216
-14.0,14,257.428895
-17.0,17,257.545135
-15.0,15,257.653235
-18.0,18,257.791393
-28.0,17,257.911035
-16.0,16,258.020532
-17.0,17,258.153898
-18.0,18,258.27693
-13.0,13,258.35199
-16.0,16,258.474041
-21.0,21,258.635975
-24.0,24,258.874434
-29.0,18,258.958526
-21.0,21,259.108086
-135.0,25,259.281818
-12.0,12,259.369582
-18.0,18,259.559704
-20.0,20,259.76099
-21.0,21,259.971748
-18.0,18,260.126422
-12.0,12,260.281796
-21.0,21,260.413156
-15.0,15,260.560323
-27.0,27,260.759205
-18.0,18,260.943796
-37.0,15,261.046074
-12.0,12,261.150234
-17.0,17,261.326405
-23.0,12,261.390021
-13.0,13,261.485792
-52.0,19,261.707002
-12.0,12,261.902084
-38.0,27,262.11142
-16.0,16,262.206405
-17.0,17,262.348084
-15.0,15,262.502476
-14.0,14,262.584446
-23.0,23,262.781114
-119.0,31,262.985435
-14.0,14,263.080299
-18.0,18,263.260896
-21.0,21,263.423245
-16.0,16,263.60886
-23.0,23,263.7828
-22.0,22,263.989458
-97.0,20,264.084167
-86.0,20,264.292009
-14.0,14,264.417367
-18.0,18,264.608024
-62.0,18,264.776684
-16.0,16,264.940888
-13.0,13,265.010501
-33.0,22,265.16488
-21.0,21,265.287258
-15.0,15,265.387524
-17.0,17,265.495599
-14.0,14,265.582479
-22.0,22,265.722867
-18.0,18,265.821006
-14.0,14,265.915405
-23.0,23,266.044361
-19.0,19,266.149175
-19.0,19,266.280281
-22.0,22,266.409772
-17.0,17,266.507834
-21.0,21,266.623186
-30.0,19,266.770989
-19.0,19,266.905133
-21.0,21,267.041321
-31.0,31,267.219838
-19.0,19,267.387585
-16.0,16,267.489206
-60.0,16,267.599107
-34.0,23,267.772723
-141.0,20,267.942546
-29.0,18,268.062343
-19.0,19,268.184139
-29.0,29,268.34252
-18.0,18,268.477341
-13.0,13,268.559544
-10.0,10,268.637394
-20.0,20,268.75531
-28.0,28,268.944403
-32.0,32,269.122728
-16.0,16,269.227051
-26.0,26,273.901901
-22.0,22,274.041898
-11.0,11,274.112
-17.0,17,274.233701
-16.0,16,274.336923
-17.0,17,274.446439
-104.0,16,274.564472
-18.0,18,274.678489
-15.0,15,274.748303
-24.0,24,274.906964
-24.0,24,275.105863
-18.0,18,275.222078
-11.0,9,275.292668
-35.0,35,275.515296
-90.0,24,275.678679
-19.0,19,275.79716
-13.0,13,275.887139
-12.0,12,275.976093
-21.0,21,276.13274
-26.0,15,276.228597
-71.0,16,276.311429
-14.0,14,276.395782
-18.0,18,276.521638
-41.0,19,276.659149
-15.0,15,276.758052
-22.0,22,276.868771
-16.0,16,276.986488
-59.0,15,277.088164
-13.0,13,277.181165
-15.0,15,277.29925
-25.0,25,277.483275
-24.0,24,277.633025
-26.0,26,277.838266
-22.0,22,277.975664
-18.0,18,278.101613
-58.0,14,278.202148
-16.0,16,278.305913
-22.0,22,278.432144
-18.0,18,278.537808
-108.0,20,278.657635
-14.0,14,278.755497
-12.0,12,278.850094
-73.0,18,278.981955
-82.0,16,279.085464
-13.0,13,279.194329
-21.0,21,279.357933
-26.0,26,279.507732
-16.0,16,279.62234
-22.0,22,279.758239
-12.0,12,279.852793
-78.0,23,280.005123
-40.0,18,280.109942
-43.0,21,280.236238
-23.0,23,280.37386
-13.0,13,280.463507
-84.0,18,280.586946
-16.0,16,280.721393
-20.0,20,280.832989
-20.0,20,280.9731
-24.0,24,281.093396
-17.0,17,281.197811
-46.0,24,281.331872
-16.0,16,281.412551
-17.0,17,281.54388
-19.0,19,281.688239
-16.0,16,281.785298
-15.0,15,281.889071
-15.0,15,282.001613
-22.0,22,282.122571
-29.0,29,282.326275
-18.0,18,282.440793
-69.0,14,282.542152
-10.0,10,282.62097
-18.0,18,282.754887
-16.0,16,282.88505
-16.0,16,282.965867
-25.0,25,283.116505
-21.0,21,283.255019
-18.0,18,283.357663
-13.0,13,283.430995
-16.0,16,283.546472
-13.0,13,283.643251
-17.0,17,283.748462
-22.0,22,283.8931
-15.0,15,284.017301
-18.0,18,284.145068
-17.0,17,284.258489
-16.0,16,284.373323
-12.0,12,284.452326
-16.0,16,284.560261
-15.0,15,284.66501
-17.0,17,284.768675
-29.0,29,284.918605
-13.0,13,285.031472
-23.0,23,285.221042
-112.0,24,285.345039
-21.0,21,285.489694
-14.0,14,285.5994
-54.0,21,285.722442
-28.0,28,285.896512
-13.0,13,285.96233
-15.0,15,286.052372
-20.0,20,286.200898
-32.0,21,286.335404
-15.0,15,286.440396
-27.0,16,286.566322
-23.0,23,286.680112
-69.0,14,286.794049
-17.0,17,286.905092
-19.0,19,287.010703
-14.0,14,287.100749
-20.0,20,287.214136
-15.0,15,287.297799
-16.0,16,291.400734
-17.0,17,291.478174
-22.0,22,291.577119
-14.0,14,291.641702
-22.0,22,291.774623
-23.0,23,291.881279
-25.0,25,292.038192
-25.0,25,292.194884
-15.0,15,292.320835
-14.0,14,292.447508
-18.0,18,292.598076
-100.0,23,292.743193
-20.0,20,292.859957
-18.0,18,293.001796
-17.0,17,293.159911
-27.0,27,293.3666
-13.0,13,293.446617
-17.0,17,293.559979
-14.0,14,293.639885
-12.0,12,293.702967
-31.0,20,293.858443
-146.0,25,294.020686
-22.0,22,294.164749
-65.0,21,294.304584
-21.0,21,294.457034
-16.0,16,294.564299
-72.0,17,294.662786
-16.0,16,294.743551
-26.0,15,294.837139
-13.0,13,294.935282
-19.0,19,295.085574
-15.0,15,295.176367
-19.0,19,295.307811
-11.0,11,295.384492
-23.0,23,295.555588
-17.0,17,295.68725
-17.0,17,295.777659
-15.0,15,295.864169
-18.0,18,295.979174
-60.0,16,296.092075
-105.0,17,296.203487
-116.0,17,296.345618
-16.0,16,296.458907
-19.0,19,296.601875
-18.0,18,296.756342
-19.0,19,296.91608
-14.0,14,296.993185
-24.0,24,297.109924
-14.0,14,297.199269
-14.0,14,297.280951
-16.0,16,297.412596
-19.0,19,297.536115
-20.0,20,297.647629
-21.0,21,297.803469
-28.0,28,297.963458
-20.0,20,298.071709
-13.0,13,298.171136
-18.0,18,298.304125
-13.0,13,298.376261
-16.0,16,298.466666
-16.0,16,298.580318
-20.0,20,298.726758
-19.0,19,298.857858
-19.0,19,298.990124
-22.0,22,299.150698
-16.0,16,299.267777
-57.0,13,299.36147
-26.0,15,299.438262
-13.0,13,299.512242
-29.0,18,299.624857
-37.0,15,299.729403
-21.0,21,299.847539
-16.0,16,299.941962
-15.0,15,300.045725
-28.0,17,300.159171
-21.0,21,300.327471
-14.0,14,300.417399
-17.0,17,300.504317
-20.0,20,300.6245
-15.0,15,300.721308
-24.0,24,300.854194
-19.0,19,300.957985
-15.0,15,301.046652
-22.0,22,301.200789
-19.0,19,301.329505
-15.0,15,301.440118
-17.0,17,301.563702
-20.0,20,301.684248
-11.0,11,301.770697
-16.0,16,301.875465
-13.0,13,301.960641
-97.0,20,302.095737
-16.0,16,302.20421
-27.0,16,302.30616
-21.0,21,302.450843
-14.0,14,302.55801
-21.0,21,302.674128
-17.0,17,302.792926
-15.0,15,302.895357
-16.0,16,302.988753
-13.0,13,303.088953
-17.0,17,303.203953
-17.0,17,303.336009
-21.0,21,303.478412
-14.0,14,303.577548
-17.0,17,303.715849
-17.0,17,303.843112
-24.0,24,304.004812
-12.0,12,304.077683
-18.0,18,304.169024
-129.0,19,304.26146
-35.0,24,304.430925
-40.0,18,304.558608
-31.0,31,304.75385
-17.0,17,304.875473
-18.0,18,308.937902
-24.0,24,309.079195
-18.0,18,309.167285
-19.0,19,309.25123
-19.0,19,309.335295
-19.0,19,309.441868
-21.0,21,309.551571
-25.0,25,309.676794
-28.0,28,309.888749
-30.0,30,310.051122
-26.0,15,310.155021
-19.0,19,310.27887
-15.0,15,310.380843
-23.0,23,310.545937
-33.0,33,310.720475
-21.0,21,310.828836
-18.0,18,310.93189
-21.0,21,311.076375
-14.0,14,311.148986
-14.0,14,311.247705
-16.0,16,311.352046
-29.0,18,311.474205
-15.0,15,311.57853
-23.0,23,311.698043
-23.0,23,311.813055
-183.0,18,311.915277
-35.0,13,312.008695
-17.0,17,312.119697
-24.0,24,312.256818
-16.0,16,312.362144
-47.0,14,312.443914
-47.0,14,312.523934
-18.0,18,312.630339
-26.0,26,312.807385
-16.0,16,312.889523
-22.0,22,313.017949
-29.0,18,313.148636
-20.0,20,313.275739
-14.0,14,313.379594
-27.0,16,313.488368
-213.0,26,313.640233
-14.0,14,313.746292
-14.0,14,313.840009
-13.0,13,313.935309
-20.0,20,314.077456
-16.0,16,314.185178
-21.0,21,314.376028
-17.0,17,314.485961
-15.0,15,314.570676
-16.0,16,314.65166
-13.0,13,314.747685
-55.0,22,314.901439
-15.0,15,314.999008
-22.0,22,315.166519
-64.0,20,315.306945
-14.0,14,315.404381
-17.0,17,315.501083
-28.0,28,315.692852
-16.0,16,315.819525
-24.0,24,315.979968
-17.0,17,316.118802
-21.0,21,316.276967
-23.0,23,316.413733
-23.0,23,316.563968
-18.0,18,316.699392
-105.0,17,316.80806
-40.0,18,316.908531
-14.0,14,317.012668
-16.0,16,317.138246
-18.0,18,317.253672
-16.0,16,317.395732
-19.0,19,317.590151
-26.0,26,317.784632
-23.0,23,317.929265
-21.0,21,318.080235
-18.0,18,318.221144
-24.0,24,318.394145
-17.0,17,318.513644
-15.0,15,318.631146
-14.0,14,318.756417
-20.0,20,318.90794
-22.0,22,319.06525
-17.0,17,319.222283
-17.0,17,319.378164
-24.0,24,319.630113
-27.0,27,319.899263
-20.0,20,320.06111
-18.0,18,320.202172
-15.0,15,320.326598
-19.0,19,320.472566
-20.0,20,320.673434
-70.0,15,320.822606
-14.0,14,320.92636
-15.0,15,321.044302
-153.0,21,321.2426
-131.0,32,321.651054
-19.0,19,321.831685
-14.0,14,321.931795
-29.0,29,322.141745
-16.0,16,322.244546
-17.0,17,322.389894
-12.0,12,322.476502
-68.0,24,322.632654
-22.0,22,322.778681
-18.0,18,322.901762
-16.0,16,322.985149
-22.0,22,323.122863
-28.0,28,327.6814
-23.0,23,327.901787
-18.0,18,328.07987
-23.0,23,328.252184
-48.0,37,328.552607
-19.0,19,328.747197
-26.0,26,328.934541
-19.0,19,329.033375
-18.0,18,329.16708
-34.0,23,329.336819
-24.0,24,329.483349
-34.0,12,329.572653
-21.0,21,329.720861
-18.0,18,329.819612
-20.0,20,329.968803
-15.0,15,330.082229
-16.0,16,330.198283
-48.0,15,330.282977
-26.0,26,330.489853
-16.0,16,330.628107
-16.0,16,330.767616
-23.0,23,330.908453
-14.0,14,330.99209
-20.0,20,331.09375
-17.0,17,331.201674
-61.0,17,331.326418
-20.0,20,331.458278
-23.0,23,331.630733
-33.0,33,331.827182
-22.0,22,331.984555
-17.0,17,332.0706
-29.0,29,332.228895
-21.0,21,332.35261
-11.0,11,332.436492
-16.0,16,332.5473
-23.0,23,332.663143
-15.0,15,332.74781
-13.0,13,332.824247
-17.0,17,332.956151
-140.0,19,333.048399
-13.0,13,333.126094
-19.0,19,333.260957
-33.0,33,333.461716
-19.0,19,333.608953
-49.0,16,333.714175
-26.0,26,333.887947
-25.0,25,334.090462
-20.0,20,334.2168
-11.0,11,334.286212
-15.0,15,334.373085
-20.0,20,334.50925
-22.0,22,334.661121
-55.0,22,334.79679
-29.0,29,334.997281
-15.0,15,335.08464
-76.0,21,335.233365
-18.0,18,335.36183
-16.0,16,335.468491
-16.0,16,335.555078
-16.0,16,335.669209
-18.0,18,335.775561
-13.0,13,335.85357
-23.0,23,336.002851
-22.0,22,336.141861
-16.0,16,336.223759
-14.0,14,336.304411
-171.0,28,336.485661
-20.0,20,336.626738
-24.0,24,336.786276
-16.0,16,336.871774
-24.0,24,337.032529
-18.0,18,337.136363
-21.0,21,337.2732
-15.0,15,337.373725
-134.0,46,337.739396
-22.0,22,337.848967
-17.0,17,337.9461
-17.0,17,338.067253
-39.0,39,338.357416
-14.0,14,338.482204
-31.0,31,338.735059
-48.0,15,338.986079
-18.0,18,339.143757
-23.0,23,339.334929
-15.0,15,339.458738
-16.0,14,339.578735
-20.0,20,339.734675
-17.0,17,339.873637
-12.0,12,339.984966
-30.0,30,340.223414
-20.0,20,340.386548
-20.0,20,340.539282
-23.0,23,340.724705
-13.0,13,340.827517
-59.0,15,340.950279
-15.0,15,341.077616
-17.0,17,341.254123
-19.0,19,341.36456
-21.0,21,341.529483
-15.0,15,341.658524
-53.0,20,341.812428
-54.0,21,342.018737
-18.0,18,342.19367
-14.0,14,347.080889
-34.0,34,347.307043
-70.0,15,347.389536
-38.0,27,347.545503
-29.0,18,347.657791
-27.0,27,347.824255
-20.0,20,347.940881
-20.0,20,348.12814
-16.0,16,348.271608
-23.0,23,348.591702
-60.0,16,348.727531
-20.0,20,348.859164
-15.0,15,348.983617
-10.0,10,349.05689
-15.0,15,349.14813
-29.0,18,349.301378
-30.0,30,349.463835
-18.0,18,349.605647
-18.0,18,349.757381
-11.0,11,349.855209
-23.0,23,350.029471
-46.0,13,350.113762
-27.0,27,350.261699
-21.0,21,350.431635
-10.0,10,350.507309
-24.0,13,350.609715
-22.0,22,350.765501
-18.0,18,350.873795
-13.0,13,350.956936
-25.0,25,351.143825
-18.0,18,351.270597
-25.0,25,351.438765
-18.0,18,351.527884
-14.0,14,351.630839
-51.0,18,351.752728
-27.0,16,351.837298
-21.0,21,351.972177
-20.0,20,352.1022
-19.0,19,352.213034
-77.0,22,352.350339
-16.0,16,352.470789
-16.0,16,352.596792
-14.0,14,352.676214
-13.0,13,352.754692
-67.0,12,352.84753
-15.0,15,352.932302
-20.0,20,353.061177
-19.0,19,353.183787
-30.0,30,353.383635
-42.0,31,353.586288
-32.0,32,353.762032
-24.0,24,353.908283
-58.0,14,354.012883
-12.0,12,354.075922
-17.0,17,354.161014
-26.0,15,354.233688
-17.0,17,354.338246
-14.0,14,354.423097
-14.0,14,354.510715
-23.0,23,354.626103
-163.0,20,354.717278
-24.0,24,354.891906
-22.0,22,355.04376
-35.0,35,355.279274
-23.0,23,355.446657
-17.0,17,355.589932
-20.0,20,355.731537
-52.0,19,355.8728
-20.0,20,355.969249
-19.0,19,356.062102
-23.0,23,356.193304
-13.0,13,356.274584
-13.0,13,356.345638
-15.0,15,356.426356
-58.0,14,356.546
-18.0,18,356.704144
-23.0,23,356.861403
-50.0,17,356.976106
-22.0,22,357.136422
-19.0,19,357.284766
-15.0,15,357.397641
-21.0,21,357.53031
-27.0,27,357.718713
-31.0,31,357.934283
-13.0,13,358.028647
-18.0,18,358.1517
-18.0,18,358.272086
-24.0,24,358.42723
-17.0,17,358.52443
-37.0,15,358.604461
-21.0,21,358.769753
-32.0,32,358.991475
-21.0,21,359.154024
-22.0,18,359.260525
-17.0,17,359.372417
-95.0,18,359.478108
-28.0,28,359.635581
-20.0,20,359.760309
-17.0,17,359.897143
-18.0,18,360.049801
-22.0,22,360.26172
-13.0,13,360.383949
-30.0,30,360.679856
-13.0,13,360.820174
-47.0,14,360.941571
-32.0,32,365.250012
-15.0,15,365.381673
-30.0,19,365.545205
-25.0,25,365.74311
-18.0,18,365.877251
-32.0,32,366.126256
-21.0,21,366.272787
-17.0,17,366.417448
-15.0,15,366.543099
-18.0,18,366.70474
-26.0,26,366.893426
-32.0,21,367.055152
-20.0,20,367.217123
-13.0,13,367.330551
-19.0,19,367.51671
-19.0,19,367.712838
-43.0,43,368.034485
-18.0,18,368.191667
-19.0,19,368.332089
-26.0,26,368.571728
-34.0,34,368.873258
-14.0,14,368.959235
-21.0,21,369.058904
-17.0,17,369.243946
-14.0,14,369.355806
-12.0,12,369.43907
-29.0,29,369.638798
-20.0,20,369.791134
-58.0,25,369.974556
-15.0,15,370.052549
-36.0,36,370.383973
-49.0,16,370.485111
-17.0,17,370.589242
-62.0,29,370.773317
-15.0,15,370.88738
-55.0,22,371.060164
-25.0,25,371.283094
-17.0,17,371.39431
-24.0,24,371.533315
-22.0,22,371.691133
-25.0,25,371.8873
-19.0,19,372.037489
-30.0,30,372.251409
-37.0,37,372.465617
-22.0,22,372.63446
-22.0,22,372.77152
-16.0,16,372.912603
-20.0,20,373.021109
-19.0,19,373.131432
-20.0,20,373.277691
-14.0,14,373.361026
-17.0,17,373.469324
-16.0,16,373.60556
-19.0,19,373.748996
-31.0,31,374.063124
-30.0,19,374.210008
-28.0,28,374.380686
-20.0,20,374.507773
-34.0,34,374.680108
-22.0,22,374.823747
-17.0,17,374.922224
-25.0,25,375.075059
-23.0,23,375.212109
-112.0,24,375.366442
-29.0,29,375.558123
-17.0,17,375.678777
-18.0,18,375.81249
-30.0,30,376.085677
-24.0,24,376.319329
-46.0,13,376.400305
-19.0,19,376.556355
-17.0,17,376.684208
-23.0,23,376.952336
-21.0,21,377.118192
-33.0,33,377.312215
-28.0,17,377.451176
-15.0,15,377.582243
-20.0,20,377.771687
-55.0,22,377.878569
-30.0,30,378.11658
-23.0,23,378.225689
-24.0,24,378.377517
-18.0,18,378.560951
-24.0,24,378.793054
-20.0,20,378.895895
-17.0,17,379.038968
-20.0,20,379.236574
-17.0,17,379.448219
-65.0,21,379.633603
-20.0,20,379.804822
-19.0,19,379.947516
-14.0,14,380.047888
-23.0,23,380.198996
-12.0,12,380.299423
-11.0,11,380.363607
-16.0,16,380.487937
-24.0,24,380.673484
-20.0,20,385.249106
-24.0,24,385.373478
-17.0,17,385.45048
-17.0,17,385.538512
-25.0,25,385.704059
-14.0,14,385.786002
-15.0,15,385.881901
-16.0,16,386.029521
-23.0,23,386.23431
-50.0,17,386.380968
-25.0,25,386.558402
-60.0,16,386.713099
-14.0,14,386.806107
-18.0,18,386.906493
-19.0,19,387.017878
-19.0,19,387.145223
-18.0,18,387.25016
-25.0,25,387.391461
-28.0,28,387.551279
-24.0,24,387.722967
-23.0,23,387.866092
-12.0,12,387.938124
-20.0,20,388.082922
-12.0,12,388.169164
-24.0,24,388.329402
-28.0,28,388.5514
-18.0,18,388.667081
-22.0,22,388.823101
-26.0,26,389.005287
-30.0,19,389.13592
-32.0,21,389.281999
-29.0,29,389.461051
-18.0,18,389.572838
-86.0,20,389.677477
-22.0,22,389.815538
-18.0,18,389.946737
-23.0,23,390.121728
-43.0,32,390.409819
-20.0,20,390.515217
-38.0,16,390.618762
-22.0,22,390.7326
-16.0,16,390.850175
-61.0,17,390.976893
-20.0,20,391.101357
-24.0,24,391.260303
-18.0,18,391.399752
-29.0,29,391.608711
-17.0,17,391.699674
-35.0,24,391.853672
-41.0,19,391.950972
-97.0,20,392.047381
-18.0,18,392.136362
-115.0,16,392.241761
-16.0,16,392.355677
-14.0,14,392.451519
-50.0,17,392.578238
-23.0,23,392.743041
-17.0,17,392.881506
-29.0,29,393.064345
-18.0,18,393.170027
-24.0,24,393.350761
-15.0,15,393.459116
-16.0,16,393.582202
-15.0,15,393.702569
-88.0,22,393.828416
-17.0,17,393.931072
-18.0,18,394.06175
-70.0,26,394.224508
-37.0,37,394.453096
-20.0,20,394.55939
-13.0,13,394.665172
-36.0,36,394.906597
-15.0,15,394.982272
-18.0,18,395.073566
-20.0,20,395.172261
-27.0,27,395.303887
-15.0,15,395.407677
-22.0,22,395.590112
-18.0,18,395.703869
-87.0,21,395.859828
-18.0,18,395.948893
-14.0,14,396.059441
-23.0,23,396.210703
-28.0,28,396.381208
-25.0,25,396.532342
-79.0,24,396.692954
-29.0,29,396.886236
-25.0,25,397.031305
-21.0,21,397.156785
-28.0,17,397.294401
-46.0,13,397.388531
-28.0,28,397.584006
-30.0,30,397.86351
-27.0,27,398.036942
-22.0,22,398.169523
-20.0,20,398.291045
-33.0,33,398.529406
-24.0,24,398.703219
-15.0,15,403.146297
-16.0,16,403.228365
-30.0,19,403.320228
-30.0,19,403.457724
-27.0,27,403.607652
-22.0,22,403.719871
-25.0,25,403.853197
-21.0,21,403.988255
-19.0,19,404.12833
-15.0,15,404.206495
-23.0,23,404.352899
-42.0,42,404.590956
-18.0,18,404.734168
-17.0,17,404.866616
-18.0,18,404.973817
-63.0,19,405.085127
-21.0,21,405.208097
-15.0,15,405.296603
-19.0,19,405.410791
-38.0,38,405.631344
-27.0,16,405.735425
-18.0,18,405.845644
-16.0,16,405.93995
-53.0,20,406.041344
-31.0,31,406.241453
-28.0,28,406.395959
-17.0,17,406.517924
-26.0,26,406.731825
-22.0,22,406.859365
-26.0,26,406.99136
-24.0,24,407.150225
-21.0,21,407.269219
-24.0,24,407.42673
-21.0,21,407.562042
-64.0,31,407.75096
-19.0,19,407.889724
-26.0,26,408.036276
-39.0,17,408.132317
-57.0,13,408.212348
-16.0,16,408.315574
-16.0,16,408.412386
-21.0,21,408.541236
-43.0,21,408.644684
-17.0,17,408.764962
-37.0,37,409.030828
-21.0,21,409.171018
-23.0,23,409.338523
-26.0,26,409.474922
-27.0,27,409.653533
-15.0,15,409.748381
-47.0,47,410.028715
-21.0,21,410.149654
-32.0,32,410.328864
-23.0,23,410.466024
-34.0,34,410.651912
-20.0,20,410.780845
-12.0,12,410.865919
-15.0,15,410.973614
-22.0,22,411.112553
-23.0,23,411.265332
-32.0,32,411.44014
-25.0,25,411.592132
-24.0,24,411.761375
-21.0,21,411.909929
-26.0,26,412.080261
-15.0,15,412.191563
-25.0,25,412.348147
-19.0,19,412.471164
-18.0,18,412.629228
-13.0,13,412.722412
-39.0,39,412.976586
-17.0,17,413.069452
-27.0,16,413.188977
-22.0,22,413.304433
-14.0,14,413.414
-20.0,20,413.54026
-20.0,20,413.65569
-23.0,23,413.822912
-80.0,25,413.97028
-22.0,22,414.097733
-23.0,23,414.221516
-23.0,23,414.36286
-41.0,19,414.477681
-28.0,28,414.637111
-129.0,19,414.744116
-17.0,17,414.852137
-17.0,17,414.97665
-38.0,38,415.171178
-23.0,23,415.285469
-48.0,48,415.555627
-20.0,20,415.663166
-27.0,27,419.540415
-20.0,20,419.64519
-26.0,26,419.794848
-28.0,28,419.918047
-33.0,22,420.009552
-18.0,18,420.107161
-39.0,39,420.294235
-24.0,24,420.415545
-27.0,27,420.573861
-22.0,22,420.68937
-20.0,20,420.805321
-17.0,17,420.892935
-27.0,16,420.991575
-25.0,25,421.146214
-16.0,16,421.253424
-26.0,26,421.432056
-18.0,18,421.526542
-55.0,55,421.835499
-29.0,29,421.998356
-29.0,29,422.168015
-16.0,16,422.288881
-18.0,18,422.394023
-14.0,14,422.492726
-22.0,22,422.608905
-19.0,19,422.736048
-13.0,13,422.823745
-18.0,18,422.92101
-49.0,49,423.205134
-26.0,26,423.346711
-13.0,13,423.424406
-24.0,13,423.514153
-18.0,18,423.62263
-20.0,20,423.755954
-19.0,19,423.874502
-106.0,18,423.968614
-22.0,22,424.094784
-28.0,17,424.219362
-27.0,27,424.371915
-19.0,19,424.492039
-32.0,32,424.684498
-31.0,31,424.857409
-51.0,51,425.15884
-37.0,37,425.362123
-18.0,18,425.459261
-22.0,22,425.578438
-25.0,25,425.702088
-46.0,35,425.917722
-25.0,25,426.05955
-32.0,32,426.235116
-37.0,37,426.446852
-23.0,23,426.570771
-20.0,20,426.671621
-23.0,23,426.817334
-24.0,24,426.929754
-15.0,15,427.028562
-19.0,19,427.164717
-18.0,18,427.293774
-16.0,16,427.383138
-26.0,26,427.542844
-15.0,15,427.64412
-17.0,17,427.760125
-42.0,42,427.983755
-43.0,43,428.232259
-14.0,14,428.329015
-61.0,17,428.423767
-13.0,13,428.507052
-26.0,26,428.650257
-36.0,25,428.804842
-24.0,13,428.877453
-26.0,26,429.022203
-44.0,11,429.083622
-22.0,22,429.229768
-35.0,35,429.434256
-24.0,24,429.561519
-28.0,28,429.74507
-21.0,21,429.858267
-26.0,15,429.9392
-29.0,29,430.097508
-13.0,13,430.170382
-16.0,16,430.297967
-24.0,24,430.424767
-23.0,23,430.577503
-26.0,26,430.702026
-14.0,14,430.78694
-30.0,19,430.921558
-25.0,25,431.094409
-19.0,19,431.199901
-35.0,35,435.163122
-25.0,25,435.327377
-20.0,20,435.414416
-79.0,35,435.602735
-178.0,35,435.783711
-19.0,19,435.868442
-24.0,24,436.012958
-19.0,19,436.161928
-17.0,17,436.276914
-33.0,33,436.487417
-19.0,19,436.613889
-14.0,14,436.703007
-67.0,23,436.829067
-16.0,16,436.935121
-17.0,17,437.038838
-19.0,19,437.166063
-39.0,39,437.384898
-42.0,20,437.513157
-13.0,13,437.623955
-33.0,33,437.818556
-24.0,24,437.976666
-17.0,17,438.069216
-27.0,27,438.248639
-23.0,23,438.406836
-88.0,22,438.553514
-19.0,19,438.649703
-14.0,14,438.745827
-19.0,19,438.876399
-21.0,21,439.021979
-28.0,28,439.212822
-23.0,23,439.344062
-20.0,20,439.468853
-20.0,20,439.594108
-21.0,21,439.766402
-140.0,19,439.907702
-207.0,31,440.095368
-19.0,19,440.247763
-17.0,17,440.367321
-26.0,26,440.532892
-14.0,14,440.631587
-19.0,19,440.737129
-25.0,25,440.884127
-26.0,26,441.052735
-24.0,24,441.227565
-22.0,22,441.348466
-35.0,35,441.586129
-21.0,21,441.732334
-29.0,29,441.899258
-21.0,21,442.017897
-30.0,30,442.197588
-26.0,26,442.353637
-49.0,49,442.62545
-50.0,50,442.909416
-27.0,16,443.021224
-24.0,24,443.162854
-29.0,29,443.352433
-17.0,17,443.471753
-16.0,16,443.58159
-21.0,21,443.710209
-16.0,16,443.794906
-17.0,17,443.900394
-20.0,20,444.011898
-19.0,19,444.137805
-23.0,23,444.276613
-33.0,33,444.459359
-38.0,16,444.541534
-20.0,20,444.652856
-33.0,33,444.870826
-26.0,26,445.017063
-23.0,23,445.158853
-116.0,28,445.384206
-28.0,28,445.582084
-30.0,30,445.765431
-30.0,30,445.966513
-21.0,21,446.079788
-48.0,15,446.164488
-51.0,51,446.527436
-26.0,26,446.679736
-17.0,17,446.80683
-26.0,26,446.984425
-13.0,13,447.093186
-15.0,15,447.192588
-19.0,19,447.333309
-23.0,23,447.477087
-22.0,22,447.621904
-22.0,22,447.734736
-12.0,12,447.817178
-25.0,25,447.954734
-19.0,19,451.78872
-25.0,25,451.940548
-29.0,29,452.070442
-17.0,17,452.172165
-22.0,22,452.285791
-36.0,36,452.452576
-27.0,27,452.631057
-22.0,22,452.740106
-29.0,29,452.906426
-24.0,24,453.060525
-20.0,20,453.212862
-21.0,21,453.339075
-41.0,41,453.546754
-22.0,22,453.684957
-33.0,33,453.897959
-31.0,31,454.081329
-13.0,13,454.191524
-12.0,12,454.265123
-20.0,20,454.374872
-48.0,48,454.675143
-27.0,27,454.850195
-17.0,17,454.94713
-28.0,28,455.10249
-17.0,17,455.236433
-31.0,20,455.379138
-33.0,33,455.570498
-17.0,17,455.664449
-34.0,34,455.846636
-34.0,23,455.984442
-21.0,21,456.109554
-33.0,33,456.309458
-22.0,22,456.45545
-16.0,16,456.547623
-46.0,46,456.8229
-17.0,17,456.929832
-23.0,23,457.051801
-19.0,19,457.204389
-28.0,28,457.372328
-41.0,41,457.603273
-17.0,17,457.741362
-19.0,19,457.868254
-20.0,20,458.015795
-23.0,23,458.140278
-12.0,12,458.207688
-42.0,42,458.477366
-36.0,36,458.675457
-16.0,16,458.764236
-25.0,25,458.917284
-27.0,27,459.103727
-28.0,28,459.300406
-32.0,21,459.425942
-16.0,16,459.536081
-22.0,22,459.667539
-27.0,27,459.858646
-17.0,17,460.008188
-22.0,22,460.149987
-24.0,24,460.315398
-43.0,43,460.5755
-16.0,16,460.66226
-30.0,30,460.842842
-28.0,17,460.927344
-51.0,29,461.183824
-26.0,26,461.425133
-29.0,29,461.708327
-20.0,20,461.89826
-27.0,27,462.122616
-27.0,27,462.30001
-40.0,40,462.521059
-21.0,21,462.667806
-69.0,25,462.89206
-30.0,30,463.105891
-27.0,27,463.310567
-93.0,16,463.451164
-22.0,22,463.619895
-41.0,41,463.909358
-19.0,19,464.021494
-39.0,17,464.136096
-26.0,15,464.212795
-30.0,30,464.381389
-34.0,34,464.618212
-53.0,31,464.827629
-14.0,14,464.918772
-50.0,50,468.974032
-18.0,18,469.087671
-17.0,17,469.192694
-25.0,25,469.306363
-19.0,19,469.407235
-30.0,30,469.599809
-27.0,27,469.761717
-34.0,34,469.974203
-23.0,23,470.10592
-27.0,27,470.275975
-25.0,25,470.439539
-21.0,21,470.591981
-67.0,23,470.771863
-30.0,30,470.995457
-19.0,19,471.175077
-44.0,44,471.490726
-17.0,17,471.626802
-20.0,20,471.791539
-47.0,14,471.915223
-22.0,22,472.080326
-11.0,11,472.164272
-25.0,25,472.299227
-29.0,29,472.474743
-23.0,23,472.640887
-21.0,21,472.769658
-22.0,22,472.98197
-28.0,28,473.136548
-16.0,16,473.238327
-22.0,22,473.405401
-19.0,19,473.523809
-21.0,21,473.669791
-20.0,20,473.778306
-25.0,25,473.910572
-28.0,28,474.059184
-33.0,33,474.210385
-42.0,42,474.454282
-19.0,19,474.558658
-25.0,25,474.720323
-49.0,16,474.828835
-40.0,40,475.051047
-20.0,20,475.200578
-19.0,19,475.323637
-22.0,22,475.436168
-29.0,29,475.605386
-25.0,25,475.754653
-55.0,55,476.086957
-29.0,29,476.270633
-21.0,21,476.409065
-71.0,38,476.641473
-18.0,18,476.736296
-12.0,12,476.829765
-16.0,16,476.92409
-25.0,25,477.077711
-37.0,37,477.328184
-19.0,19,477.431424
-112.0,35,477.645529
-23.0,23,477.771742
-22.0,22,477.908314
-19.0,19,478.037585
-23.0,23,478.17766
-20.0,20,478.316852
-50.0,50,478.647902
-19.0,19,478.752746
-32.0,32,478.96637
-21.0,21,479.108825
-30.0,30,479.275604
-25.0,25,479.442395
-23.0,23,479.575566
-22.0,11,479.642364
-22.0,22,479.766945
-21.0,21,479.906007
-29.0,29,480.054564
-24.0,24,480.202049
-14.0,14,480.286761
-37.0,37,480.479319
-33.0,33,480.682154
-49.0,49,480.957861
-19.0,19,481.068327
-26.0,26,481.220293
-27.0,27,481.382551
-131.0,43,485.718117
-27.0,27,485.894171
-31.0,31,486.048407
-27.0,27,486.218711
-37.0,37,486.49507
-24.0,24,486.693796
-35.0,35,486.952157
-17.0,17,487.082092
-27.0,27,487.339844
-35.0,35,487.684833
-16.0,16,487.902582
-33.0,33,488.147203
-29.0,29,488.454925
-23.0,23,488.667668
-18.0,18,488.833744
-18.0,18,488.988082
-19.0,19,489.14513
-24.0,24,489.369367
-15.0,15,489.4438
-33.0,33,489.615774
-36.0,25,489.771452
-30.0,30,489.990573
-25.0,25,490.150307
-35.0,35,490.389317
-65.0,65,490.768042
-18.0,18,490.888469
-23.0,23,491.062184
-52.0,52,491.453771
-27.0,27,491.66571
-32.0,32,491.948267
-17.0,17,492.045854
-12.0,12,492.142613
-17.0,17,492.262856
-41.0,41,492.550297
-25.0,25,492.744261
-26.0,26,492.994997
-50.0,50,493.440684
-40.0,40,493.704528
-36.0,36,494.055914
-21.0,21,494.2769
-19.0,19,494.430141
-22.0,22,494.640935
-70.0,15,494.783567
-26.0,26,494.957976
-29.0,29,495.156742
-58.0,58,495.514894
-62.0,40,495.844729
-17.0,17,495.960436
-39.0,39,496.204631
-48.0,48,496.58702
-51.0,18,496.711444
-36.0,36,497.02902
-28.0,28,497.177781
-42.0,42,497.411158
-22.0,22,497.635944
-21.0,21,497.753996
-36.0,36,497.936532
-19.0,19,498.038713
-37.0,37,498.412704
-28.0,28,498.644221
-39.0,39,498.872479
-27.0,27,499.024769
-30.0,30,499.244194
-26.0,26,499.450469
-32.0,32,499.647025
-46.0,46,499.915452
-32.0,32,500.21414
-19.0,19,500.336329
-24.0,24,500.486808
-31.0,31,500.671736
-82.0,16,500.798791
-31.0,31,505.022476
-33.0,33,505.17309
-21.0,21,505.275949
-26.0,26,505.425742
-47.0,47,505.683726
-22.0,22,505.82661
-39.0,39,506.158889
-29.0,29,506.328839
-23.0,23,506.470337
-21.0,21,506.587008
-16.0,16,506.700133
-26.0,26,506.867984
-23.0,23,507.040678
-30.0,30,507.209298
-22.0,22,507.362891
-21.0,21,507.470027
-21.0,21,507.60433
-41.0,41,507.910727
-16.0,16,508.047907
-42.0,42,508.421898
-30.0,30,508.659127
-22.0,22,508.766151
-15.0,15,508.85675
-24.0,24,509.000726
-46.0,46,509.265353
-32.0,32,509.492774
-24.0,24,509.659271
-31.0,31,509.824908
-27.0,27,509.987196
-18.0,18,510.100861
-15.0,15,510.201849
-18.0,18,510.322881
-52.0,52,510.646616
-32.0,32,510.876251
-26.0,26,511.037891
-16.0,16,511.122797
-15.0,15,511.1996
-26.0,26,511.350207
-37.0,37,511.542742
-57.0,57,511.829927
-15.0,15,511.925895
-23.0,23,512.063399
-21.0,21,512.178225
-34.0,34,512.397927
-39.0,39,512.610429
-18.0,18,512.712062
-15.0,15,512.794799
-36.0,36,512.999478
-22.0,22,513.131186
-32.0,21,513.24693
-29.0,29,513.434769
-43.0,43,513.660356
-76.0,76,514.063527
-29.0,29,514.260112
-32.0,32,514.435991
-71.0,71,514.848591
-21.0,21,515.028004
-32.0,21,515.162442
-19.0,19,515.260574
-19.0,19,515.372534
-16.0,16,515.480044
-14.0,14,515.608427
-134.0,134,516.465822
-40.0,40,516.761438
-55.0,55,517.17504
-21.0,21,517.33938
-27.0,27,517.560087
-26.0,15,517.678828
-25.0,25,522.181088
-35.0,13,522.263195
-30.0,30,522.423427
-24.0,24,522.589424
-30.0,30,522.760406
-23.0,23,522.887145
-39.0,39,523.127697
-25.0,25,523.254579
-23.0,23,523.412809
-16.0,16,523.500021
-26.0,26,523.633201
-23.0,23,523.750644
-39.0,39,523.971715
-12.0,12,524.045941
-28.0,28,524.216033
-25.0,25,524.355939
-21.0,21,524.484075
-22.0,22,524.625252
-26.0,26,524.799129
-15.0,15,524.87524
-21.0,21,524.996933
-34.0,23,525.125084
-96.0,96,525.713465
-57.0,57,526.135943
-30.0,30,526.325019
-23.0,23,526.457065
-48.0,48,526.710402
-18.0,18,526.82608
-79.0,24,526.953577
-14.0,14,527.055508
-17.0,17,527.156147
-14.0,14,527.249794
-18.0,18,527.407671
-30.0,30,527.63131
-27.0,27,527.796484
-18.0,18,527.891523
-29.0,29,528.071391
-32.0,32,528.268273
-15.0,15,528.359787
-22.0,22,528.480896
-38.0,38,528.70452
-33.0,33,528.898734
-29.0,29,529.047161
-44.0,44,529.303191
-15.0,15,529.400156
-37.0,37,529.586221
-33.0,33,529.75397
-20.0,20,529.882601
-42.0,42,530.126299
-34.0,34,530.333325
-40.0,40,530.558854
-24.0,24,530.708377
-32.0,32,530.888496
-53.0,53,531.287073
-51.0,29,531.42681
-36.0,36,531.630683
-34.0,34,531.905792
-22.0,22,532.016819
-37.0,37,532.229662
-65.0,65,532.601616
-38.0,38,532.873723
-29.0,18,532.971964
-20.0,20,533.078487
-39.0,39,533.335172
-25.0,25,533.525532
-41.0,41,533.743506
-20.0,20,533.866932
-34.0,34,534.050617
-63.0,19,534.172238
-36.0,36,534.386054
-44.0,44,538.760034
-28.0,28,538.927379
-30.0,30,539.087331
-49.0,49,539.348778
-50.0,50,539.614285
-25.0,25,539.796099
-22.0,22,539.911547
-19.0,19,540.013335
-43.0,43,540.22918
-23.0,23,540.350196
-12.0,12,540.430952
-28.0,28,540.589419
-22.0,22,540.734914
-28.0,28,540.910827
-41.0,41,541.140144
-16.0,16,541.2321
-290.0,37,541.43148
-22.0,22,541.59069
-109.0,21,541.718057
-27.0,27,541.930486
-35.0,24,542.156123
-51.0,51,542.610767
-32.0,32,542.881776
-21.0,21,543.053216
-24.0,24,543.187528
-36.0,36,543.478304
-25.0,25,543.628866
-39.0,39,543.896978
-57.0,57,544.288199
-20.0,20,544.40613
-34.0,34,544.659899
-32.0,32,544.840843
-29.0,29,544.98329
-34.0,34,545.179919
-29.0,29,545.377393
-47.0,47,545.644585
-43.0,43,545.908033
-35.0,35,546.121973
-19.0,19,546.229998
-27.0,27,546.382243
-24.0,24,546.521725
-38.0,38,546.743796
-26.0,26,546.909008
-120.0,21,547.020276
-43.0,43,547.266274
-29.0,29,547.453345
-20.0,20,547.58574
-21.0,21,547.722082
-30.0,30,547.905284
-24.0,24,548.038013
-23.0,23,548.152886
-40.0,40,548.479147
-49.0,49,548.75304
-29.0,29,548.933872
-44.0,44,549.159827
-35.0,35,549.351163
-32.0,32,549.549457
-36.0,14,549.638236
-17.0,17,549.740648
-49.0,49,550.033948
-49.0,49,550.331449
-52.0,30,550.52892
-19.0,19,550.657273
-21.0,21,550.822495
-33.0,33,551.037571
-54.0,21,551.178474
-45.0,45,555.588859
-52.0,52,555.869313
-36.0,36,556.077103
-62.0,18,556.157248
-26.0,26,556.285629
-33.0,33,556.445297
-32.0,32,556.613527
-27.0,27,556.753626
-16.0,16,556.829195
-27.0,27,556.977855
-25.0,25,557.139984
-24.0,24,557.290602
-62.0,62,557.632256
-30.0,30,557.802962
-41.0,41,558.012327
-17.0,17,558.100245
-17.0,17,558.185768
-35.0,35,558.403346
-23.0,23,558.616623
-28.0,28,558.794787
-50.0,50,559.018445
-68.0,68,559.328961
-38.0,38,559.504093
-18.0,18,559.612677
-30.0,30,559.842632
-30.0,30,560.052076
-27.0,27,560.179762
-47.0,47,560.434727
-52.0,52,560.76894
-28.0,28,560.926594
-41.0,41,561.164279
-44.0,44,561.407517
-27.0,27,561.580087
-35.0,35,561.794397
-22.0,22,561.914168
-17.0,17,561.994699
-19.0,19,562.102079
-31.0,31,562.301792
-19.0,19,562.439634
-13.0,13,562.513887
-20.0,20,562.621004
-34.0,34,562.812918
-32.0,21,562.938004
-27.0,27,563.100899
-52.0,41,563.29129
-15.0,15,563.375803
-74.0,74,563.77695
-20.0,20,563.909006
-30.0,30,564.094962
-21.0,21,564.22019
-48.0,48,564.451243
-20.0,20,564.561704
-25.0,25,564.721987
-19.0,19,564.826872
-27.0,27,564.997547
-20.0,20,565.154885
-32.0,32,565.370361
-55.0,55,565.689173
-30.0,30,565.868462
-38.0,38,566.099664
-71.0,27,566.270222
-23.0,23,566.392365
-48.0,48,566.654985
-18.0,18,566.773889
-48.0,15,566.864971
-33.0,33,567.044693
-20.0,20,567.167009
-43.0,43,571.460365
-51.0,51,571.715667
-84.0,84,572.169271
-34.0,34,572.326348
-26.0,26,572.475238
-53.0,53,572.758308
-23.0,23,572.889954
-37.0,37,573.096621
-76.0,76,573.53261
-26.0,26,573.672463
-23.0,23,573.824111
-26.0,26,573.96154
-31.0,20,574.067878
-24.0,24,574.200765
-17.0,17,574.29716
-29.0,29,574.47853
-36.0,36,574.674923
-27.0,27,574.891798
-12.0,12,574.978108
-30.0,30,575.163342
-67.0,67,575.578854
-68.0,68,576.025502
-61.0,61,576.532175
-64.0,64,577.002341
-31.0,31,577.240203
-25.0,25,577.413697
-34.0,34,577.683397
-48.0,48,577.963849
-39.0,39,578.190148
-51.0,51,578.489298
-38.0,38,578.721531
-27.0,27,578.86215
-49.0,49,579.141315
-29.0,29,579.389828
-25.0,25,579.58216
-38.0,38,579.909852
-21.0,21,580.092168
-35.0,35,580.377491
-22.0,11,580.469551
-28.0,28,580.681678
-24.0,24,580.854252
-22.0,22,580.985132
-36.0,36,581.199279
-56.0,56,581.524364
-37.0,37,581.741143
-22.0,22,581.870285
-32.0,32,582.056761
-18.0,18,582.149156
-39.0,39,582.360086
-42.0,42,582.599061
-32.0,32,582.778122
-44.0,44,583.076301
-38.0,38,583.30452
-53.0,31,583.479296
-34.0,34,583.719998
-19.0,19,583.898975
-25.0,25,584.074574
-12.0,12,584.159639
-38.0,38,588.39421
-34.0,34,588.553421
-35.0,35,588.715226
-35.0,35,588.910425
-29.0,29,589.06793
-32.0,32,589.205506
-24.0,24,589.33077
-31.0,31,589.496762
-41.0,41,589.717269
-51.0,51,590.035395
-19.0,19,590.136093
-31.0,31,590.302607
-40.0,40,590.565834
-222.0,35,590.767823
-31.0,31,590.951563
-39.0,39,591.15972
-48.0,48,591.41872
-22.0,22,591.53792
-39.0,39,591.781486
-26.0,26,591.933238
-43.0,43,592.192616
-71.0,71,592.703687
-49.0,49,593.002227
-34.0,34,593.19548
-39.0,28,593.361149
-30.0,30,593.542881
-30.0,30,593.708644
-31.0,31,593.9563
-33.0,33,594.181454
-43.0,43,594.514021
-36.0,36,594.720825
-57.0,57,595.066292
-29.0,29,595.230157
-34.0,34,595.423155
-54.0,32,595.685395
-58.0,58,595.99457
-27.0,27,596.149363
-54.0,54,596.456257
-80.0,80,596.926316
-42.0,42,597.159259
-26.0,26,597.313025
-18.0,18,597.432956
-53.0,53,597.74949
-40.0,40,597.948114
-23.0,23,598.099725
-32.0,32,598.255751
-38.0,38,598.443074
-117.0,29,598.596944
-37.0,37,598.801329
-35.0,35,599.025348
-35.0,24,599.16756
-42.0,42,599.405572
-28.0,28,599.577313
-34.0,34,599.804384
-89.0,89,604.341171
-22.0,22,604.440007
-63.0,63,604.755893
-30.0,30,604.889178
-33.0,33,605.043576
-27.0,27,605.166277
-37.0,37,605.330967
-44.0,44,605.57718
-33.0,33,605.775537
-38.0,38,605.976381
-35.0,35,606.175076
-47.0,47,606.45098
-29.0,29,606.60036
-37.0,37,606.81776
-23.0,23,606.967454
-67.0,67,607.411841
-20.0,20,607.531364
-29.0,29,607.692702
-69.0,69,608.079666
-47.0,47,608.365805
-54.0,54,608.68278
-45.0,45,608.968538
-31.0,31,609.169336
-35.0,35,609.387383
-27.0,27,609.545461
-41.0,30,609.748396
-35.0,35,609.994789
-36.0,36,610.201635
-31.0,31,610.350724
-25.0,25,610.507318
-26.0,26,610.666363
-79.0,79,611.087041
-37.0,37,611.333419
-41.0,41,611.592649
-27.0,27,611.752115
-37.0,37,611.966599
-21.0,21,612.092524
-37.0,37,612.327956
-30.0,30,612.503161
-33.0,33,612.678715
-31.0,31,612.856703
-34.0,34,613.043823
-52.0,52,613.369876
-52.0,52,613.677916
-25.0,25,613.815951
-36.0,36,614.021078
-28.0,28,614.198592
-31.0,31,614.378133
-45.0,45,614.630876
-22.0,22,614.756385
-33.0,33,614.929132
-24.0,24,615.049589
-33.0,33,615.261819
-47.0,47,615.523651
-52.0,52,615.799204
-80.0,80,620.308167
-32.0,32,620.474016
-36.0,36,620.649032
-40.0,40,620.86063
-33.0,33,621.062459
-41.0,41,621.40629
-33.0,33,621.605726
-41.0,41,621.84167
-57.0,57,622.173668
-55.0,55,622.452128
-131.0,131,623.207032
-33.0,33,623.391661
-31.0,31,623.575755
-43.0,43,623.83662
-23.0,23,623.961565
-14.0,14,624.043122
-30.0,30,624.232786
-21.0,21,624.331932
-46.0,46,624.566734
-87.0,87,625.070708
-18.0,18,625.189105
-19.0,19,625.312562
-39.0,39,625.540902
-44.0,44,625.802767
-18.0,18,625.917295
-32.0,32,626.125215
-50.0,50,626.4243
-45.0,45,626.664221
-66.0,66,627.029709
-59.0,59,627.342533
-30.0,30,627.524595
-54.0,54,627.822056
-49.0,49,628.073754
-67.0,45,628.344252
-31.0,31,628.536301
-24.0,24,628.662992
-31.0,31,628.876388
-21.0,21,629.01951
-31.0,31,629.191368
-53.0,53,629.483614
-37.0,37,629.676512
-51.0,51,629.955997
-37.0,37,630.224971
-49.0,49,630.548502
-50.0,50,630.832869
-55.0,33,631.029078
-43.0,43,631.2845
-61.0,61,631.621878
-51.0,51,631.886247
-68.0,68,636.258512
-37.0,37,636.430081
-47.0,47,636.639462
-45.0,45,636.917273
-52.0,52,637.232526
-34.0,34,637.495918
-28.0,28,637.688958
-33.0,33,637.86401
-33.0,33,638.066505
-41.0,41,638.325587
-107.0,107,638.930944
-33.0,33,639.131309
-73.0,73,639.533842
-30.0,30,639.711094
-39.0,39,639.981773
-18.0,18,640.109859
-82.0,82,640.570189
-47.0,47,640.857657
-14.0,14,640.954591
-26.0,26,641.092625
-48.0,48,641.350607
-33.0,33,641.537014
-46.0,46,641.774841
-31.0,31,641.973427
-34.0,34,642.138266
-40.0,40,642.368359
-54.0,54,642.699259
-51.0,51,642.988823
-50.0,50,643.266021
-64.0,64,643.63359
-121.0,121,644.307687
-75.0,75,644.73664
-68.0,68,645.12638
-60.0,60,645.481262
-25.0,25,645.676498
-26.0,26,645.809634
-27.0,27,645.954868
-44.0,44,646.188967
-63.0,63,646.569534
-39.0,39,646.82765
-29.0,29,646.995288
-35.0,35,647.186034
-24.0,24,647.323931
-31.0,31,647.528154
-43.0,43,647.730721
-42.0,42,651.988783
-53.0,53,652.232485
-47.0,47,652.478605
-27.0,27,652.595933
-34.0,34,652.747538
-33.0,33,652.927297
-42.0,42,653.174036
-22.0,22,653.282793
-19.0,19,653.40592
-36.0,36,653.603207
-44.0,44,653.826396
-75.0,75,654.229871
-43.0,43,654.440179
-33.0,33,654.639478
-40.0,40,654.889824
-56.0,56,655.196667
-43.0,43,655.44314
-46.0,46,655.687815
-40.0,40,655.909303
-24.0,24,656.073372
-35.0,35,656.273974
-40.0,40,656.521779
-67.0,67,656.91402
-31.0,31,657.095275
-47.0,47,657.351666
-59.0,59,657.678741
-39.0,39,657.874099
-97.0,97,658.435005
-51.0,51,658.723992
-34.0,34,658.909767
-39.0,39,659.16557
-43.0,43,659.42364
-91.0,91,659.936615
-20.0,20,660.103433
-48.0,48,660.406001
-32.0,32,660.604714
-43.0,43,660.847466
-109.0,109,661.503459
-52.0,52,661.786433
-57.0,57,662.120721
-41.0,41,662.36401
-24.0,24,662.494752
-51.0,51,662.757196
-41.0,41,662.989138
-29.0,29,663.192166
-103.0,48,667.477076
-51.0,51,667.738297
-47.0,47,668.029467
-44.0,44,668.274428
-37.0,37,668.566498
-54.0,54,668.87205
-43.0,43,669.090947
-25.0,25,669.22834
-39.0,39,669.528126
-45.0,45,669.767149
-36.0,36,669.956223
-33.0,33,670.150547
-97.0,97,670.727727
-54.0,54,671.023405
-58.0,58,671.417523
-88.0,88,671.960703
-44.0,44,672.196513
-73.0,73,672.60973
-32.0,32,672.81937
-25.0,25,672.991735
-50.0,50,673.238717
-33.0,33,673.414871
-35.0,35,673.636344
-89.0,89,674.0964
-45.0,45,674.339429
-30.0,30,674.497922
-48.0,48,674.843631
-53.0,53,675.161627
-45.0,45,675.409705
-57.0,57,675.716326
-21.0,21,675.842558
-39.0,39,676.058476
-34.0,34,676.253097
-61.0,61,676.668011
-33.0,33,676.862197
-27.0,27,677.028167
-59.0,59,677.388079
-37.0,37,677.621708
-28.0,28,677.789027
-49.0,49,678.046573
-53.0,53,678.368249
-28.0,28,678.54724
-40.0,40,678.763282
-19.0,19,678.869394
-71.0,71,679.285697
-78.0,78,683.895268
-29.0,29,684.051543
-36.0,36,684.261323
-47.0,47,684.478977
-156.0,156,685.227418
-62.0,62,685.546978
-72.0,72,685.930261
-84.0,84,686.421912
-67.0,67,686.85681
-79.0,79,687.295977
-50.0,50,687.560207
-54.0,54,687.88354
-21.0,21,688.010458
-48.0,48,688.291776
-50.0,50,688.553469
-103.0,103,689.149817
-70.0,70,689.550169
-35.0,35,689.733462
-30.0,30,689.950879
-87.0,87,690.535784
-47.0,47,690.813364
-46.0,46,691.117636
-119.0,119,691.784029
-48.0,48,692.059835
-52.0,52,692.366801
-97.0,97,692.918871
-110.0,110,693.550447
-124.0,124,694.228034
-83.0,83,694.732991
-41.0,41,694.976599
-36.0,36,695.214783
-48.0,48,699.592788
-74.0,74,699.912747
-147.0,147,700.795187
-19.0,19,700.912867
-47.0,47,701.200369
-49.0,49,701.453312
-62.0,62,701.810543
-56.0,56,702.107667
-40.0,40,702.323425
-53.0,53,702.63825
-88.0,88,703.108416
-143.0,143,703.952645
-19.0,19,704.059425
-32.0,32,704.244888
-48.0,48,704.519455
-32.0,32,704.685691
-61.0,61,705.034271
-92.0,92,705.515679
-48.0,48,705.815087
-41.0,41,706.041378
-64.0,64,706.431121
-82.0,82,706.87637
-80.0,80,707.30969
-80.0,80,707.896431
-51.0,51,708.181229
-69.0,69,708.541776
-75.0,75,708.983118
-64.0,64,709.353822
-46.0,46,709.643398
-79.0,79,710.128909
-43.0,43,710.430462
-44.0,44,710.676715
-59.0,59,711.014234
-64.0,64,715.566617
-113.0,113,716.100823
-49.0,49,716.348504
-55.0,55,716.676496
-37.0,37,716.826452
-59.0,59,717.149897
-57.0,57,717.465056
-55.0,55,717.824885
-21.0,21,717.934478
-128.0,128,718.644681
-64.0,64,719.014204
-39.0,39,719.210397
-74.0,74,719.643573
-46.0,46,719.911231
-40.0,40,720.125579
-61.0,61,720.477541
-44.0,44,720.735426
-38.0,38,720.963245
-32.0,32,721.178262
-36.0,36,721.380272
-94.0,94,722.017922
-64.0,64,722.385664
-68.0,68,722.837534
-55.0,55,723.186121
-30.0,30,723.362242
-60.0,60,723.749472
-88.0,88,724.247826
-95.0,95,724.826368
-45.0,45,725.114309
-36.0,36,725.310432
-30.0,30,725.500574
-67.0,67,725.8859
-45.0,45,726.177047
-73.0,73,726.590009
-123.0,123,731.459682
-90.0,90,731.856641
-68.0,68,732.193054
-42.0,42,732.418761
-95.0,95,732.904447
-102.0,102,733.404799
-105.0,105,733.966523
-38.0,38,734.161776
-56.0,56,734.502182
-36.0,36,734.68267
-30.0,30,734.852074
-60.0,60,735.192
-45.0,45,735.457362
-49.0,49,735.780547
-57.0,57,736.099493
-71.0,71,736.529287
-25.0,25,736.697935
-43.0,43,736.938054
-57.0,57,737.242224
-45.0,34,737.424613
-67.0,67,737.788235
-34.0,34,737.977999
-53.0,53,738.247997
-132.0,132,738.97589
-35.0,35,739.178835
-84.0,84,739.674892
-81.0,81,740.135216
-57.0,57,740.458854
-48.0,48,740.732018
-52.0,52,741.02766
-54.0,54,741.380832
-112.0,112,742.030919
-84.0,84,742.573265
-65.0,65,747.09416
-56.0,56,747.364802
-62.0,62,747.702659
-28.0,28,747.823897
-89.0,89,748.272314
-31.0,31,748.426059
-35.0,35,748.625249
-58.0,58,748.928999
-138.0,138,749.687449
-58.0,58,750.002131
-171.0,171,750.833734
-31.0,31,750.986815
-36.0,36,751.18538
-48.0,48,751.45048
-56.0,56,751.792247
-53.0,53,752.12175
-87.0,87,752.621278
-41.0,41,752.856426
-92.0,92,753.34197
-47.0,47,753.654326
-49.0,49,753.925108
-97.0,97,754.435177
-95.0,95,755.014528
-48.0,48,755.30929
-92.0,92,755.78194
-56.0,56,756.079563
-63.0,63,756.418841
-47.0,47,756.708671
-40.0,40,756.954306
-104.0,104,757.557528
-61.0,61,757.941425
-61.0,61,758.284231
-45.0,45,762.549301
-32.0,32,762.723813
-138.0,138,763.379506
-58.0,58,763.732119
-85.0,85,764.174109
-57.0,57,764.482964
-28.0,28,764.68255
-136.0,136,765.485175
-36.0,36,765.682529
-36.0,36,765.889404
-79.0,79,766.412285
-147.0,147,767.367099
-90.0,90,767.903962
-81.0,81,768.346745
-72.0,72,768.760015
-44.0,44,769.007309
-24.0,24,769.152871
-83.0,83,769.635976
-24.0,24,769.803885
-63.0,63,770.165001
-55.0,55,770.481735
-77.0,77,770.880625
-53.0,53,771.219217
-84.0,84,771.753254
-62.0,62,772.107849
-57.0,57,772.449042
-103.0,103,773.078951
-63.0,63,773.458336
-66.0,66,773.82594
-41.0,41,774.144969
-24.0,24,774.306771
-84.0,84,779.213996
-74.0,74,779.743293
-43.0,43,780.051834
-137.0,137,780.868767
-138.0,138,781.675558
-88.0,88,782.187308
-52.0,52,782.504567
-131.0,131,783.246528
-85.0,85,783.754437
-78.0,78,784.223083
-49.0,49,784.533641
-199.0,199,785.863201
-54.0,54,786.242609
-38.0,38,786.474029
-29.0,29,786.673606
-39.0,39,786.899023
-34.0,34,787.119982
-95.0,95,787.839775
-147.0,147,788.770046
-110.0,110,789.384449
-34.0,34,789.594635
-97.0,97,790.137495
-55.0,55,790.463861
-61.0,61,790.815319
-102.0,102,791.378021
-186.0,186,796.278024
-76.0,76,796.684605
-47.0,47,796.920488
-131.0,131,797.643205
-30.0,30,797.823232
-153.0,153,798.761725
-50.0,50,799.048785
-107.0,107,799.705877
-54.0,54,800.049119
-77.0,77,800.486768
-79.0,79,800.945705
-63.0,63,801.303082
-68.0,68,801.67596
-123.0,123,802.409417
-106.0,106,803.079471
-187.0,187,804.355876
-30.0,30,804.620743
-109.0,109,805.259248
-138.0,138,806.015925
-63.0,63,806.381254
-360.0,360,812.299266
-120.0,120,812.960752
-61.0,61,813.3093
-200.0,200,814.329133
-317.0,317,816.0359
-18.0,18,816.132039
-35.0,35,816.302516
-94.0,94,816.754096
-73.0,73,817.186723
-177.0,177,818.159602
-94.0,94,818.765548
-89.0,89,819.299787
-64.0,64,819.718198
-35.0,35,819.948857
-83.0,83,820.475913
-50.0,50,820.746299
-77.0,77,821.186261
-26.0,26,821.326712
-82.0,82,821.810259
-237.0,237,827.407434
-41.0,41,827.6504
-55.0,55,827.933628
-56.0,56,828.201805
-103.0,103,828.799134
-255.0,255,830.284955
-72.0,72,830.704466
-89.0,89,831.161242
-91.0,91,831.768032
-69.0,69,832.223513
-37.0,37,832.43207
-69.0,69,832.854338
-76.0,76,833.315546
-29.0,29,833.50367
-136.0,136,834.343899
-78.0,78,834.859324
-75.0,75,835.347541
-43.0,43,835.642677
-30.0,30,835.848275
-71.0,71,836.271616
-56.0,56,836.611739
-100.0,100,837.169449
-217.0,217,838.530419
-39.0,39,838.755056
