#{"t_start": 1748602749.592242, "env_id": "Maze-v0"}
r,l,t
-228.0,19,3.05344
-168.0,14,3.211003
-203.0,27,3.423477
-16.0,16,3.539443
-84.0,18,3.693762
-137.0,16,3.855627
-206.0,19,4.059919
-252.0,21,4.249866
-196.0,20,4.444428
-196.0,20,4.65271
-161.0,18,4.791701
-104.0,16,4.9468
-16.0,16,5.086632
-208.0,21,5.251041
-117.0,18,5.399136
-16.0,16,5.541206
-19.0,19,5.692227
-278.0,25,5.908883
-43.0,21,6.10551
-21.0,21,6.297991
-80.0,25,6.553472
-166.0,23,6.75128
-266.0,24,6.987075
-108.0,20,7.190561
-198.0,22,7.413277
-206.0,19,7.564739
-21.0,21,7.736501
-23.0,23,7.952424
-151.0,19,8.138315
-273.0,31,8.420058
-17.0,17,8.579758
-12.0,12,8.675042
-180.0,15,8.78498
-223.0,25,8.980484
-208.0,21,9.159589
-68.0,13,9.253717
-22.0,22,9.446084
-266.0,24,9.659317
-82.0,16,9.823328
-14.0,14,9.973194
-32.0,21,10.153973
-168.0,14,10.29982
-11.0,11,10.406901
-92.0,15,10.523609
-195.0,19,10.719626
-22.0,22,10.931161
-59.0,15,11.069576
-77.0,22,11.268533
-19.0,19,11.435015
-172.0,18,11.603382
-28.0,28,11.909191
-100.0,12,12.057652
-162.0,19,12.185303
-156.0,24,12.40416
-83.0,17,12.564278
-24.0,24,12.746828
-197.0,21,12.949224
-115.0,16,13.08304
-147.0,15,13.197998
-110.0,33,13.484461
-165.0,22,13.673561
-58.0,14,13.787254
-254.0,23,14.003906
-130.0,20,14.180546
-208.0,21,14.358698
-18.0,18,14.508021
-142.0,21,14.711457
-28.0,17,14.879129
-154.0,22,15.074998
-23.0,23,15.287614
-333.0,36,15.60511
-58.0,14,15.736699
-145.0,24,15.963404
-209.0,22,16.118656
-208.0,21,16.301211
-288.0,24,16.546724
-154.0,22,16.815534
-197.0,21,17.048752
-31.0,20,17.296245
-93.0,16,17.485437
-146.0,14,17.617605
-83.0,28,17.828954
-20.0,20,18.006917
-28.0,28,18.253752
-69.0,14,18.409657
-77.0,22,18.584343
-61.0,17,18.72315
-53.0,20,18.884776
-106.0,18,19.047288
-152.0,20,19.22214
-181.0,16,19.339327
-29.0,18,19.504364
-218.0,20,19.692862
-69.0,14,19.797541
-292.0,28,20.032943
-194.0,18,20.20319
-53.0,20,20.428971
-176.0,22,20.622097
-16.0,16,20.773897
-180.0,15,20.903665
-16.0,16,21.069612
-22.0,22,21.262645
-17.0,17,21.415969
-120.0,21,28.22448
-176.0,22,28.434652
-24.0,24,28.644316
-66.0,11,28.744817
-136.0,15,28.86525
-194.0,18,28.989887
-183.0,18,29.166088
-91.0,14,29.27689
-96.0,19,29.441116
-16.0,16,29.597729
-62.0,18,29.742007
-13.0,13,29.856913
-174.0,20,30.024024
-19.0,19,30.210067
-38.0,16,30.366786
-110.0,22,30.528335
-167.0,24,30.753908
-194.0,18,30.898486
-24.0,24,31.120653
-26.0,26,31.394425
-17.0,17,31.553005
-288.0,24,31.746507
-160.0,17,31.907746
-17.0,17,32.107173
-158.0,15,32.265885
-14.0,14,32.379975
-21.0,21,32.588144
-28.0,28,32.852074
-28.0,17,33.018765
-67.0,12,33.161945
-102.0,14,33.275785
-18.0,18,33.450719
-180.0,15,33.611251
-21.0,21,33.811187
-104.0,16,33.984412
-140.0,19,34.15121
-19.0,19,34.336595
-13.0,13,34.48446
-117.0,18,34.687765
-19.0,19,34.841893
-364.0,34,35.113254
-18.0,18,35.299104
-111.0,23,35.51406
-59.0,15,35.665198
-12.0,12,35.801442
-218.0,20,35.994687
-33.0,22,36.195666
-92.0,15,36.337919
-185.0,20,36.529512
-13.0,13,36.626911
-27.0,27,36.835519
-126.0,16,37.059721
-95.0,18,37.224903
-19.0,19,37.411807
-92.0,15,37.546461
-147.0,15,37.698308
-15.0,15,37.842174
-17.0,15,37.954954
-22.0,22,38.199063
-34.0,23,38.383964
-15.0,15,38.499181
-62.0,18,38.688988
-149.0,17,38.847046
-21.0,21,39.019568
-16.0,16,39.194408
-219.0,21,39.372125
-107.0,19,39.543582
-71.0,27,39.789013
-18.0,18,39.963063
-23.0,23,40.195367
-24.0,24,40.451403
-91.0,14,40.560563
-107.0,19,40.705654
-17.0,17,40.890958
-18.0,18,41.060281
-27.0,27,41.344888
-12.0,12,41.468911
-227.0,29,41.765182
-151.0,19,41.925953
-172.0,18,42.064294
-253.0,22,42.274038
-19.0,19,42.485047
-124.0,14,42.621482
-182.0,17,42.761619
-16.0,16,42.901902
-85.0,19,43.055853
-22.0,22,43.266752
-67.0,12,43.389021
-16.0,16,43.56268
-171.0,17,43.718501
-171.0,17,43.888353
-146.0,14,44.013454
-17.0,17,44.140401
-117.0,18,44.308103
-20.0,20,44.4919
-52.0,30,44.756749
-128.0,18,44.927753
-197.0,21,45.09022
-115.0,16,45.234529
-103.0,26,45.502909
-197.0,21,45.734166
-208.0,21,45.919477
-23.0,23,46.173443
-60.0,16,46.326631
-229.0,20,46.488767
-18.0,18,46.63797
-138.0,17,46.797853
-156.0,24,46.981589
-22.0,22,47.161084
-194.0,18,53.496164
-17.0,17,53.664327
-41.0,19,53.844517
-14.0,14,54.017611
-42.0,20,54.17398
-301.0,26,54.400058
-25.0,25,54.65376
-182.0,17,54.814762
-29.0,18,54.994635
-171.0,17,55.126988
-167.0,24,55.341105
-37.0,15,55.467389
-63.0,19,55.625515
-197.0,21,55.816759
-98.0,21,55.992096
-25.0,25,56.186762
-23.0,23,56.410585
-15.0,15,56.557049
-196.0,20,56.70805
-159.0,16,56.825032
-117.0,18,56.986326
-14.0,14,57.124211
-105.0,17,57.283465
-61.0,17,57.407258
-37.0,26,57.660553
-177.0,23,57.829241
-30.0,19,58.026921
-98.0,21,58.180138
-108.0,20,58.354381
-218.0,20,58.521767
-229.0,20,58.701964
-19.0,19,58.840881
-205.0,18,58.964996
-150.0,18,59.12568
-19.0,19,59.297641
-17.0,17,59.483044
-182.0,17,59.609126
-30.0,19,59.765698
-15.0,15,59.901865
-175.0,21,60.10497
-17.0,17,60.277581
-127.0,17,60.429288
-103.0,15,60.560006
-44.0,22,60.775012
-18.0,18,60.945515
-62.0,18,61.115951
-25.0,14,61.216398
-110.0,22,61.410095
-124.0,14,61.550235
-38.0,16,61.687706
-217.0,19,61.868393
-105.0,17,62.031034
-135.0,14,62.180437
-96.0,19,62.373659
-24.0,24,62.608208
-9.0,9,62.687305
-109.0,21,62.868266
-14.0,14,62.97058
-194.0,18,63.143641
-19.0,19,63.296588
-17.0,17,63.473212
-34.0,23,63.694277
-17.0,17,63.847092
-25.0,25,64.083941
-193.0,17,64.237816
-138.0,17,64.402434
-14.0,14,64.506751
-63.0,30,64.804693
-142.0,21,65.006918
-14.0,14,65.144582
-14.0,14,65.27592
-50.0,17,65.454024
-88.0,11,65.551898
-165.0,22,65.761887
-38.0,27,66.001859
-30.0,19,66.19705
-184.0,19,66.36529
-72.0,17,66.522244
-20.0,20,66.669511
-19.0,19,66.852847
-161.0,18,67.00306
-14.0,14,67.122593
-51.0,18,67.296893
-17.0,17,67.451179
-175.0,21,67.635166
-19.0,19,67.803427
-16.0,16,67.963135
-17.0,17,68.092791
-24.0,24,68.275404
-80.0,14,68.401088
-67.0,23,68.662952
-22.0,22,68.874865
-111.0,23,69.082948
-64.0,20,69.24669
-20.0,20,69.41731
-136.0,15,69.535644
-228.0,19,69.701523
-23.0,23,69.915534
-20.0,20,70.099428
-13.0,13,70.216653
-21.0,21,70.396625
-93.0,16,70.512604
-183.0,18,70.679594
-17.0,17,70.832313
-16.0,16,70.987111
-142.0,21,71.147787
-15.0,15,71.292094
-136.0,15,71.407303
-192.0,16,71.541246
-16.0,16,71.67272
-180.0,15,77.966355
-16.0,16,78.114897
-145.0,24,78.326887
-48.0,15,78.480088
-51.0,18,78.663282
-32.0,21,78.864243
-206.0,19,79.048295
-12.0,12,79.162632
-144.0,12,79.283809
-75.0,20,79.47069
-17.0,17,79.633418
-16.0,16,79.811626
-19.0,19,79.996222
-24.0,24,80.201379
-19.0,19,80.378572
-84.0,18,80.546013
-20.0,20,80.727371
-82.0,16,80.890474
-17.0,17,81.03629
-205.0,18,81.197466
-90.0,24,81.416815
-101.0,24,81.631823
-17.0,17,81.794162
-213.0,26,82.016286
-159.0,16,82.194554
-181.0,16,82.336274
-105.0,17,82.48132
-22.0,22,82.700202
-70.0,15,82.826665
-26.0,26,83.095196
-18.0,18,83.315823
-18.0,18,83.496118
-18.0,18,83.669618
-17.0,17,83.821214
-218.0,20,84.010316
-15.0,15,84.160331
-90.0,13,84.292835
-13.0,13,84.427563
-18.0,18,84.629108
-13.0,13,84.778361
-16.0,16,84.921129
-163.0,20,85.128304
-28.0,17,85.302983
-24.0,13,85.423554
-78.0,12,85.547729
-11.0,11,85.679933
-139.0,18,85.843169
-27.0,27,86.102708
-28.0,17,86.293437
-37.0,26,86.524176
-21.0,21,86.722335
-18.0,18,86.890282
-18.0,18,87.040369
-20.0,20,87.273643
-12.0,12,87.409866
-20.0,20,87.615494
-24.0,24,87.862447
-147.0,15,87.999424
-20.0,20,88.171606
-14.0,14,88.319289
-22.0,22,88.533363
-158.0,15,88.692386
-18.0,18,88.867718
-148.0,16,89.012642
-23.0,23,89.253385
-27.0,16,89.405571
-103.0,15,89.554431
-74.0,19,89.697932
-12.0,12,89.801356
-16.0,16,89.919772
-19.0,19,90.083513
-139.0,18,90.239166
-27.0,16,90.393872
-39.0,17,90.54838
-83.0,17,90.696818
-58.0,14,90.841119
-19.0,19,90.99212
-22.0,22,91.20398
-34.0,23,91.420693
-124.0,14,91.570949
-122.0,23,91.760822
-92.0,26,92.0418
-136.0,15,92.199359
-19.0,19,92.385554
-16.0,16,92.521972
-218.0,20,92.718404
-20.0,20,92.904702
-102.0,14,93.012667
-39.0,17,93.167458
-23.0,23,93.385138
-21.0,21,93.583042
-15.0,15,93.766406
-24.0,24,93.980144
-117.0,18,94.14722
-23.0,23,94.365685
-23.0,23,94.581639
-21.0,21,94.811883
-126.0,16,94.953986
-21.0,21,95.162839
-23.0,23,95.374266
-177.0,23,95.58813
-70.0,15,95.735283
-95.0,18,95.917348
-18.0,18,96.111521
-68.0,13,96.209116
-24.0,24,96.428114
-48.0,15,96.561527
-72.0,17,96.729635
-129.0,19,96.921242
-15.0,15,97.07127
-84.0,18,97.246239
-20.0,20,97.42205
-13.0,13,97.545039
-180.0,15,103.95492
-15.0,15,104.126592
-259.0,28,104.440493
-18.0,18,104.595926
-19.0,19,104.801392
-19.0,19,105.018166
-60.0,16,105.200271
-162.0,19,105.405878
-16.0,16,105.571213
-21.0,21,105.763887
-23.0,12,105.895424
-17.0,17,106.091165
-20.0,18,106.282865
-18.0,18,106.457607
-18.0,18,106.66275
-23.0,23,106.873037
-19.0,19,107.069138
-103.0,15,107.202055
-28.0,17,107.374946
-26.0,26,107.656632
-134.0,13,107.815162
-13.0,13,107.937419
-13.0,13,108.033287
-151.0,19,108.225267
-124.0,14,108.318059
-12.0,12,108.449573
-70.0,15,108.589331
-40.0,18,108.797834
-82.0,16,108.991069
-126.0,16,109.139357
-17.0,17,109.317849
-47.0,14,109.488601
-21.0,21,109.703607
-48.0,15,109.841993
-19.0,19,109.989035
-72.0,17,110.173869
-24.0,24,110.441032
-139.0,18,110.575641
-24.0,24,110.828177
-19.0,19,110.999302
-134.0,24,111.305494
-26.0,26,111.54991
-17.0,17,111.73055
-81.0,15,111.927881
-141.0,20,112.128702
-206.0,19,112.302738
-171.0,17,112.471112
-14.0,14,112.602268
-17.0,17,112.786719
-28.0,28,113.067361
-17.0,17,113.245204
-24.0,24,113.499861
-264.0,22,113.713703
-27.0,27,113.938351
-41.0,19,114.106438
-102.0,14,114.211353
-205.0,18,114.335901
-82.0,16,114.48995
-90.0,13,114.612248
-72.0,17,114.779556
-17.0,17,114.958307
-16.0,16,115.107577
-13.0,13,115.208423
-19.0,19,115.402139
-35.0,13,115.513575
-157.0,14,115.644301
-157.0,25,115.940908
-192.0,16,116.09068
-61.0,17,116.23546
-21.0,21,116.404528
-79.0,13,116.4961
-30.0,30,116.795943
-24.0,24,116.982027
-230.0,21,117.14504
-17.0,17,117.338522
-338.0,30,117.584178
-28.0,17,117.733877
-22.0,22,117.930615
-18.0,18,118.149625
-21.0,21,118.334017
-93.0,16,118.473712
-20.0,20,118.655817
-16.0,16,118.808306
-34.0,23,119.035557
-63.0,19,119.236745
-13.0,13,119.397864
-98.0,21,119.609497
-74.0,19,119.816103
-19.0,19,120.014723
-17.0,17,120.195044
-92.0,15,120.349838
-13.0,13,120.471281
-194.0,18,120.692697
-21.0,21,120.925725
-18.0,18,121.104614
-180.0,15,121.255259
-18.0,18,121.413397
-13.0,13,121.546673
-128.0,18,121.73103
-19.0,19,121.943783
-19.0,19,122.102853
-27.0,16,122.273566
-18.0,18,122.447068
-13.0,13,122.550417
-37.0,15,122.676384
-79.0,13,122.804332
-20.0,20,122.970484
-25.0,25,123.238655
-125.0,15,123.411269
-153.0,21,123.605201
-17.0,17,123.788264
-18.0,18,123.950409
-106.0,18,130.525119
-65.0,21,130.724473
-17.0,15,130.871946
-15.0,15,131.015546
-14.0,14,131.145861
-18.0,18,131.314503
-53.0,20,131.508318
-15.0,15,131.692268
-92.0,15,131.822821
-111.0,12,131.963248
-208.0,21,132.155035
-19.0,19,132.351088
-15.0,15,132.484354
-138.0,17,132.631934
-30.0,19,132.810113
-94.0,17,132.945559
-12.0,12,133.052863
-17.0,17,133.20961
-27.0,27,133.401979
-48.0,15,133.505703
-142.0,32,133.776033
-24.0,24,134.06645
-131.0,21,134.299502
-31.0,20,134.494744
-35.0,24,134.765824
-17.0,17,134.925122
-67.0,12,135.042934
-101.0,24,135.265666
-91.0,14,135.363307
-13.0,13,135.50475
-16.0,16,135.669735
-15.0,15,135.848418
-15.0,15,136.033246
-17.0,17,136.225719
-18.0,18,136.396546
-57.0,13,136.544396
-14.0,14,136.704893
-23.0,23,136.931811
-22.0,22,137.112746
-28.0,28,137.411422
-109.0,21,137.655146
-16.0,16,137.828021
-22.0,22,138.088519
-20.0,20,138.314613
-20.0,20,138.536793
-16.0,16,138.749139
-19.0,17,138.940485
-22.0,22,139.172469
-23.0,23,139.395192
-16.0,16,139.596363
-25.0,25,139.858275
-26.0,26,140.098601
-12.0,12,140.210585
-20.0,20,140.457991
-25.0,25,140.692309
-25.0,14,140.852848
-22.0,22,141.089095
-17.0,17,141.248425
-18.0,18,141.416609
-27.0,16,141.5293
-181.0,16,141.690234
-21.0,21,141.903183
-12.0,12,142.013385
-15.0,15,142.16745
-192.0,16,142.344984
-33.0,11,142.49277
-26.0,15,142.650467
-15.0,15,142.821437
-108.0,20,143.029084
-26.0,26,143.301543
-91.0,14,143.416927
-14.0,14,143.55857
-88.0,11,143.66551
-15.0,15,143.81003
-18.0,18,144.005417
-15.0,15,144.114877
-24.0,24,144.381657
-16.0,16,144.547212
-31.0,20,144.706165
-81.0,15,144.864798
-20.0,20,145.096823
-19.0,19,145.303453
-107.0,19,145.497342
-156.0,13,145.62309
-18.0,18,145.779674
-19.0,19,145.989501
-15.0,15,146.127717
-50.0,17,146.341865
-35.0,13,146.491364
-17.0,17,146.656771
-39.0,17,146.828533
-16.0,16,147.009792
-12.0,12,147.156572
-59.0,15,147.296755
-18.0,18,147.47975
-33.0,33,147.811063
-15.0,15,147.95989
-266.0,24,148.179299
-26.0,15,148.37138
-17.0,17,148.585697
-150.0,18,148.758086
-67.0,23,148.98231
-16.0,16,149.132601
-21.0,21,149.336179
-17.0,17,149.517877
-23.0,23,149.752828
-94.0,17,149.917802
-19.0,19,150.119717
-17.0,17,150.29844
-72.0,17,150.477631
-18.0,18,150.655106
-142.0,21,150.871696
-152.0,20,151.070678
-93.0,16,151.230591
-18.0,18,157.713957
-46.0,24,157.972789
-12.0,12,158.114486
-51.0,18,158.289944
-15.0,15,158.469672
-17.0,17,158.663652
-18.0,18,158.866577
-14.0,14,159.024584
-25.0,25,159.277835
-18.0,18,159.445185
-20.0,20,159.68525
-49.0,16,159.876888
-28.0,28,160.140475
-115.0,16,160.289861
-20.0,20,160.501379
-22.0,22,160.739577
-11.0,11,160.839824
-112.0,13,160.969544
-32.0,21,161.193059
-15.0,15,161.35457
-16.0,16,161.499199
-194.0,18,161.67719
-76.0,21,161.88639
-14.0,14,162.052324
-17.0,17,162.25831
-31.0,31,162.57359
-15.0,15,162.739359
-48.0,15,162.864644
-47.0,14,163.051791
-11.0,11,163.167317
-113.0,25,163.351373
-13.0,13,163.440463
-81.0,15,163.597347
-13.0,13,163.720452
-114.0,15,163.854673
-21.0,21,164.036668
-20.0,20,164.207469
-15.0,15,164.360705
-116.0,17,164.494368
-19.0,19,164.671898
-18.0,18,164.862767
-18.0,18,165.054459
-19.0,19,165.260647
-158.0,15,165.4351
-181.0,16,165.651079
-277.0,24,165.861108
-22.0,22,166.130608
-106.0,18,166.342317
-29.0,18,166.52494
-159.0,16,166.683975
-22.0,22,166.906504
-135.0,14,167.070841
-14.0,14,167.221192
-25.0,25,167.488289
-29.0,18,167.671895
-22.0,22,167.899607
-22.0,22,168.099227
-16.0,16,168.265812
-17.0,17,168.411066
-21.0,21,168.616848
-16.0,16,168.780229
-18.0,18,168.916609
-18.0,18,169.106621
-19.0,19,169.301624
-17.0,17,169.4771
-13.0,13,169.636309
-20.0,20,169.831287
-28.0,17,169.964783
-12.0,12,170.129268
-18.0,18,170.322919
-17.0,17,170.494557
-18.0,18,170.658793
-72.0,17,170.829342
-22.0,22,171.05976
-20.0,20,171.249236
-265.0,23,171.407292
-83.0,17,171.547051
-18.0,18,171.721183
-18.0,18,171.892046
-52.0,19,172.05024
-68.0,13,172.182962
-24.0,24,172.393741
-13.0,13,172.515736
-33.0,22,172.715691
-68.0,13,172.817029
-158.0,15,172.924725
-16.0,16,173.045944
-19.0,19,173.249335
-16.0,16,173.482879
-81.0,15,173.632199
-52.0,19,173.80373
-26.0,26,174.095601
-20.0,18,174.293262
-14.0,14,174.426395
-15.0,15,174.572311
-115.0,16,174.732558
-18.0,18,174.919513
-15.0,15,175.039021
-15.0,15,175.156516
-18.0,18,175.36954
-124.0,14,175.493576
-16.0,16,175.664765
-15.0,15,175.814282
-16.0,16,175.990323
-45.0,23,176.269327
-81.0,26,176.567922
-23.0,23,176.754381
-292.0,28,176.996168
-170.0,16,177.145847
-15.0,15,177.306467
-74.0,19,177.485014
-22.0,22,177.714848
-20.0,20,177.93103
-16.0,16,178.099831
-180.0,15,184.413528
-15.0,15,184.592368
-19.0,19,184.756991
-14.0,14,184.857486
-11.0,11,185.002473
-12.0,12,185.105156
-25.0,14,185.244093
-20.0,20,185.44621
-16.0,16,185.606639
-50.0,17,185.747642
-14.0,14,185.883025
-60.0,16,186.003097
-17.0,17,186.141984
-14.0,14,186.307104
-17.0,17,186.486529
-20.0,20,186.668813
-200.0,24,186.905755
-18.0,18,187.13852
-20.0,20,187.361249
-23.0,23,187.573889
-11.0,11,187.677972
-11.0,11,187.789832
-35.0,13,187.891667
-17.0,17,188.089235
-146.0,14,188.238088
-14.0,14,188.382273
-16.0,16,188.564087
-19.0,19,188.772635
-33.0,33,189.075805
-17.0,17,189.202896
-22.0,22,189.405917
-181.0,16,189.580312
-19.0,19,189.743962
-20.0,20,189.911229
-13.0,13,190.042978
-18.0,18,190.27114
-13.0,13,190.387618
-17.0,17,190.536007
-46.0,24,190.769861
-16.0,16,190.944331
-18.0,18,191.085323
-29.0,18,191.277618
-14.0,14,191.397968
-41.0,19,191.593152
-14.0,14,191.735369
-62.0,18,191.942705
-264.0,22,192.145471
-26.0,26,192.401797
-41.0,19,192.595951
-19.0,19,192.761953
-79.0,24,193.015386
-18.0,18,193.196719
-20.0,20,193.355551
-16.0,16,193.543106
-17.0,17,193.709541
-20.0,20,193.90414
-20.0,20,194.140032
-15.0,15,194.260555
-21.0,21,194.483156
-54.0,21,194.704354
-22.0,22,194.896755
-21.0,21,195.088943
-182.0,17,195.266948
-17.0,17,195.445756
-92.0,15,195.611023
-17.0,17,195.804709
-170.0,27,196.020313
-145.0,24,196.220303
-24.0,13,196.334577
-26.0,15,196.510632
-204.0,17,196.671985
-20.0,20,196.822508
-27.0,16,197.015688
-41.0,19,197.20705
-173.0,30,197.507584
-23.0,23,197.786332
-14.0,14,197.910467
-20.0,20,198.076689
-24.0,24,198.315271
-17.0,17,198.503607
-20.0,20,198.750382
-23.0,23,199.017259
-62.0,18,199.199772
-21.0,21,199.369727
-73.0,18,199.568666
-18.0,18,199.710568
-21.0,21,199.911155
-48.0,15,200.03773
-146.0,14,200.18025
-16.0,16,200.358886
-26.0,26,200.620471
-16.0,16,200.784737
-20.0,20,200.988602
-11.0,11,201.128614
-95.0,18,201.316121
-33.0,11,201.442102
-14.0,14,201.580402
-180.0,15,201.712175
-111.0,23,201.912013
-62.0,18,202.082236
-26.0,26,202.311236
-17.0,17,202.504682
-31.0,20,202.695461
-13.0,13,202.840649
-21.0,21,203.060116
-17.0,17,203.224002
-23.0,23,203.459948
-169.0,15,203.609775
-15.0,15,203.757908
-16.0,16,203.952582
-21.0,21,204.168331
-117.0,18,204.335031
-118.0,19,204.526847
-16.0,16,210.982127
-20.0,20,211.194811
-13.0,13,211.330458
-16.0,16,211.48571
-13.0,13,211.64599
-86.0,20,211.847857
-20.0,20,212.061167
-17.0,17,212.263819
-22.0,22,212.509234
-16.0,16,212.690555
-29.0,29,212.986495
-16.0,16,213.145646
-17.0,17,213.319846
-17.0,17,213.485159
-20.0,20,213.652163
-14.0,14,213.813707
-20.0,20,213.995752
-12.0,12,214.086148
-16.0,16,214.250347
-17.0,17,214.371241
-31.0,31,214.668493
-77.0,11,214.775805
-14.0,14,214.917721
-69.0,14,215.078626
-39.0,17,215.245284
-19.0,19,215.386659
-13.0,13,215.52319
-46.0,13,215.669893
-15.0,15,215.78865
-21.0,21,215.963645
-19.0,19,216.191769
-24.0,13,216.336544
-82.0,16,216.509203
-20.0,20,216.699755
-60.0,16,216.838849
-22.0,22,217.069638
-13.0,13,217.248428
-25.0,25,217.498148
-20.0,20,217.684176
-15.0,15,217.79836
-23.0,23,218.029426
-19.0,19,218.250988
-18.0,18,218.421542
-11.0,11,218.542326
-15.0,15,218.666696
-15.0,15,218.845134
-240.0,20,219.030984
-18.0,18,219.214614
-117.0,18,219.386596
-144.0,23,219.589304
-170.0,16,219.76101
-15.0,15,219.980298
-28.0,17,220.146886
-21.0,21,220.340977
-21.0,21,220.560745
-17.0,17,220.751199
-25.0,14,220.882606
-105.0,17,221.073251
-37.0,15,221.238329
-18.0,18,221.414034
-21.0,21,221.608534
-14.0,14,221.773008
-36.0,14,221.898523
-16.0,16,222.090699
-12.0,12,222.250774
-14.0,14,222.393171
-16.0,16,222.575578
-13.0,13,222.700216
-16.0,16,222.898815
-14.0,14,223.051227
-16.0,16,223.207736
-16.0,16,223.371691
-20.0,20,223.553398
-42.0,20,223.740514
-13.0,13,223.867996
-17.0,17,224.073552
-85.0,19,224.295591
-82.0,16,224.450773
-22.0,22,224.662428
-30.0,30,224.92822
-104.0,16,225.081041
-27.0,16,225.205922
-18.0,18,225.424241
-90.0,13,225.561872
-16.0,16,225.74272
-21.0,21,225.950844
-15.0,15,226.121513
-29.0,29,226.444043
-25.0,25,226.674962
-19.0,19,226.866301
-49.0,16,226.995596
-42.0,20,227.168131
-21.0,21,227.411092
-14.0,14,227.537158
-114.0,15,227.692273
-18.0,18,227.860253
-13.0,13,227.977769
-19.0,19,228.141371
-21.0,21,228.354945
-18.0,18,228.525796
-18.0,18,228.743867
-17.0,17,228.901969
-22.0,22,229.10021
-16.0,16,229.269104
-14.0,14,229.402385
-22.0,22,229.614396
-79.0,13,229.761524
-18.0,18,229.953935
-29.0,29,230.245162
-116.0,17,230.405325
-31.0,31,230.662032
-20.0,20,230.83664
-15.0,15,230.982114
-26.0,26,231.230761
-16.0,16,231.368461
-69.0,14,231.506683
-20.0,20,238.066649
-18.0,18,238.264338
-26.0,15,238.389939
-13.0,13,238.488892
-19.0,19,238.693306
-125.0,15,238.849136
-20.0,20,239.00398
-24.0,24,239.24336
-13.0,13,239.387411
-56.0,12,239.528205
-14.0,14,239.64993
-33.0,33,239.961518
-17.0,17,240.170136
-23.0,23,240.403436
-64.0,20,240.620211
-13.0,13,240.777198
-25.0,25,241.034672
-17.0,17,241.216666
-16.0,16,241.384664
-21.0,21,241.54608
-13.0,13,241.680982
-30.0,19,241.892298
-20.0,20,242.060536
-23.0,23,242.266913
-15.0,15,242.443724
-56.0,12,242.568007
-23.0,23,242.736421
-15.0,15,242.880024
-26.0,15,242.99046
-14.0,14,243.134813
-21.0,21,243.341162
-27.0,27,243.631318
-158.0,26,243.911299
-21.0,21,244.147237
-32.0,21,244.361539
-8.0,8,244.445046
-17.0,17,244.612302
-13.0,13,244.75104
-23.0,23,244.971935
-183.0,18,245.124662
-18.0,18,245.33272
-17.0,17,245.493497
-21.0,21,245.728243
-22.0,22,245.932408
-14.0,14,246.096708
-39.0,17,246.252503
-13.0,13,246.387687
-11.0,11,246.504547
-33.0,22,246.725326
-17.0,17,246.867949
-23.0,23,247.088106
-12.0,12,247.245953
-19.0,19,247.449255
-18.0,18,247.646602
-27.0,27,247.966803
-54.0,21,248.208619
-16.0,14,248.3565
-153.0,21,248.55377
-14.0,14,248.681679
-17.0,17,248.865807
-20.0,20,249.048455
-23.0,23,249.294732
-20.0,20,249.501187
-37.0,15,249.660811
-20.0,20,249.882033
-17.0,17,250.064206
-152.0,20,250.279253
-17.0,17,250.447824
-19.0,19,250.664783
-16.0,16,250.829755
-15.0,15,251.00255
-12.0,12,251.154309
-22.0,22,251.436662
-12.0,12,251.558123
-194.0,18,251.676291
-19.0,19,251.885051
-20.0,20,252.088317
-23.0,23,252.299675
-44.0,11,252.417555
-22.0,22,252.602786
-19.0,19,252.763366
-135.0,14,252.923919
-10.0,10,253.027832
-42.0,20,253.278409
-40.0,18,253.478
-19.0,19,253.668549
-65.0,21,253.88812
-14.0,14,254.016174
-24.0,13,254.128767
-19.0,19,254.316763
-17.0,17,254.471416
-91.0,14,254.619526
-71.0,16,254.769711
-17.0,17,254.925414
-20.0,20,255.127955
-33.0,22,255.362189
-20.0,20,255.594274
-16.0,16,255.760695
-17.0,17,255.927803
-47.0,14,256.086703
-13.0,13,256.226892
-78.0,12,256.334418
-16.0,16,256.508507
-13.0,13,256.6445
-17.0,17,256.785846
-17.0,17,256.967819
-204.0,28,257.251494
-16.0,16,257.408453
-16.0,16,257.566315
-193.0,17,257.74926
-20.0,20,257.948396
-16.0,16,258.121298
-38.0,16,258.304244
-18.0,18,258.4747
-33.0,33,265.138398
-14.0,14,265.297689
-141.0,20,265.488933
-14.0,14,265.623318
-22.0,22,265.826116
-12.0,12,265.91914
-14.0,14,266.059764
-97.0,20,266.244182
-21.0,21,266.425883
-23.0,23,266.633299
-165.0,22,266.856502
-16.0,16,266.997269
-193.0,17,267.183259
-21.0,21,267.385466
-123.0,13,267.49266
-23.0,23,267.717071
-14.0,14,267.88081
-17.0,17,268.05541
-18.0,18,268.252632
-16.0,16,268.425554
-25.0,14,268.584043
-23.0,23,268.849025
-21.0,21,269.067516
-16.0,16,269.237062
-91.0,25,269.452837
-15.0,15,269.613925
-19.0,19,269.801074
-23.0,23,270.03337
-170.0,16,270.240593
-93.0,16,270.40508
-25.0,25,270.692531
-13.0,13,270.856191
-16.0,16,271.032895
-17.0,17,271.218234
-222.0,24,271.437043
-14.0,14,271.591868
-39.0,17,271.784647
-82.0,16,271.973676
-22.0,22,272.219384
-20.0,20,272.417717
-18.0,18,272.613843
-21.0,21,272.880212
-14.0,14,273.014193
-16.0,16,273.185331
-20.0,20,273.412499
-47.0,14,273.534662
-19.0,19,273.735031
-16.0,16,273.909681
-21.0,21,274.068497
-12.0,12,274.189662
-14.0,14,274.355388
-26.0,26,274.57812
-18.0,18,274.731558
-94.0,17,274.848358
-19.0,19,275.008129
-18.0,18,275.188848
-18.0,18,275.362247
-22.0,22,275.535933
-23.0,23,275.707442
-14.0,14,275.821743
-15.0,15,275.948183
-25.0,25,276.220906
-16.0,16,276.390935
-20.0,20,276.613704
-19.0,19,276.800564
-20.0,20,276.964609
-18.0,18,277.141369
-16.0,16,277.299254
-17.0,17,277.439827
-123.0,13,277.523782
-19.0,19,277.673271
-30.0,30,277.915708
-124.0,14,278.022889
-17.0,17,278.198866
-19.0,19,278.380278
-15.0,15,278.591879
-12.0,12,278.726524
-19.0,19,278.922466
-18.0,18,279.121114
-20.0,20,279.32295
-54.0,21,279.52566
-206.0,19,279.70587
-12.0,12,279.804073
-83.0,17,279.966757
-20.0,20,280.146393
-15.0,15,280.311263
-58.0,25,280.558453
-23.0,23,280.791389
-107.0,19,280.990237
-28.0,28,281.254613
-20.0,20,281.44071
-22.0,22,281.653946
-14.0,14,281.775579
-149.0,17,281.907547
-14.0,14,282.0508
-19.0,19,282.218013
-12.0,12,282.30834
-14.0,14,282.432448
-17.0,17,282.567317
-14.0,14,282.713285
-26.0,26,282.980971
-146.0,14,283.109467
-19.0,19,283.28471
-17.0,17,283.454899
-18.0,18,283.646432
-22.0,22,283.855716
-15.0,15,283.981096
-15.0,15,284.104991
-20.0,20,284.318385
-62.0,18,284.49299
-19.0,19,284.650574
-19.0,19,284.84225
-14.0,14,284.972815
-20.0,20,291.15604
-18.0,18,291.314797
-17.0,17,291.466351
-13.0,13,291.596138
-162.0,19,291.748862
-23.0,23,291.971216
-18.0,18,292.146439
-102.0,14,292.273702
-20.0,20,292.441215
-24.0,24,292.645278
-19.0,19,292.794953
-12.0,12,292.925699
-22.0,22,293.147925
-139.0,18,293.291369
-14.0,14,293.388345
-18.0,18,293.51564
-22.0,22,293.681248
-17.0,17,293.846091
-21.0,21,294.031514
-19.0,19,294.216491
-19.0,19,294.427107
-26.0,26,294.644632
-19.0,19,294.820023
-15.0,15,294.961061
-19.0,19,295.136963
-20.0,20,295.350473
-116.0,17,295.531739
-28.0,17,295.707893
-15.0,15,295.840324
-21.0,21,295.997065
-63.0,19,296.167977
-14.0,14,296.306751
-21.0,21,296.50958
-232.0,23,296.697732
-18.0,18,296.875547
-19.0,19,297.080485
-18.0,18,297.262534
-18.0,18,297.424463
-20.0,20,297.632691
-12.0,12,297.763837
-18.0,18,297.959316
-15.0,15,298.097577
-14.0,14,298.197235
-26.0,26,298.377781
-14.0,14,298.519159
-14.0,14,298.655715
-15.0,15,298.812825
-18.0,18,298.973887
-31.0,31,299.234578
-23.0,23,299.461023
-14.0,14,299.616534
-21.0,21,299.820972
-52.0,19,299.997154
-13.0,13,300.09523
-16.0,16,300.236577
-30.0,30,300.526103
-17.0,17,300.688622
-53.0,20,300.879016
-37.0,26,301.106202
-22.0,22,301.286935
-19.0,19,301.45205
-35.0,35,301.779902
-21.0,21,302.006431
-21.0,21,302.191322
-20.0,20,302.372242
-23.0,23,302.576018
-13.0,13,302.715309
-19.0,19,302.848086
-17.0,17,302.970039
-21.0,21,303.166793
-150.0,18,303.345918
-15.0,15,303.516041
-12.0,12,303.608822
-13.0,13,303.73754
-18.0,18,303.917197
-24.0,24,304.13245
-18.0,18,304.30719
-13.0,13,304.428578
-14.0,14,304.548134
-16.0,16,304.708754
-47.0,14,304.869206
-23.0,23,305.109457
-22.0,22,305.313116
-180.0,15,305.460378
-41.0,19,305.637105
-14.0,14,305.785731
-91.0,25,306.057355
-16.0,16,306.182092
-21.0,21,306.38804
-16.0,16,306.530542
-75.0,20,306.71877
-14.0,14,306.834786
-15.0,15,306.968861
-20.0,20,307.148025
-95.0,18,307.319206
-14.0,14,307.417943
-16.0,16,307.611186
-14.0,14,307.735066
-118.0,19,307.862399
-14.0,14,307.96434
-22.0,22,308.161416
-21.0,21,308.357121
-23.0,23,308.608625
-17.0,17,308.787245
-30.0,19,308.945584
-18.0,18,309.101189
-14.0,14,309.22934
-33.0,33,309.514989
-11.0,11,309.606795
-15.0,15,309.763333
-22.0,22,309.969561
-18.0,18,316.123946
-23.0,23,316.314985
-15.0,15,316.458588
-13.0,13,316.586674
-24.0,24,316.79582
-16.0,16,316.972134
-21.0,21,317.148823
-45.0,12,317.271815
-15.0,15,317.415202
-20.0,20,317.630026
-23.0,23,317.856683
-17.0,17,318.023484
-173.0,19,318.16356
-80.0,14,318.27624
-36.0,25,318.509369
-31.0,20,318.660563
-16.0,16,318.782762
-22.0,22,318.999188
-13.0,13,319.109216
-10.0,10,319.207666
-16.0,16,319.372077
-99.0,22,319.555755
-19.0,19,319.73956
-159.0,27,320.004045
-21.0,21,320.164343
-17.0,17,320.368591
-14.0,14,320.479542
-47.0,14,320.633703
-21.0,21,320.831
-13.0,13,320.966037
-13.0,13,321.086217
-16.0,16,321.2226
-22.0,22,321.406736
-20.0,20,321.598884
-16.0,16,321.764377
-19.0,19,321.910706
-170.0,16,322.031004
-20.0,20,322.20165
-25.0,25,322.422506
-15.0,15,322.567085
-324.0,27,322.794864
-114.0,15,322.908618
-41.0,19,323.126227
-79.0,13,323.262972
-75.0,31,323.560996
-17.0,17,323.752762
-28.0,17,323.911621
-19.0,19,324.091583
-17.0,17,324.256023
-27.0,27,324.508857
-161.0,18,324.685126
-64.0,20,324.881328
-17.0,17,325.04268
-159.0,16,325.18432
-18.0,18,325.359385
-19.0,19,325.559709
-13.0,13,325.706076
-22.0,22,325.898957
-14.0,14,326.010644
-14.0,14,326.161925
-94.0,17,326.314155
-24.0,24,326.508494
-131.0,21,326.702384
-13.0,13,326.848392
-9.0,9,326.926864
-16.0,16,327.068876
-25.0,25,327.295345
-20.0,20,327.457141
-18.0,18,327.597484
-23.0,23,327.798674
-12.0,12,327.920458
-75.0,20,328.08618
-7.0,7,328.169667
-23.0,23,328.389129
-25.0,25,328.607196
-20.0,20,328.774181
-38.0,16,328.904423
-17.0,17,329.087353
-19.0,19,329.279486
-18.0,18,329.477993
-17.0,17,329.666708
-20.0,20,329.845907
-11.0,11,329.957438
-13.0,13,330.052153
-19.0,19,330.207495
-20.0,20,330.391057
-28.0,28,330.63052
-18.0,18,330.837713
-39.0,17,330.977334
-21.0,21,331.178037
-14.0,14,331.33296
-33.0,33,331.651977
-15.0,15,331.81369
-13.0,13,331.91033
-12.0,12,332.025406
-12.0,12,332.184086
-15.0,15,332.371656
-23.0,23,332.57928
-19.0,19,332.736306
-22.0,22,332.97937
-14.0,14,333.124079
-15.0,15,333.276656
-18.0,18,333.433656
-109.0,21,333.59365
-13.0,13,333.697784
-12.0,12,333.824084
-48.0,15,333.989807
-14.0,14,334.133882
-96.0,19,334.33992
-17.0,17,334.489574
-26.0,26,334.750667
-14.0,14,334.906627
-19.0,19,335.066366
-15.0,15,341.402231
-11.0,11,341.487142
-22.0,22,341.707129
-14.0,14,341.879799
-97.0,31,342.165827
-15.0,15,342.329389
-21.0,21,342.538428
-21.0,21,342.713108
-15.0,15,342.832546
-13.0,13,342.948582
-17.0,17,343.108312
-18.0,18,343.275593
-18.0,18,343.472151
-21.0,21,343.676406
-36.0,14,343.820717
-22.0,22,344.027539
-20.0,20,344.208463
-19.0,19,344.400745
-17.0,17,344.52794
-15.0,15,344.666966
-25.0,25,344.884335
-15.0,15,345.022551
-24.0,24,345.264702
-20.0,20,345.43138
-24.0,13,345.571074
-24.0,24,345.780789
-14.0,14,345.903313
-93.0,27,346.127733
-20.0,20,346.295531
-20.0,20,346.491116
-19.0,19,346.700562
-22.0,22,346.916853
-57.0,13,347.049146
-19.0,19,347.218769
-16.0,16,347.39833
-21.0,21,347.603468
-12.0,12,347.704857
-11.0,11,347.791766
-41.0,19,347.999907
-19.0,19,348.185998
-24.0,24,348.402436
-16.0,16,348.560272
-16.0,16,348.679401
-15.0,15,348.798088
-19.0,19,348.940677
-12.0,12,349.046336
-19.0,19,349.209718
-49.0,16,349.336474
-22.0,22,349.509034
-20.0,20,349.680452
-17.0,17,349.804886
-16.0,16,349.925194
-18.0,18,350.074299
-28.0,28,350.336807
-66.0,22,350.513599
-17.0,17,350.665182
-17.0,17,350.810944
-90.0,13,350.924356
-16.0,16,351.044623
-14.0,14,351.172259
-16.0,16,351.325328
-281.0,28,351.539873
-15.0,15,351.653487
-27.0,27,351.889541
-19.0,19,352.046953
-18.0,18,352.237504
-20.0,20,352.412782
-36.0,14,352.562503
-32.0,21,352.747258
-18.0,18,352.918835
-15.0,15,353.057328
-51.0,18,353.210228
-16.0,16,353.355525
-20.0,20,353.514528
-18.0,18,353.705957
-34.0,12,353.824304
-20.0,20,354.050122
-17.0,17,354.212208
-11.0,11,354.301776
-39.0,39,354.654037
-15.0,15,354.803175
-16.0,16,354.974688
-23.0,23,355.176413
-79.0,13,355.332384
-15.0,15,355.461586
-105.0,17,355.627557
-21.0,21,355.805098
-11.0,11,355.889868
-26.0,15,356.039863
-14.0,14,356.177971
-12.0,12,356.286831
-13.0,13,356.428015
-19.0,19,356.600788
-25.0,25,356.818524
-20.0,20,356.986754
-23.0,23,357.195042
-18.0,18,357.385876
-13.0,13,357.492819
-24.0,24,357.718278
-12.0,12,357.826655
-16.0,16,358.005215
-18.0,18,358.16406
-21.0,21,358.317809
-14.0,14,358.426121
-30.0,19,358.592237
-20.0,20,358.798491
-18.0,18,358.992274
-15.0,15,359.135274
-18.0,18,359.320768
-15.0,15,359.479639
-56.0,23,359.731706
-24.0,24,359.970506
-14.0,14,360.077424
-14.0,14,360.21286
-14.0,14,366.398526
-25.0,14,366.552103
-20.0,20,366.721969
-21.0,21,366.927505
-19.0,19,367.119494
-13.0,13,367.26831
-16.0,16,367.408035
-16.0,16,367.526551
-81.0,26,367.765089
-25.0,14,367.88494
-17.0,17,368.035851
-18.0,18,368.211982
-14.0,14,368.353344
-18.0,18,368.50453
-18.0,18,368.697113
-23.0,23,368.920953
-19.0,19,369.115265
-16.0,16,369.280735
-17.0,17,369.464727
-19.0,19,369.650907
-14.0,14,369.765972
-23.0,23,369.956622
-15.0,15,370.111514
-13.0,13,370.248942
-16.0,16,370.410599
-12.0,12,370.537147
-26.0,26,370.77039
-13.0,13,370.868382
-12.0,12,370.983546
-13.0,13,371.106668
-115.0,16,371.251625
-18.0,18,371.461418
-22.0,22,371.629512
-13.0,13,371.730297
-156.0,24,371.939184
-21.0,21,372.136883
-13.0,13,372.249331
-22.0,22,372.503132
-13.0,13,372.631579
-16.0,16,372.776598
-16.0,16,372.92872
-72.0,17,373.093787
-111.0,12,373.211442
-47.0,14,373.328788
-20.0,20,373.549911
-29.0,18,373.726262
-16.0,16,373.900356
-11.0,11,374.02183
-16.0,16,374.196585
-24.0,24,374.440075
-69.0,14,374.5897
-76.0,21,374.808618
-22.0,22,375.011812
-19.0,19,375.200673
-19.0,19,375.369226
-21.0,21,375.565799
-16.0,16,375.699186
-18.0,18,375.888303
-74.0,19,376.070499
-13.0,13,376.202663
-162.0,19,376.383453
-30.0,19,376.554232
-25.0,25,376.791383
-18.0,18,376.930691
-16.0,16,377.088691
-15.0,15,377.234215
-17.0,17,377.398785
-63.0,19,377.566741
-24.0,24,377.811369
-48.0,26,378.052185
-204.0,17,378.216555
-20.0,20,378.44308
-22.0,22,378.61939
-15.0,15,378.793069
-26.0,15,378.907112
-26.0,26,379.135058
-18.0,18,379.293629
-18.0,18,379.457638
-112.0,13,379.565475
-38.0,16,379.703834
-21.0,21,379.895547
-18.0,18,380.103723
-21.0,21,380.28516
-19.0,19,380.486998
-18.0,18,380.63826
-21.0,21,380.837317
-14.0,14,380.989147
-97.0,31,381.3147
-188.0,23,381.50641
-14.0,14,381.641859
-14.0,14,381.78207
-33.0,22,381.981264
-15.0,15,382.147029
-16.0,16,382.324087
-18.0,18,382.518372
-177.0,23,382.703113
-32.0,32,383.016532
-26.0,26,383.251378
-20.0,20,383.451579
-72.0,17,383.613714
-84.0,18,383.783241
-15.0,15,383.938392
-21.0,21,384.154873
-20.0,20,384.359648
-25.0,25,384.601822
-15.0,15,384.739908
-13.0,13,384.844422
-81.0,15,385.002642
-21.0,21,385.244833
-13.0,13,385.370223
-14.0,14,385.491357
-51.0,18,385.679888
-24.0,24,385.926085
-78.0,12,392.210447
-15.0,15,392.359815
-19.0,19,392.549788
-19.0,19,392.742093
-19.0,19,392.894012
-14.0,14,393.034299
-17.0,17,393.194516
-14.0,14,393.320796
-24.0,24,393.5453
-24.0,13,393.68311
-15.0,15,393.816763
-13.0,13,393.945252
-12.0,12,394.090005
-18.0,18,394.288785
-231.0,22,394.495614
-22.0,22,394.70167
-26.0,26,394.933098
-13.0,13,395.077243
-12.0,12,395.200827
-14.0,14,395.319333
-14.0,14,395.438851
-28.0,17,395.611049
-20.0,20,395.787048
-21.0,21,395.959059
-31.0,20,396.144323
-16.0,16,396.28856
-11.0,11,396.394253
-12.0,12,396.515757
-15.0,15,396.673133
-14.0,14,396.786737
-20.0,20,396.951385
-13.0,13,397.049904
-18.0,18,397.204753
-57.0,13,397.326524
-39.0,17,397.478947
-13.0,13,397.625129
-16.0,16,397.802719
-16.0,16,397.919878
-21.0,21,398.115537
-23.0,23,398.374162
-149.0,17,398.51872
-14.0,14,398.634133
-13.0,13,398.791786
-14.0,14,398.939011
-22.0,22,399.161443
-31.0,31,399.454294
-21.0,21,399.625638
-20.0,20,399.785236
-20.0,20,399.983669
-14.0,14,400.122286
-15.0,15,400.269063
-22.0,22,400.495684
-38.0,27,400.730939
-18.0,18,400.892251
-63.0,19,401.06362
-21.0,21,401.23879
-16.0,16,401.397719
-16.0,16,401.564577
-44.0,11,401.662466
-13.0,13,401.797636
-20.0,20,401.936888
-18.0,18,402.128879
-14.0,14,402.26683
-14.0,14,402.40071
-18.0,18,402.576376
-69.0,14,402.734471
-25.0,14,402.890831
-24.0,13,402.999879
-17.0,17,403.166112
-23.0,23,403.390579
-15.0,15,403.56167
-12.0,12,403.683463
-17.0,17,403.84575
-21.0,21,404.04657
-16.0,16,404.239713
-18.0,18,404.436859
-19.0,19,404.615147
-16.0,16,404.759414
-22.0,22,404.97036
-59.0,26,405.231327
-18.0,18,405.418632
-117.0,18,405.55827
-15.0,15,405.713637
-18.0,18,405.863224
-17.0,17,406.016299
-12.0,12,406.115994
-12.0,12,406.253054
-18.0,18,406.408526
-55.0,11,406.517158
-21.0,21,406.731743
-14.0,14,406.888613
-21.0,21,407.059047
-23.0,23,407.265797
-30.0,19,407.420132
-22.0,22,407.603395
-14.0,14,407.738429
-13.0,13,407.866739
-25.0,25,408.087012
-16.0,16,408.257266
-13.0,13,408.405712
-15.0,15,408.522364
-12.0,12,408.66368
-18.0,18,408.850344
-14.0,14,409.002253
-69.0,14,409.137758
-24.0,24,409.374965
-19.0,19,409.582996
-16.0,16,409.743143
-19.0,19,409.936051
-13.0,13,410.039712
-12.0,12,410.157887
-16.0,16,410.302573
-17.0,17,410.462044
-9.0,9,410.530317
-82.0,16,410.672227
-18.0,18,410.850536
-15.0,15,410.971997
-13.0,11,411.084329
-18.0,18,411.248558
-29.0,18,411.432922
-16.0,16,411.591901
-17.0,17,418.025446
-14.0,14,418.18738
-11.0,11,418.310383
-19.0,19,418.476532
-16.0,16,418.601974
-15.0,15,418.761471
-19.0,19,418.947633
-21.0,21,419.148624
-20.0,20,419.329779
-19.0,19,419.528281
-12.0,12,419.641339
-15.0,15,419.812917
-15.0,15,420.008493
-13.0,13,420.144461
-17.0,17,420.326476
-17.0,17,420.465436
-133.0,12,420.588535
-74.0,19,420.77312
-65.0,21,420.950064
-23.0,23,421.224406
-21.0,21,421.431312
-16.0,16,421.611293
-31.0,20,421.770663
-24.0,24,422.012408
-70.0,15,422.134832
-16.0,16,422.283262
-20.0,20,422.502355
-88.0,11,422.623333
-19.0,19,422.790802
-15.0,15,422.949034
-21.0,21,423.132994
-100.0,23,423.362339
-16.0,16,423.547845
-16.0,16,423.71841
-16.0,16,423.899819
-13.0,13,424.038039
-132.0,22,424.222822
-14.0,14,424.375028
-17.0,17,424.554518
-26.0,26,424.773103
-31.0,20,424.948092
-21.0,21,425.144003
-17.0,17,425.328048
-17.0,17,425.516261
-40.0,18,425.689581
-17.0,17,425.865487
-17.0,17,426.067499
-21.0,21,426.271007
-19.0,19,426.461782
-12.0,12,426.564326
-26.0,26,426.820018
-16.0,16,426.979529
-17.0,17,427.130218
-59.0,15,427.287725
-235.0,26,427.516119
-20.0,20,427.730402
-42.0,20,427.917394
-16.0,16,428.045376
-16.0,16,428.202911
-18.0,18,428.358379
-17.0,17,428.499436
-17.0,17,428.647855
-18.0,18,428.822051
-15.0,15,428.954593
-84.0,18,429.09004
-23.0,23,429.312941
-22.0,22,429.505388
-22.0,22,429.725384
-17.0,17,429.890939
-18.0,18,430.078785
-19.0,19,430.269805
-15.0,15,430.426433
-21.0,21,430.617301
-14.0,14,430.747939
-162.0,19,430.907769
-12.0,12,431.017188
-12.0,12,431.148145
-18.0,18,431.319926
-16.0,16,431.440741
-24.0,13,431.578042
-22.0,22,431.783458
-20.0,20,431.963946
-180.0,15,432.096081
-21.0,21,432.269621
-24.0,24,432.482805
-15.0,15,432.628313
-18.0,18,432.763772
-17.0,17,432.890312
-20.0,20,433.066107
-16.0,16,433.22945
-13.0,13,433.376447
-22.0,22,433.563173
-18.0,18,433.761027
-26.0,15,433.877779
-16.0,16,434.058048
-34.0,23,434.272143
-20.0,20,434.4706
-50.0,17,434.608351
-29.0,18,434.791218
-22.0,22,434.984661
-62.0,18,435.1473
-20.0,20,435.340684
-12.0,12,435.468208
-14.0,14,435.616868
-15.0,15,435.7518
-20.0,20,435.96673
-20.0,20,436.137107
-17.0,17,436.294502
-14.0,14,436.43808
-13.0,13,436.587002
-15.0,15,436.729277
-19.0,19,436.903539
-24.0,24,437.111846
-17.0,17,437.272958
-12.0,12,437.37911
-15.0,15,437.531396
-18.0,18,443.731712
-12.0,12,443.859634
-16.0,16,444.016289
-16.0,16,444.148245
-17.0,17,444.314823
-19.0,19,444.502897
-18.0,18,444.665834
-18.0,18,444.83618
-47.0,14,444.971007
-16.0,16,445.154567
-129.0,19,445.317056
-20.0,20,445.528851
-15.0,15,445.661643
-18.0,18,445.820789
-20.0,20,446.021155
-15.0,15,446.147116
-19.0,19,446.334304
-16.0,16,446.483998
-30.0,19,446.674356
-105.0,17,446.826858
-12.0,12,446.915392
-16.0,16,447.103217
-11.0,11,447.220144
-19.0,19,447.389567
-18.0,18,447.594585
-18.0,18,447.750128
-12.0,12,447.867632
-267.0,25,448.095567
-73.0,18,448.250051
-18.0,18,448.436378
-15.0,15,448.583393
-14.0,14,448.740645
-25.0,25,448.980629
-16.0,16,449.150246
-14.0,14,449.300063
-19.0,19,449.489978
-12.0,12,449.593206
-16.0,16,449.73806
-17.0,17,449.903927
-12.0,12,450.020184
-26.0,15,450.178351
-17.0,17,450.338748
-100.0,23,450.566279
-18.0,18,450.731085
-17.0,17,450.909336
-19.0,19,451.110504
-17.0,17,451.283381
-15.0,15,451.419778
-17.0,17,451.567546
-19.0,19,451.769904
-25.0,25,452.003048
-13.0,13,452.126235
-21.0,21,452.338774
-25.0,14,452.485052
-25.0,14,452.662984
-19.0,19,452.839201
-13.0,13,452.980103
-16.0,16,453.121764
-26.0,26,453.349478
-22.0,22,453.58265
-14.0,14,453.73463
-19.0,19,453.909578
-19.0,19,454.063557
-71.0,16,454.221751
-13.0,13,454.361816
-13.0,13,454.508874
-23.0,23,454.710788
-15.0,15,454.834902
-16.0,16,454.99295
-17.0,17,455.179069
-22.0,22,455.388879
-16.0,16,455.526947
-18.0,18,455.702252
-26.0,26,455.937465
-78.0,12,456.061226
-13.0,13,456.167028
-37.0,15,456.303111
-20.0,20,456.479286
-20.0,20,456.707467
-15.0,15,456.855051
-16.0,16,456.987235
-29.0,18,457.11301
-11.0,11,457.240165
-16.0,16,457.40325
-18.0,18,457.55772
-8.0,8,457.639927
-73.0,18,457.797753
-16.0,16,457.91392
-18.0,18,458.091186
-184.0,30,458.437498
-13.0,13,458.586375
-18.0,18,458.797683
-12.0,12,458.911184
-16.0,16,459.037957
-19.0,19,459.222641
-46.0,13,459.362608
-16.0,16,459.539032
-27.0,16,459.687304
-17.0,17,459.836751
-13.0,13,459.934994
-21.0,21,460.091386
-21.0,21,460.245431
-20.0,20,460.446192
-18.0,18,460.59344
-81.0,15,460.698796
-27.0,16,460.81861
-18.0,18,460.969254
-18.0,18,461.10366
-17.0,17,461.248149
-16.0,16,461.413634
-14.0,14,461.567978
-176.0,22,461.751466
-13.0,13,461.854378
-17.0,17,462.027616
-24.0,24,462.245391
-22.0,22,462.446596
-15.0,15,462.582624
-13.0,13,462.716082
-16.0,16,462.868412
-23.0,23,463.10023
-26.0,26,469.270336
-37.0,15,469.423543
-16.0,16,469.577926
-14.0,14,469.73032
-33.0,22,469.93135
-17.0,17,470.104036
-14.0,14,470.240614
-37.0,26,470.457654
-17.0,17,470.588874
-20.0,20,470.799441
-15.0,15,470.944856
-18.0,18,471.099959
-15.0,15,471.268163
-41.0,19,471.410418
-18.0,18,471.588401
-12.0,12,471.702978
-15.0,15,471.855791
-19.0,19,472.04903
-23.0,23,472.274183
-27.0,16,472.446369
-51.0,18,472.62824
-14.0,14,472.792672
-14.0,14,472.903999
-21.0,21,473.122065
-17.0,17,473.273263
-30.0,19,473.420027
-21.0,21,473.601859
-25.0,25,473.84897
-13.0,13,473.974509
-16.0,16,474.127755
-22.0,22,474.291058
-17.0,17,474.435462
-17.0,17,474.621772
-19.0,19,474.809796
-15.0,15,474.965851
-13.0,13,475.104754
-94.0,17,475.229482
-14.0,14,475.370239
-22.0,22,475.621289
-19.0,19,475.803711
-19.0,19,475.955173
-20.0,20,476.162893
-18.0,18,476.32047
-20.0,20,476.478198
-17.0,17,476.627416
-16.0,16,476.808489
-15.0,15,476.958567
-40.0,18,477.158749
-15.0,15,477.269105
-24.0,24,477.477713
-18.0,18,477.649783
-16.0,16,477.839092
-16.0,16,477.979186
-126.0,16,478.160513
-18.0,18,478.333068
-25.0,25,478.564062
-12.0,12,478.687551
-26.0,15,478.832153
-20.0,20,479.02207
-15.0,15,479.189587
-11.0,11,479.300193
-12.0,12,479.417033
-11.0,11,479.541776
-18.0,18,479.703797
-22.0,22,479.911289
-14.0,14,480.064938
-20.0,20,480.279041
-16.0,16,480.431017
-20.0,20,480.639648
-20.0,20,480.850702
-16.0,16,480.993356
-24.0,24,481.219871
-18.0,18,481.388067
-26.0,15,481.555353
-19.0,19,481.743377
-33.0,11,481.880384
-9.0,9,481.977436
-20.0,20,482.172879
-16.0,16,482.328925
-17.0,17,482.485828
-19.0,19,482.674779
-14.0,14,482.78448
-17.0,17,482.938385
-17.0,17,483.104584
-18.0,18,483.287858
-23.0,23,483.4992
-28.0,17,483.667726
-18.0,18,483.847265
-22.0,22,484.0564
-12.0,12,484.166124
-17.0,17,484.304083
-18.0,18,484.482213
-11.0,11,484.59287
-17.0,17,484.796609
-19.0,19,484.991744
-16.0,16,485.152372
-15.0,15,485.303052
-15.0,15,485.437876
-17.0,17,485.597028
-15.0,15,485.735597
-22.0,22,485.953842
-18.0,18,486.133563
-25.0,25,486.391482
-14.0,14,486.552692
-17.0,17,486.680559
-18.0,18,486.836797
-17.0,17,487.018859
-15.0,15,487.163942
-18.0,18,487.347287
-15.0,15,487.491526
-12.0,12,487.581797
-18.0,18,487.716207
-14.0,14,487.833877
-16.0,16,487.996044
-15.0,15,488.178241
-17.0,17,488.328875
-14.0,14,488.428634
-13.0,13,488.563992
-26.0,26,494.30741
-26.0,26,494.517889
-29.0,18,494.70882
-16.0,16,494.854761
-13.0,13,494.967816
-18.0,18,495.167954
-20.0,20,495.357543
-15.0,15,495.525334
-14.0,14,495.65781
-16.0,16,495.829718
-18.0,18,496.010263
-13.0,13,496.123076
-107.0,19,496.292068
-16.0,16,496.471313
-17.0,17,496.640042
-14.0,14,496.779552
-14.0,14,496.924507
-18.0,18,497.091527
-17.0,17,497.234841
-20.0,20,497.418321
-18.0,18,497.582959
-20.0,20,497.74246
-23.0,23,497.991197
-18.0,18,498.147238
-13.0,13,498.25003
-26.0,15,498.3866
-68.0,13,498.499691
-19.0,19,498.690292
-22.0,22,498.938139
-16.0,16,499.103521
-22.0,22,499.271182
-17.0,17,499.44562
-18.0,18,499.623278
-12.0,12,499.71848
-18.0,18,499.889918
-89.0,23,500.084413
-21.0,21,500.257102
-10.0,10,500.344902
-17.0,17,500.504693
-21.0,21,500.682046
-14.0,14,500.820488
-15.0,15,500.942956
-19.0,19,501.133097
-94.0,17,501.321258
-73.0,18,501.495011
-22.0,22,501.758628
-21.0,21,501.962287
-20.0,20,502.139501
-29.0,29,502.394597
-16.0,16,502.519026
-21.0,21,502.720264
-17.0,17,502.897052
-15.0,15,503.02348
-24.0,13,503.181147
-12.0,12,503.306286
-19.0,19,503.477132
-22.0,22,503.658775
-27.0,16,503.790174
-13.0,13,503.914685
-35.0,24,504.12585
-17.0,17,504.2959
-17.0,17,504.469721
-18.0,18,504.614333
-13.0,13,504.733338
-20.0,20,504.929255
-18.0,18,505.091884
-14.0,14,505.243075
-12.0,12,505.370847
-16.0,16,505.545306
-83.0,17,505.713037
-12.0,12,505.826061
-120.0,21,506.044886
-12.0,12,506.158847
-24.0,13,506.265695
-38.0,16,506.402333
-21.0,21,506.59286
-19.0,19,506.766638
-18.0,16,506.927552
-16.0,16,507.086118
-18.0,18,507.282593
-18.0,18,507.446496
-10.0,10,507.5272
-15.0,15,507.655253
-93.0,16,507.77933
-15.0,15,507.939722
-18.0,18,508.093922
-13.0,13,508.226489
-17.0,17,508.405962
-21.0,21,508.579015
-17.0,17,508.724598
-17.0,17,508.886829
-15.0,15,509.007121
-25.0,25,509.244338
-18.0,18,509.43915
-31.0,31,509.725028
-24.0,24,509.979599
-18.0,18,510.158241
-12.0,12,510.288763
-16.0,16,510.482679
-84.0,18,510.693211
-19.0,19,510.880517
-19.0,19,511.085327
-18.0,18,511.26351
-34.0,23,511.471378
-15.0,15,511.586715
-65.0,21,511.802816
-13.0,13,511.936689
-19.0,19,512.130847
-18.0,18,512.297811
-59.0,15,512.40809
-21.0,21,512.641821
-25.0,25,512.911114
-13.0,13,513.035925
-13.0,13,513.165455
-18.0,18,513.381969
-20.0,20,513.56258
-12.0,12,513.718986
-19.0,19,513.909876
-27.0,16,519.758239
-18.0,18,519.898007
-11.0,11,520.006328
-15.0,15,520.162553
-14.0,14,520.263026
-18.0,18,520.413346
-20.0,20,520.631809
-28.0,17,520.774329
-33.0,22,521.036791
-15.0,15,521.204465
-15.0,15,521.339373
-21.0,21,521.504878
-20.0,20,521.718071
-17.0,17,521.893636
-26.0,26,522.171406
-21.0,21,522.374478
-27.0,27,522.64574
-22.0,22,522.916112
-30.0,30,523.179036
-25.0,25,523.425251
-20.0,20,523.636608
-17.0,17,523.82913
-15.0,15,523.965876
-23.0,23,524.21832
-18.0,18,524.435429
-20.0,20,524.642184
-23.0,23,524.880664
-19.0,19,525.062153
-12.0,12,525.170187
-14.0,14,525.320494
-14.0,14,525.425147
-13.0,13,525.542147
-16.0,16,525.721773
-16.0,16,525.861931
-15.0,15,526.004877
-17.0,17,526.214444
-23.0,23,526.429602
-28.0,28,526.651937
-16.0,16,526.821266
-79.0,13,526.929535
-21.0,21,527.121144
-132.0,22,527.30641
-17.0,17,527.470232
-17.0,17,527.644945
-18.0,18,527.846676
-29.0,18,528.028778
-17.0,17,528.204427
-63.0,19,528.404596
-14.0,14,528.578795
-14.0,14,528.730286
-13.0,13,528.858227
-11.0,11,529.004986
-15.0,15,529.167419
-21.0,21,529.413355
-21.0,21,529.591661
-18.0,18,529.731089
-20.0,20,529.903369
-16.0,16,530.022616
-19.0,19,530.227267
-16.0,16,530.435231
-13.0,13,530.551519
-15.0,15,530.677777
-30.0,30,530.94916
-12.0,12,531.087737
-11.0,11,531.183057
-22.0,22,531.339233
-20.0,20,531.521587
-16.0,16,531.677236
-16.0,16,531.834337
-15.0,15,532.014494
-20.0,20,532.2181
-22.0,22,532.440217
-16.0,16,532.622984
-40.0,18,532.840441
-27.0,27,533.147221
-25.0,25,533.409313
-19.0,19,533.598047
-21.0,21,533.796776
-21.0,21,534.022862
-14.0,14,534.182654
-21.0,21,534.392378
-15.0,15,534.554377
-27.0,16,534.773311
-18.0,18,534.991086
-67.0,12,535.112139
-19.0,19,535.266273
-29.0,29,535.560998
-12.0,12,535.697967
-18.0,18,535.880943
-27.0,27,536.136433
-22.0,22,536.362146
-25.0,25,536.614843
-22.0,11,536.724964
-14.0,14,536.880309
-18.0,18,537.057955
-16.0,16,537.180726
-28.0,28,537.495737
-14.0,14,537.653986
-28.0,28,537.953947
-19.0,19,538.111181
-24.0,24,538.294892
-13.0,13,538.440978
-26.0,26,538.686893
-12.0,12,538.813927
-15.0,15,538.979264
-23.0,23,539.236828
-15.0,15,539.403931
-19.0,19,539.597771
-31.0,31,539.940629
-15.0,15,540.097101
-15.0,15,545.942606
-21.0,21,546.173534
-20.0,20,546.385772
-20.0,20,546.549438
-21.0,21,546.76175
-15.0,15,546.931678
-13.0,13,547.068438
-19.0,19,547.263489
-11.0,11,547.358024
-17.0,17,547.537785
-14.0,14,547.658507
-14.0,14,547.829249
-16.0,16,547.992382
-17.0,17,548.196875
-18.0,18,548.380653
-27.0,27,548.633001
-37.0,15,548.780075
-16.0,16,548.92989
-15.0,15,549.082575
-26.0,26,549.268448
-20.0,20,549.431491
-14.0,14,549.578965
-21.0,21,549.818612
-24.0,24,550.072574
-20.0,20,550.269637
-16.0,16,550.480032
-126.0,16,550.632105
-23.0,23,550.870259
-23.0,23,551.138575
-18.0,18,551.352932
-26.0,26,551.653324
-26.0,15,551.768704
-14.0,14,551.914923
-25.0,25,552.209036
-17.0,17,552.356466
-19.0,19,552.570271
-19.0,19,552.776105
-20.0,20,552.957593
-11.0,11,553.046778
-15.0,15,553.211458
-21.0,21,553.421192
-26.0,26,553.655687
-23.0,23,553.918211
-29.0,29,554.138122
-14.0,14,554.265714
-21.0,21,554.493993
-19.0,19,554.703145
-15.0,15,554.842537
-16.0,16,555.022836
-14.0,14,555.149571
-21.0,21,555.391366
-18.0,18,555.57707
-14.0,14,555.70237
-29.0,29,556.006603
-17.0,17,556.151017
-94.0,28,556.42877
-14.0,14,556.576385
-16.0,16,556.711085
-25.0,25,556.946768
-16.0,16,557.131229
-15.0,15,557.301688
-15.0,15,557.462795
-25.0,25,557.686213
-24.0,24,557.934513
-16.0,16,558.099223
-35.0,13,558.243178
-18.0,18,558.457965
-24.0,24,558.71478
-15.0,15,558.880219
-17.0,17,559.040014
-36.0,36,559.386152
-19.0,19,559.592568
-28.0,28,559.864474
-17.0,17,560.037886
-15.0,15,560.182303
-20.0,20,560.397742
-24.0,24,560.625718
-55.0,22,560.80228
-19.0,19,560.94242
-18.0,18,561.129903
-14.0,14,561.249868
-18.0,18,561.425914
-16.0,16,561.613287
-19.0,19,561.808327
-14.0,14,561.911234
-19.0,19,562.059664
-19.0,19,562.284018
-13.0,13,562.415672
-22.0,22,562.629193
-31.0,31,562.921257
-21.0,21,563.133747
-14.0,14,563.295477
-166.0,23,563.482738
-14.0,14,563.651141
-35.0,35,564.038924
-14.0,14,564.154182
-21.0,21,564.388052
-17.0,17,564.554409
-13.0,13,564.700465
-14.0,14,564.864842
-17.0,17,565.036969
-12.0,12,565.178688
-49.0,16,565.313977
-19.0,19,565.464706
-19.0,19,565.680167
-14.0,14,565.843603
-17.0,17,566.03155
-16.0,16,566.202384
-11.0,11,566.286517
-31.0,31,572.599728
-18.0,18,572.762333
-10.0,10,572.864107
-13.0,13,573.006503
-15.0,15,573.198254
-18.0,18,573.41501
-25.0,25,573.61356
-19.0,19,573.796166
-15.0,15,573.956733
-36.0,14,574.100128
-17.0,17,574.293923
-24.0,24,574.537665
-22.0,22,574.733531
-22.0,22,574.972253
-19.0,19,575.185343
-23.0,23,575.443986
-15.0,15,575.600476
-30.0,19,575.790137
-18.0,18,575.963167
-17.0,17,576.171
-13.0,13,576.306839
-24.0,24,576.53788
-19.0,19,576.714312
-22.0,22,576.892398
-24.0,24,577.15767
-22.0,22,577.374897
-14.0,14,577.556211
-14.0,14,577.711129
-16.0,16,577.873716
-25.0,25,578.069747
-24.0,24,578.331448
-18.0,18,578.528904
-20.0,20,578.750234
-18.0,18,578.920824
-82.0,16,579.098572
-13.0,13,579.264875
-15.0,15,579.434947
-28.0,17,579.615146
-15.0,15,579.781378
-18.0,18,579.97303
-17.0,17,580.10488
-26.0,26,580.387783
-21.0,21,580.64133
-31.0,31,580.938486
-16.0,16,581.100268
-18.0,18,581.291765
-13.0,13,581.414955
-18.0,18,581.617264
-54.0,21,581.831698
-20.0,20,582.039112
-19.0,19,582.229876
-24.0,24,582.438933
-98.0,21,582.660021
-33.0,33,583.026793
-19.0,19,583.238367
-18.0,18,583.40202
-33.0,33,583.744005
-20.0,20,583.914122
-16.0,16,584.085523
-19.0,19,584.256983
-76.0,21,584.473824
-17.0,17,584.628327
-20.0,20,584.827854
-11.0,11,584.976012
-28.0,28,585.271429
-14.0,14,585.426325
-19.0,19,585.614952
-13.0,13,585.762655
-13.0,13,585.896372
-53.0,20,586.099257
-21.0,21,586.298665
-18.0,18,586.487003
-32.0,32,586.835277
-12.0,12,586.998174
-16.0,16,587.178251
-21.0,21,587.442298
-13.0,13,587.589395
-17.0,17,587.732002
-33.0,33,588.072712
-80.0,14,588.243626
-23.0,23,588.452592
-16.0,16,588.631844
-13.0,13,588.802816
-23.0,23,589.031793
-28.0,28,589.324534
-30.0,30,589.63314
-19.0,19,589.836536
-16.0,16,589.986017
-18.0,18,590.193305
-15.0,15,590.352855
-14.0,14,590.499307
-16.0,16,590.653236
-26.0,26,590.948142
-21.0,21,591.175759
-20.0,20,591.397203
-16.0,16,591.551638
-21.0,21,591.771628
-17.0,17,591.969644
-15.0,15,592.125868
-61.0,17,592.31646
-18.0,18,592.512079
-17.0,17,592.67055
-22.0,22,592.854518
-31.0,31,593.1896
-18.0,18,593.367529
-26.0,15,593.523868
-15.0,15,593.689883
-25.0,25,599.965637
-38.0,16,600.128356
-19.0,19,600.331981
-14.0,14,600.497036
-19.0,19,600.688564
-18.0,18,600.895419
-31.0,20,601.073009
-21.0,21,601.234925
-16.0,16,601.388207
-21.0,21,601.562888
-26.0,26,601.815595
-17.0,17,602.013193
-14.0,14,602.145223
-20.0,20,602.356184
-13.0,13,602.511482
-15.0,15,602.683747
-20.0,20,602.886714
-20.0,20,603.093347
-12.0,12,603.210942
-25.0,14,603.355325
-16.0,16,603.536134
-15.0,15,603.65678
-20.0,20,603.841297
-17.0,17,604.0263
-20.0,20,604.284827
-18.0,18,604.458238
-17.0,17,604.593273
-20.0,20,604.771905
-27.0,27,605.021287
-20.0,20,605.208024
-24.0,24,605.427756
-19.0,19,605.595367
-20.0,20,605.791798
-21.0,21,606.00217
-24.0,24,606.262713
-11.0,11,606.362946
-13.0,13,606.509186
-18.0,18,606.645065
-37.0,37,607.070302
-21.0,21,607.272697
-13.0,13,607.409381
-23.0,23,607.670502
-15.0,15,607.845495
-15.0,15,608.031245
-59.0,26,608.304851
-22.0,22,608.557142
-16.0,16,608.755404
-23.0,23,609.011422
-17.0,17,609.179857
-16.0,16,609.358596
-21.0,21,609.539231
-13.0,13,609.684191
-14.0,14,609.826308
-15.0,15,609.994082
-20.0,20,610.158787
-17.0,17,610.370064
-18.0,18,610.556441
-129.0,19,610.801717
-17.0,17,610.994206
-12.0,12,611.087644
-18.0,18,611.284934
-17.0,17,611.439903
-18.0,18,611.583854
-20.0,20,611.79706
-18.0,18,611.979478
-19.0,19,612.188064
-27.0,27,612.467355
-27.0,27,612.721934
-21.0,21,612.961148
-13.0,13,613.114688
-17.0,17,613.237814
-16.0,16,613.361277
-16.0,16,613.518768
-19.0,19,613.676569
-16.0,16,613.870943
-12.0,12,614.00224
-18.0,18,614.180439
-17.0,17,614.357308
-13.0,13,614.515204
-12.0,12,614.659386
-21.0,21,614.837765
-20.0,20,615.033912
-16.0,16,615.176616
-22.0,22,615.405023
-21.0,21,615.635903
-17.0,17,615.809201
-15.0,15,615.971296
-19.0,19,616.218111
-18.0,18,616.394181
-14.0,14,616.539844
-14.0,14,616.70809
-21.0,21,616.941055
-18.0,18,617.107384
-33.0,33,617.430658
-27.0,27,617.690338
-214.0,27,617.920422
-15.0,15,618.057531
-13.0,13,618.153538
-11.0,11,618.289976
-35.0,35,618.67393
-17.0,17,618.8455
-127.0,17,618.992945
-22.0,22,619.2625
-23.0,23,619.431584
-23.0,23,619.617108
-147.0,15,619.790555
-22.0,22,619.958359
-20.0,20,620.150299
-92.0,15,620.261236
-17.0,17,620.454211
-23.0,23,626.667743
-25.0,25,626.869337
-13.0,13,627.02745
-18.0,18,627.234845
-20.0,20,627.45509
-16.0,16,627.646182
-17.0,17,627.821713
-18.0,18,627.968746
-12.0,12,628.096317
-13.0,13,628.256698
-12.0,12,628.359335
-17.0,17,628.53149
-12.0,12,628.617148
-15.0,15,628.777789
-19.0,19,628.978475
-29.0,29,629.217836
-22.0,22,629.457005
-15.0,15,629.606156
-14.0,14,629.716632
-16.0,16,629.887828
-11.0,11,630.023493
-17.0,17,630.212031
-26.0,26,630.418592
-16.0,16,630.56108
-48.0,15,630.725843
-16.0,16,630.911179
-15.0,15,631.096751
-13.0,13,631.251937
-16.0,16,631.427387
-19.0,19,631.65758
-13.0,13,631.805094
-21.0,21,632.045503
-20.0,20,632.246685
-17.0,17,632.436523
-14.0,14,632.547612
-21.0,21,632.785203
-18.0,18,632.9856
-14.0,14,633.151981
-17.0,17,633.367679
-18.0,18,633.581147
-14.0,14,633.754069
-16.0,16,633.920288
-17.0,17,634.089136
-25.0,14,634.188763
-20.0,20,634.396954
-23.0,23,634.60305
-21.0,21,634.781185
-17.0,17,634.918293
-15.0,15,635.106313
-14.0,14,635.267195
-14.0,14,635.429679
-16.0,16,635.556089
-17.0,17,635.703982
-24.0,24,635.933004
-18.0,18,636.16373
-18.0,18,636.354087
-17.0,17,636.537461
-17.0,17,636.687196
-16.0,16,636.852291
-23.0,23,637.052944
-15.0,15,637.182835
-15.0,15,637.350699
-15.0,15,637.541457
-15.0,15,637.724705
-32.0,32,638.061489
-16.0,16,638.241159
-20.0,20,638.454546
-22.0,22,638.700433
-14.0,14,638.823447
-20.0,20,638.970213
-13.0,13,639.090006
-18.0,18,639.220199
-19.0,19,639.418797
-18.0,18,639.628457
-13.0,13,639.772944
-16.0,16,639.951284
-19.0,19,640.167931
-32.0,21,640.408356
-74.0,19,640.610587
-143.0,22,640.821574
-30.0,30,641.076265
-17.0,17,641.249195
-17.0,17,641.398204
-20.0,20,641.618637
-19.0,19,641.789141
-21.0,21,641.982478
-13.0,13,642.074647
-18.0,18,642.265799
-37.0,15,642.385252
-17.0,17,642.581589
-14.0,14,642.74186
-19.0,19,642.933326
-16.0,16,643.070907
-26.0,26,643.361985
-19.0,19,643.558002
-14.0,14,643.695832
-16.0,16,643.869601
-14.0,14,644.038355
-20.0,20,644.254729
-23.0,23,644.49622
-17.0,17,644.691448
-17.0,17,644.854043
-20.0,20,645.028535
-14.0,14,645.159332
-10.0,10,645.271713
-18.0,18,645.4605
-18.0,18,645.631147
-16.0,16,645.813651
-17.0,17,645.96686
-16.0,16,646.165928
-25.0,25,646.448237
-20.0,20,646.645882
-15.0,15,646.808283
-19.0,19,646.989753
-21.0,21,647.168574
-66.0,11,647.258227
-12.0,12,647.371
-20.0,20,653.48858
-29.0,29,653.703532
-14.0,14,653.829902
-20.0,20,654.065207
-15.0,15,654.24509
-20.0,20,654.433133
-17.0,17,654.574323
-14.0,14,654.725051
-25.0,25,654.97064
-25.0,25,655.242917
-16.0,16,655.404189
-19.0,19,655.574289
-16.0,16,655.70613
-19.0,19,655.893182
-21.0,21,656.12146
-17.0,17,656.277693
-16.0,16,656.441204
-20.0,20,656.638288
-17.0,17,656.837031
-18.0,18,657.058328
-17.0,17,657.239866
-20.0,20,657.45731
-16.0,16,657.637651
-17.0,17,657.763313
-22.0,22,657.994985
-16.0,16,658.181885
-18.0,18,658.38235
-18.0,18,658.618411
-25.0,25,658.88869
-15.0,15,659.04209
-15.0,15,659.228607
-14.0,14,659.331698
-20.0,20,659.521801
-21.0,21,659.718444
-17.0,17,659.862149
-12.0,12,659.984223
-20.0,20,660.233421
-12.0,12,660.322919
-19.0,19,660.497401
-17.0,17,660.62321
-19.0,19,660.835404
-11.0,11,660.929074
-16.0,16,661.135626
-21.0,21,661.334954
-14.0,14,661.494777
-16.0,16,661.680606
-13.0,13,661.778497
-20.0,20,661.934731
-32.0,32,662.252644
-19.0,19,662.44615
-14.0,14,662.586782
-18.0,18,662.803051
-17.0,17,663.020201
-14.0,14,663.155648
-19.0,19,663.383294
-14.0,14,663.546386
-13.0,13,663.703873
-23.0,23,663.975982
-19.0,19,664.159246
-15.0,15,664.330425
-24.0,24,664.543567
-14.0,14,664.718663
-17.0,17,664.895013
-16.0,16,665.065218
-17.0,17,665.253055
-16.0,16,665.449059
-18.0,18,665.655309
-18.0,18,665.832858
-16.0,16,665.994904
-19.0,19,666.146365
-17.0,17,666.345175
-18.0,18,666.544649
-14.0,14,666.699137
-15.0,15,666.861272
-23.0,23,667.105739
-24.0,24,667.346711
-13.0,13,667.470279
-10.0,10,667.576535
-28.0,28,667.867686
-18.0,18,668.073666
-15.0,15,668.19634
-18.0,18,668.384564
-27.0,27,668.6051
-17.0,17,668.809335
-26.0,26,669.094988
-18.0,18,669.325571
-16.0,16,669.506835
-12.0,12,669.598477
-15.0,15,669.758517
-15.0,15,669.912905
-22.0,22,670.1499
-13.0,13,670.277069
-13.0,13,670.404911
-20.0,20,670.589919
-17.0,17,670.716776
-18.0,18,670.895726
-19.0,19,671.092821
-15.0,15,671.248518
-14.0,14,671.395993
-22.0,22,671.598844
-18.0,18,671.772866
-20.0,20,671.943068
-16.0,16,672.059994
-11.0,11,672.179763
-22.0,22,672.378034
-17.0,17,672.55224
-28.0,28,672.813112
-20.0,20,673.003799
-17.0,17,673.156635
-18.0,18,673.322683
-14.0,14,673.480515
-19.0,19,673.663044
-17.0,17,673.799729
-16.0,16,673.993244
-18.0,18,674.196868
-15.0,15,680.575504
-130.0,20,680.739621
-20.0,20,680.95132
-10.0,10,681.061307
-14.0,14,681.246814
-15.0,15,681.414227
-12.0,12,681.558481
-15.0,15,681.738449
-19.0,19,681.920775
-15.0,15,682.098908
-17.0,17,682.304165
-16.0,16,682.479612
-20.0,20,682.701837
-20.0,20,682.895024
-15.0,15,683.085784
-13.0,13,683.247048
-13.0,13,683.396945
-15.0,15,683.566709
-21.0,21,683.791828
-20.0,20,684.006825
-19.0,19,684.24697
-13.0,13,684.376338
-20.0,20,684.596648
-14.0,14,684.746565
-20.0,20,684.928035
-19.0,19,685.141546
-17.0,17,685.343202
-42.0,20,685.568677
-18.0,18,685.798637
-20.0,20,686.040291
-14.0,14,686.192198
-16.0,16,686.38301
-21.0,21,686.619117
-21.0,21,686.859689
-15.0,15,686.993546
-18.0,18,687.136697
-21.0,21,687.371227
-24.0,24,687.595226
-17.0,17,687.770044
-12.0,12,687.907742
-14.0,14,688.058965
-13.0,13,688.197358
-23.0,23,688.397906
-17.0,17,688.598463
-12.0,12,688.719877
-13.0,13,688.887522
-23.0,23,689.093174
-24.0,24,689.336723
-12.0,12,689.457711
-16.0,16,689.613817
-21.0,21,689.85138
-18.0,18,690.06764
-24.0,24,690.250119
-12.0,12,690.385943
-15.0,15,690.529818
-17.0,17,690.724815
-13.0,13,690.84591
-18.0,18,691.004887
-16.0,16,691.157392
-17.0,17,691.353794
-18.0,18,691.566039
-16.0,16,691.733088
-16.0,16,691.914782
-12.0,12,692.055554
-16.0,16,692.215327
-16.0,16,692.395526
-18.0,18,692.582693
-20.0,20,692.734801
-15.0,15,692.857375
-14.0,14,693.027809
-18.0,18,693.213873
-22.0,22,693.406106
-17.0,17,693.578839
-19.0,19,693.777328
-15.0,15,693.950077
-17.0,17,694.135037
-12.0,12,694.278217
-20.0,20,694.516653
-13.0,13,694.649456
-14.0,14,694.819335
-22.0,22,695.06212
-25.0,25,695.305323
-21.0,21,695.54035
-20.0,20,695.755648
-14.0,14,695.871352
-14.0,14,696.02319
-17.0,17,696.214714
-19.0,19,696.395452
-18.0,18,696.573728
-19.0,19,696.777304
-13.0,13,696.943619
-26.0,15,697.122834
-17.0,17,697.280808
-14.0,14,697.416081
-20.0,20,697.589121
-23.0,23,697.855606
-20.0,20,698.053861
-91.0,25,698.312129
-17.0,17,698.509422
-18.0,18,698.725164
-18.0,18,698.935546
-71.0,16,699.11833
-17.0,17,699.25649
-10.0,10,699.335911
-14.0,14,699.494051
-93.0,16,699.655705
-14.0,14,699.828923
-24.0,24,700.058782
-18.0,18,700.234616
-20.0,20,700.46413
-15.0,15,700.600112
-19.0,19,700.743168
-16.0,16,700.86318
-21.0,21,701.092185
-22.0,22,701.338233
-16.0,16,701.495117
-42.0,42,701.901977
-150.0,18,708.334137
-22.0,22,708.539098
-19.0,19,708.756475
-17.0,17,708.97887
-13.0,13,709.134661
-13.0,13,709.2812
-18.0,18,709.470453
-19.0,19,709.637905
-17.0,17,709.809208
-17.0,17,709.966573
-16.0,16,710.091798
-24.0,24,710.373219
-25.0,25,710.640364
-11.0,11,710.769883
-22.0,22,710.982646
-24.0,24,711.238838
-27.0,27,711.542541
-17.0,17,711.703299
-21.0,21,711.942702
-20.0,20,712.143951
-15.0,15,712.279084
-22.0,22,712.500123
-77.0,22,712.738367
-30.0,30,712.98332
-20.0,20,713.166071
-18.0,18,713.353662
-15.0,15,713.537749
-18.0,18,713.710208
-13.0,13,713.805647
-22.0,22,714.029472
-15.0,15,714.181087
-14.0,14,714.335991
-17.0,17,714.518339
-15.0,15,714.631332
-16.0,16,714.789435
-21.0,21,714.993318
-18.0,18,715.180367
-14.0,14,715.334995
-18.0,18,715.53454
-24.0,24,715.81564
-13.0,13,715.963509
-13.0,13,716.057504
-17.0,17,716.183035
-15.0,15,716.303465
-20.0,20,716.47586
-13.0,13,716.612853
-20.0,20,716.831102
-24.0,24,717.105209
-19.0,19,717.309758
-14.0,14,717.47079
-13.0,13,717.620715
-21.0,21,717.876522
-15.0,15,718.042217
-22.0,22,718.265093
-14.0,14,718.37606
-17.0,17,718.525117
-15.0,15,718.692898
-20.0,20,718.902527
-14.0,14,719.062405
-18.0,18,719.23276
-30.0,30,719.575985
-16.0,16,719.754485
-13.0,13,719.873436
-18.0,18,720.08179
-33.0,33,720.405467
-25.0,25,720.59291
-17.0,17,720.778101
-15.0,15,720.930879
-18.0,18,721.12398
-21.0,21,721.327571
-23.0,23,721.599556
-13.0,13,721.770087
-19.0,19,721.977547
-24.0,24,722.257573
-19.0,19,722.441775
-17.0,17,722.614388
-20.0,20,722.787855
-25.0,25,723.06333
-21.0,21,723.304877
-13.0,13,723.424171
-125.0,15,723.55942
-24.0,24,723.813295
-18.0,18,723.978834
-24.0,24,724.272808
-15.0,15,724.424855
-19.0,19,724.647648
-25.0,14,724.771917
-15.0,15,724.940109
-22.0,22,725.194411
-14.0,14,725.346625
-18.0,18,725.538317
-16.0,16,725.678832
-16.0,16,725.858683
-193.0,17,726.040101
-30.0,19,726.247548
-19.0,19,726.431155
-23.0,23,726.649197
-16.0,16,726.805995
-80.0,14,727.019543
-24.0,13,727.147227
-21.0,21,727.369867
-17.0,17,727.496345
-19.0,19,727.698531
-10.0,10,727.814866
-19.0,19,728.0185
-23.0,23,728.218359
-11.0,11,728.356145
-19.0,19,728.563307
-19.0,19,728.727657
-19.0,19,728.886043
-16.0,16,729.06915
-14.0,14,729.218911
-15.0,15,729.387616
-16.0,16,735.861037
-16.0,16,736.044338
-16.0,16,736.215079
-17.0,17,736.413319
-13.0,13,736.543973
-17.0,17,736.749989
-19.0,19,736.944081
-16.0,16,737.111175
-20.0,20,737.303589
-19.0,19,737.503057
-30.0,30,737.795853
-22.0,22,738.02677
-11.0,11,738.173495
-14.0,14,738.341943
-13.0,13,738.48532
-19.0,19,738.689383
-20.0,20,738.87638
-27.0,27,739.162073
-16.0,16,739.333548
-73.0,18,739.505473
-20.0,20,739.699474
-17.0,17,739.841489
-24.0,24,740.101243
-21.0,21,740.323566
-14.0,14,740.46641
-17.0,17,740.63458
-18.0,18,740.855795
-24.0,24,741.099239
-11.0,11,741.231925
-14.0,14,741.38511
-23.0,23,741.605649
-19.0,19,741.769784
-13.0,13,741.918086
-44.0,44,742.402564
-23.0,23,742.62901
-14.0,14,742.784207
-18.0,18,742.962711
-19.0,19,743.144725
-19.0,19,743.356327
-30.0,30,743.663402
-11.0,11,743.773604
-18.0,18,743.903045
-100.0,23,744.156541
-18.0,18,744.335001
-14.0,14,744.468828
-28.0,28,744.736593
-16.0,16,744.902879
-20.0,20,745.10833
-19.0,19,745.317993
-18.0,18,745.491802
-13.0,13,745.607549
-19.0,19,745.790182
-16.0,16,745.955225
-16.0,16,746.106356
-19.0,19,746.294338
-17.0,17,746.461054
-15.0,15,746.63536
-15.0,15,746.812372
-20.0,20,747.035671
-24.0,24,747.283019
-24.0,24,747.553018
-23.0,23,747.759908
-16.0,16,747.927706
-15.0,15,748.064034
-14.0,14,748.212398
-26.0,26,748.426208
-16.0,16,748.588331
-14.0,14,748.737906
-15.0,15,748.895901
-20.0,20,749.045354
-16.0,16,749.215152
-22.0,22,749.435737
-18.0,18,749.596222
-21.0,21,749.78503
-23.0,23,749.993018
-25.0,14,750.140269
-15.0,15,750.274979
-18.0,18,750.426222
-14.0,14,750.582197
-14.0,14,750.715741
-11.0,11,750.84843
-14.0,14,751.014103
-23.0,23,751.228447
-14.0,14,751.373904
-16.0,16,751.531394
-21.0,21,751.735547
-20.0,20,751.91859
-17.0,17,752.08595
-26.0,15,752.255935
-18.0,18,752.43269
-17.0,17,752.63056
-13.0,13,752.724767
-19.0,19,752.886638
-21.0,21,753.079097
-10.0,10,753.163659
-18.0,18,753.355204
-60.0,16,753.50509
-24.0,24,753.758785
-17.0,17,753.93848
-20.0,20,754.127581
-15.0,15,754.28143
-12.0,12,754.41166
-15.0,15,754.546798
-14.0,14,754.697358
-19.0,19,754.905062
-28.0,28,755.1636
-11.0,11,755.269453
-18.0,18,755.422121
-23.0,23,755.616052
-22.0,22,755.840723
-21.0,21,756.034527
-13.0,13,756.13742
-18.0,18,756.303027
-15.0,15,762.721128
-16.0,16,762.882639
-17.0,17,763.047586
-16.0,16,763.213428
-19.0,19,763.383803
-24.0,24,763.61023
-20.0,20,763.785374
-16.0,16,763.903413
-23.0,23,764.123169
-18.0,18,764.322128
-15.0,15,764.488624
-21.0,21,764.659758
-15.0,15,764.810148
-18.0,18,764.944656
-20.0,20,765.119702
-10.0,10,765.228326
-14.0,14,765.362077
-11.0,11,765.468762
-15.0,15,765.640846
-29.0,29,765.911045
-13.0,13,766.02968
-14.0,14,766.170708
-20.0,20,766.409347
-21.0,21,766.630185
-22.0,22,766.83163
-15.0,15,766.964828
-26.0,15,767.128205
-19.0,19,767.333245
-19.0,19,767.521446
-18.0,18,767.713749
-32.0,32,768.020228
-21.0,21,768.211325
-21.0,21,768.434031
-17.0,17,768.617821
-22.0,22,768.820092
-18.0,18,768.99693
-13.0,13,769.119919
-10.0,10,769.203901
-21.0,21,769.383663
-17.0,17,769.540004
-15.0,15,769.659416
-14.0,14,769.771296
-18.0,18,769.953655
-19.0,19,770.141042
-17.0,17,770.312928
-23.0,23,770.513008
-27.0,27,770.793493
-18.0,18,770.97706
-17.0,17,771.139491
-19.0,19,771.31862
-30.0,30,771.61691
-38.0,38,771.975988
-15.0,15,772.117774
-12.0,12,772.248865
-18.0,18,772.409223
-17.0,17,772.579385
-19.0,19,772.765079
-16.0,16,772.895143
-22.0,22,773.061615
-22.0,22,773.248839
-21.0,21,773.416892
-16.0,16,773.568839
-19.0,19,773.775162
-11.0,11,773.882877
-18.0,18,774.071108
-19.0,19,774.258365
-27.0,27,774.519403
-26.0,26,774.77368
-17.0,17,774.974539
-20.0,20,775.156318
-15.0,15,775.314414
-13.0,13,775.46901
-12.0,12,775.56094
-17.0,17,775.684435
-16.0,16,775.821065
-27.0,27,776.0894
-15.0,15,776.24164
-20.0,20,776.446071
-16.0,16,776.606324
-23.0,23,776.827428
-17.0,17,776.994669
-17.0,17,777.121554
-19.0,19,777.309867
-14.0,14,777.472868
-25.0,14,777.606682
-26.0,26,777.830225
-17.0,17,778.005685
-16.0,16,778.159243
-19.0,19,778.301157
-17.0,17,778.462578
-18.0,18,778.662454
-14.0,14,778.793553
-19.0,19,778.988302
-13.0,13,779.136813
-25.0,25,779.32284
-23.0,23,779.506988
-11.0,11,779.64421
-13.0,13,779.770588
-13.0,13,779.919214
-20.0,20,780.068139
-15.0,15,780.177534
-19.0,19,780.357939
-15.0,15,780.512495
-17.0,17,780.696492
-16.0,16,780.858109
-22.0,22,781.083185
-12.0,12,781.193541
-24.0,13,781.344159
-26.0,26,781.558108
-18.0,18,781.745936
-20.0,20,781.938569
-12.0,12,782.048608
-24.0,24,788.330341
-17.0,17,788.504667
-16.0,16,788.67461
-18.0,18,788.867998
-14.0,14,789.006344
-15.0,15,789.127939
-18.0,18,789.267549
-16.0,16,789.398286
-28.0,28,789.652038
-15.0,15,789.779556
-11.0,11,789.890992
-22.0,22,790.09173
-21.0,21,790.295635
-19.0,19,790.476288
-20.0,20,790.640266
-20.0,20,790.80857
-16.0,16,790.968327
-15.0,15,791.133407
-17.0,17,791.303981
-17.0,17,791.451817
-22.0,22,791.652089
-16.0,16,791.796856
-15.0,15,791.94225
-17.0,17,792.119395
-16.0,16,792.278049
-28.0,28,792.579161
-13.0,13,792.719968
-21.0,21,792.92322
-16.0,16,793.082162
-13.0,13,793.208942
-17.0,17,793.360049
-19.0,19,793.534444
-19.0,19,793.688516
-16.0,16,793.854523
-12.0,12,793.960301
-18.0,18,794.104548
-22.0,22,794.265784
-22.0,22,794.439716
-22.0,22,794.642425
-21.0,21,794.825647
-22.0,22,795.041591
-33.0,33,795.377572
-18.0,18,795.542035
-21.0,21,795.716692
-18.0,18,795.922607
-16.0,16,796.070118
-18.0,18,796.271196
-13.0,13,796.407288
-14.0,14,796.53125
-26.0,26,796.80439
-20.0,20,797.002992
-26.0,26,797.224845
-16.0,16,797.387342
-31.0,31,797.636261
-23.0,23,797.878041
-21.0,19,798.054511
-21.0,21,798.24418
-14.0,14,798.392664
-13.0,13,798.503418
-15.0,15,798.645583
-16.0,16,798.81809
-18.0,18,799.032047
-39.0,17,799.202007
-15.0,15,799.345728
-10.0,10,799.435267
-15.0,15,799.586111
-15.0,15,799.698411
-16.0,16,799.834116
-17.0,17,799.995401
-14.0,14,800.121042
-27.0,27,800.325494
-13.0,13,800.469678
-19.0,19,800.660019
-14.0,14,800.789449
-20.0,20,800.989907
-15.0,15,801.121565
-36.0,14,801.271537
-20.0,20,801.430537
-19.0,19,801.567883
-14.0,14,801.674705
-23.0,23,801.88356
-14.0,14,802.029579
-27.0,27,802.272695
-23.0,23,802.485498
-22.0,22,802.711226
-15.0,15,802.857909
-16.0,16,803.032638
-20.0,20,803.243873
-19.0,19,803.43771
-13.0,13,803.582222
-19.0,19,803.782274
-24.0,24,804.025013
-26.0,26,804.285017
-13.0,13,804.395616
-19.0,19,804.56622
-17.0,17,804.747199
-21.0,21,804.931924
-18.0,18,805.07498
-18.0,18,805.260581
-18.0,18,805.436329
-22.0,22,805.651006
-21.0,21,805.844412
-19.0,19,806.044804
-33.0,33,806.356477
-18.0,18,806.513298
-12.0,12,806.622531
-13.0,13,806.7664
-26.0,26,806.996319
-26.0,26,807.248123
-17.0,17,807.419195
-25.0,25,807.674652
-15.0,15,814.180968
-15.0,15,814.325458
-13.0,13,814.456297
-17.0,17,814.636249
-14.0,14,814.749255
-19.0,19,814.92534
-14.0,14,815.080707
-18.0,18,815.229958
-19.0,19,815.398909
-17.0,17,815.519049
-18.0,18,815.691912
-19.0,19,815.891003
-15.0,15,816.017241
-17.0,17,816.1535
-22.0,22,816.368493
-18.0,18,816.537147
-20.0,20,816.743456
-22.0,22,816.932549
-22.0,22,817.136298
-21.0,21,817.354282
-23.0,23,817.595846
-12.0,12,817.729017
-40.0,40,818.105666
-31.0,31,818.39393
-18.0,18,818.576376
-28.0,28,818.873862
-29.0,29,819.134947
-20.0,20,819.347521
-18.0,18,819.546107
-105.0,17,819.714083
-25.0,25,819.917014
-23.0,23,820.162565
-21.0,21,820.320376
-17.0,17,820.44366
-13.0,13,820.575197
-12.0,12,820.705958
-19.0,19,820.882721
-27.0,27,821.117879
-24.0,24,821.323856
-15.0,15,821.455443
-18.0,18,821.641975
-21.0,21,821.816299
-20.0,20,821.974226
-18.0,18,822.139984
-18.0,18,822.322062
-17.0,17,822.505455
-17.0,17,822.679839
-17.0,17,822.83951
-18.0,18,823.046609
-26.0,26,823.291131
-30.0,30,823.569089
-15.0,15,823.736455
-13.0,13,823.867633
-21.0,21,824.084429
-28.0,28,824.39046
-17.0,17,824.554586
-21.0,21,824.77878
-22.0,22,824.992717
-22.0,22,825.195861
-13.0,13,825.307447
-26.0,26,825.503791
-21.0,21,825.704668
-17.0,17,825.873923
-12.0,12,825.997447
-16.0,16,826.124862
-18.0,18,826.29751
-38.0,16,826.461702
-28.0,28,826.745461
-18.0,18,826.912848
-14.0,14,827.064808
-14.0,14,827.214946
-31.0,31,827.471261
-28.0,28,827.698628
-18.0,18,827.862647
-24.0,24,828.08703
-17.0,17,828.241439
-15.0,15,828.392434
-36.0,36,828.762216
-19.0,19,828.951767
-15.0,15,829.113445
-51.0,51,829.539764
-13.0,13,829.653003
-18.0,18,829.845478
-18.0,18,829.992996
-28.0,28,830.26524
-22.0,22,830.441109
-22.0,22,830.628885
-21.0,21,830.842278
-23.0,23,831.054431
-16.0,16,831.223473
-14.0,14,831.361123
-22.0,22,831.57385
-19.0,19,831.735289
-16.0,16,831.890969
-13.0,13,831.99671
-20.0,20,832.223129
-21.0,21,832.448593
-18.0,18,832.627697
-21.0,21,832.813484
-23.0,23,833.038057
-28.0,28,833.341048
-22.0,22,839.838258
-35.0,35,840.165498
-104.0,16,840.295346
-17.0,17,840.464319
-17.0,17,840.654848
-32.0,32,840.975381
-14.0,14,841.120445
-19.0,19,841.309395
-18.0,18,841.455927
-14.0,14,841.586501
-14.0,14,841.72996
-22.0,22,841.953386
-19.0,19,842.134293
-42.0,42,842.483017
-13.0,13,842.619282
-23.0,23,842.84286
-22.0,22,843.041889
-19.0,19,843.243298
-23.0,23,843.516531
-20.0,20,843.735406
-28.0,28,844.024898
-26.0,26,844.258056
-22.0,22,844.484415
-17.0,17,844.668529
-23.0,23,844.894595
-16.0,16,845.083263
-20.0,20,845.29198
-32.0,32,845.587431
-26.0,26,845.84795
-17.0,17,846.015034
-15.0,15,846.120714
-16.0,16,846.281805
-29.0,29,846.537895
-30.0,30,846.834681
-22.0,22,846.993365
-21.0,21,847.175344
-15.0,15,847.34527
-23.0,23,847.566083
-25.0,25,847.774122
-23.0,23,847.986428
-22.0,22,848.231662
-22.0,22,848.435582
-50.0,17,848.567722
-16.0,16,848.716651
-19.0,19,848.942269
-41.0,41,849.336233
-11.0,11,849.449917
-16.0,16,849.603116
-24.0,24,849.823378
-31.0,31,850.135743
-22.0,22,850.345737
-21.0,21,850.534804
-15.0,15,850.688547
-21.0,21,850.912654
-20.0,20,851.086587
-24.0,24,851.34048
-25.0,25,851.60128
-24.0,24,851.885694
-23.0,23,852.120301
-21.0,21,852.357558
-13.0,13,852.501837
-18.0,18,852.692488
-16.0,16,852.877868
-33.0,33,853.234158
-14.0,14,853.415518
-38.0,38,853.753096
-12.0,12,853.87999
-129.0,19,854.095442
-20.0,20,854.342709
-16.0,16,854.505691
-24.0,24,854.714569
-284.0,31,854.99797
-24.0,24,855.266574
-23.0,23,855.481105
-12.0,12,855.615413
-25.0,25,855.857721
-17.0,17,856.021979
-18.0,18,856.212054
-25.0,25,856.480604
-29.0,29,856.789936
-20.0,20,856.971697
-22.0,22,857.152788
-26.0,26,857.357863
-12.0,12,857.454183
-15.0,15,857.620962
-19.0,19,857.832725
-25.0,25,858.090775
-28.0,28,858.317308
-29.0,29,858.600988
-31.0,31,858.89622
-25.0,25,859.083396
-18.0,18,859.24977
-20.0,20,859.446876
-21.0,21,859.660389
-16.0,16,859.829272
-25.0,25,866.038827
-15.0,15,866.218567
-17.0,17,866.402241
-18.0,18,866.615036
-21.0,21,866.842863
-21.0,21,867.087605
-23.0,23,867.308556
-21.0,21,867.481675
-24.0,24,867.682226
-15.0,15,867.859981
-14.0,14,868.011901
-14.0,14,868.156067
-29.0,29,868.463771
-26.0,26,868.675235
-21.0,21,868.845763
-13.0,13,868.972075
-16.0,16,869.14104
-14.0,14,869.246369
-18.0,18,869.427684
-21.0,21,869.61387
-26.0,26,869.876207
-17.0,17,870.082805
-19.0,19,870.284573
-16.0,16,870.426355
-26.0,26,870.656259
-28.0,28,870.91023
-22.0,22,871.151382
-36.0,36,871.515554
-10.0,10,871.599761
-16.0,16,871.764537
-16.0,16,871.883349
-27.0,27,872.151992
-23.0,23,872.440598
-32.0,32,872.71464
-30.0,30,873.013406
-16.0,16,873.207846
-21.0,21,873.435979
-23.0,23,873.643259
-22.0,22,873.856033
-13.0,13,873.993701
-26.0,26,874.262692
-21.0,21,874.506902
-17.0,17,874.670747
-29.0,29,874.975716
-17.0,17,875.132102
-26.0,26,875.31617
-31.0,31,875.640122
-29.0,29,875.865545
-29.0,29,876.186519
-19.0,19,876.389637
-21.0,21,876.586615
-23.0,23,876.800067
-17.0,17,877.008174
-18.0,18,877.204203
-18.0,18,877.405286
-24.0,24,877.669406
-28.0,28,877.912339
-26.0,26,878.193203
-17.0,17,878.355981
-33.0,33,878.664475
-13.0,13,878.786082
-19.0,19,878.983784
-17.0,17,879.148107
-19.0,19,879.319338
-19.0,19,879.52583
-21.0,21,879.725407
-19.0,19,879.899222
-12.0,12,880.00503
-17.0,17,880.129989
-21.0,21,880.281435
-21.0,21,880.477066
-21.0,21,880.684962
-59.0,59,881.214968
-19.0,19,881.417411
-18.0,18,881.590383
-13.0,13,881.736391
-16.0,16,881.896166
-24.0,24,882.098851
-23.0,23,882.299922
-28.0,28,882.558505
-18.0,18,882.730815
-16.0,16,882.896271
-27.0,27,883.133439
-42.0,31,883.424935
-28.0,28,883.681224
-26.0,26,883.902224
-14.0,14,884.044886
-43.0,43,884.373214
-14.0,14,884.508724
-23.0,23,884.674718
-20.0,20,884.871887
-18.0,18,885.044527
-14.0,14,885.186897
-28.0,28,885.465065
-33.0,33,891.881875
-27.0,27,892.157663
-17.0,17,892.338491
-28.0,28,892.620668
-24.0,24,892.853745
-34.0,34,893.182013
-26.0,26,893.422871
-18.0,18,893.611377
-27.0,27,893.826765
-57.0,13,893.95617
-25.0,25,894.190084
-76.0,76,894.923854
-14.0,14,895.077247
-23.0,23,895.309965
-26.0,26,895.587658
-32.0,32,895.898406
-21.0,21,896.094064
-20.0,20,896.275637
-21.0,21,896.4642
-17.0,17,896.639283
-18.0,18,896.811803
-12.0,12,896.939174
-24.0,24,897.18222
-19.0,19,897.371856
-14.0,14,897.473624
-34.0,34,897.777858
-17.0,17,897.954571
-23.0,23,898.181066
-33.0,33,898.515887
-24.0,24,898.727291
-15.0,15,898.891813
-26.0,26,899.123129
-26.0,26,899.347402
-25.0,25,899.569374
-33.0,33,899.906425
-30.0,30,900.198637
-21.0,21,900.432787
-19.0,19,900.583544
-36.0,36,900.929788
-31.0,31,901.213279
-28.0,28,901.468231
-60.0,60,901.992464
-23.0,23,902.228303
-23.0,23,902.426941
-30.0,30,902.65983
-17.0,17,902.822372
-14.0,14,902.966239
-23.0,23,903.199065
-19.0,19,903.382365
-24.0,24,903.620308
-25.0,25,903.864796
-21.0,21,904.083819
-17.0,17,904.258775
-102.0,25,904.515093
-25.0,25,904.734266
-20.0,20,904.916902
-22.0,22,905.107723
-13.0,13,905.214265
-17.0,17,905.389757
-20.0,20,905.577707
-26.0,26,905.805233
-29.0,29,906.091655
-28.0,28,906.355965
-22.0,22,906.578861
-24.0,24,906.793806
-20.0,20,906.987464
-17.0,17,907.157959
-20.0,20,907.335857
-14.0,14,907.483793
-13.0,13,907.635226
-20.0,20,907.832656
-39.0,28,908.087345
-19.0,19,908.265542
-17.0,17,908.434269
-20.0,20,908.639568
-21.0,21,908.87367
-40.0,40,909.251878
-15.0,15,909.391348
-13.0,13,909.50839
-35.0,35,909.871678
-13.0,13,909.993306
-16.0,16,910.141856
-28.0,28,910.361045
-18.0,18,910.525128
-28.0,28,910.75536
-21.0,21,910.927012
-26.0,26,911.146603
-28.0,28,917.853415
-24.0,24,918.045315
-27.0,27,918.301569
-23.0,23,918.517568
-42.0,42,918.903176
-16.0,16,919.061568
-18.0,18,919.241337
-34.0,34,919.519844
-30.0,30,919.811632
-18.0,18,920.018751
-25.0,25,920.238051
-34.0,34,920.515389
-21.0,21,920.675317
-39.0,39,921.00403
-21.0,21,921.200136
-28.0,28,921.449409
-26.0,26,921.672409
-15.0,15,921.801807
-17.0,17,921.96401
-32.0,32,922.243088
-42.0,42,922.64895
-21.0,21,922.862465
-26.0,26,923.140321
-17.0,17,923.304201
-37.0,37,923.585028
-22.0,22,923.775738
-22.0,22,923.964528
-37.0,37,924.304251
-28.0,28,924.548129
-22.0,22,924.730101
-15.0,15,924.88772
-33.0,33,925.168611
-22.0,22,925.38226
-20.0,20,925.592568
-27.0,27,925.840643
-25.0,25,926.051602
-29.0,29,926.306457
-32.0,32,926.558665
-26.0,26,926.789042
-22.0,22,926.995983
-24.0,24,927.260472
-16.0,16,927.429854
-37.0,37,927.765449
-18.0,18,927.965304
-36.0,36,928.278815
-15.0,15,928.43223
-23.0,23,928.610569
-19.0,19,928.793436
-16.0,16,928.935614
-17.0,17,929.059927
-19.0,19,929.219578
-28.0,28,929.471172
-15.0,15,929.63074
-50.0,50,930.073276
-24.0,24,930.300801
-27.0,27,930.575255
-12.0,12,930.72514
-17.0,17,930.892722
-18.0,18,931.043045
-40.0,40,931.421515
-18.0,18,931.624043
-68.0,68,932.277403
-19.0,19,932.450537
-43.0,43,932.788319
-44.0,44,933.175476
-18.0,18,933.374007
-30.0,30,933.659698
-25.0,25,933.911426
-21.0,21,934.132879
-27.0,27,934.383086
-28.0,28,934.612866
-30.0,30,934.887879
-23.0,23,935.121756
-33.0,33,935.440029
-25.0,25,935.651763
-23.0,23,935.864681
-23.0,23,936.06751
-18.0,18,936.239792
-24.0,24,936.495512
-31.0,31,943.217835
-23.0,23,943.45588
-33.0,33,943.813985
-26.0,26,944.082047
-25.0,25,944.347641
-51.0,51,944.800681
-24.0,24,945.001297
-23.0,23,945.269677
-22.0,22,945.485905
-25.0,25,945.742328
-17.0,17,945.904378
-24.0,24,946.105807
-28.0,28,946.364519
-21.0,21,946.574266
-22.0,22,946.804051
-20.0,20,946.98681
-32.0,32,947.248019
-25.0,25,947.482697
-32.0,32,947.793929
-25.0,25,947.997955
-33.0,33,948.27368
-22.0,22,948.518881
-25.0,25,948.772006
-31.0,31,949.084675
-24.0,24,949.330204
-23.0,23,949.539559
-22.0,22,949.76765
-27.0,27,950.023098
-25.0,25,950.327776
-26.0,26,950.560654
-58.0,58,951.044948
-22.0,22,951.231894
-25.0,25,951.51103
-45.0,45,951.974655
-47.0,47,952.453808
-17.0,17,952.628315
-15.0,15,952.770738
-37.0,37,953.161069
-22.0,22,953.335865
-23.0,23,953.604718
-45.0,45,954.079046
-21.0,21,954.28488
-12.0,12,954.408602
-25.0,25,954.622801
-24.0,24,954.877585
-24.0,24,955.096995
-50.0,50,955.587265
-29.0,29,955.867533
-29.0,29,956.121265
-34.0,34,956.429591
-20.0,20,956.625043
-26.0,26,956.882742
-24.0,24,957.109924
-30.0,30,957.394489
-21.0,21,957.585316
-20.0,20,957.761609
-20.0,20,957.993113
-30.0,30,958.301239
-26.0,26,958.496759
-18.0,18,958.647676
-25.0,25,958.894791
-21.0,21,959.122738
-31.0,31,959.415551
-35.0,35,959.754104
-21.0,21,959.997638
-27.0,27,960.258173
-16.0,16,960.428733
-15.0,15,960.554429
-13.0,13,960.730904
-25.0,25,960.924692
-28.0,28,961.135696
-19.0,19,961.336609
-22.0,22,961.571061
-22.0,22,961.768378
-18.0,18,961.924529
-28.0,28,962.202739
-16.0,16,962.373706
-44.0,44,962.826034
-17.0,17,969.392569
-45.0,45,969.848486
-29.0,29,970.105158
-50.0,50,970.58474
-57.0,57,971.121051
-58.0,58,971.688523
-36.0,36,972.065869
-17.0,17,972.218995
-23.0,23,972.463694
-28.0,28,972.763233
-39.0,39,973.108366
-48.0,48,973.656292
-21.0,21,973.891846
-75.0,31,974.165026
-19.0,19,974.331648
-24.0,24,974.518924
-25.0,25,974.79277
-32.0,32,975.055816
-23.0,23,975.303794
-25.0,25,975.59031
-20.0,20,975.828128
-52.0,52,976.330793
-38.0,38,976.708979
-41.0,41,977.094566
-40.0,40,977.417791
-22.0,22,977.597754
-20.0,20,977.818902
-30.0,30,978.136346
-21.0,21,978.31967
-35.0,35,978.640434
-23.0,23,978.856194
-54.0,54,979.341395
-35.0,35,979.73055
-32.0,32,980.051013
-18.0,18,980.269034
-21.0,21,980.471889
-26.0,26,980.729493
-32.0,32,981.062475
-27.0,27,981.326249
-22.0,22,981.517199
-16.0,16,981.697402
-13.0,13,981.840288
-48.0,48,982.356258
-15.0,15,982.501615
-45.0,45,982.90888
-26.0,26,983.149961
-25.0,25,983.420326
-50.0,50,983.919147
-40.0,40,984.275037
-33.0,33,984.596365
-22.0,22,984.771199
-43.0,43,985.20737
-62.0,62,985.823524
-20.0,20,986.021082
-34.0,34,986.31806
-42.0,42,986.626001
-28.0,28,986.852685
-40.0,40,987.193704
-52.0,52,987.736763
-18.0,18,987.908097
-15.0,15,988.071128
-28.0,28,988.329547
-28.0,28,988.586545
-19.0,19,988.768052
-53.0,53,995.579404
-23.0,23,995.817079
-53.0,53,996.339623
-74.0,74,997.023296
-46.0,46,997.431075
-43.0,43,997.901747
-36.0,36,998.222749
-60.0,60,998.851172
-32.0,32,999.220439
-31.0,31,999.550408
-24.0,24,999.810735
-39.0,39,1000.17293
-15.0,15,1000.341166
-24.0,24,1000.599634
-29.0,29,1000.913702
-75.0,75,1001.661807
-51.0,51,1002.146635
-31.0,31,1002.468313
-30.0,30,1002.770799
-42.0,42,1003.192441
-29.0,29,1003.460699
-26.0,26,1003.718847
-17.0,17,1003.892866
-46.0,46,1004.37698
-44.0,44,1004.846348
-31.0,31,1005.112708
-41.0,41,1005.552812
-22.0,22,1005.769562
-42.0,42,1006.14628
-49.0,49,1006.61695
-27.0,27,1006.88288
-24.0,24,1007.138191
-24.0,24,1007.350994
-31.0,31,1007.666555
-51.0,51,1008.179495
-44.0,44,1008.605779
-50.0,50,1009.094742
-30.0,30,1009.407327
-41.0,41,1009.767948
-52.0,52,1010.274164
-14.0,14,1010.437407
-32.0,32,1010.677442
-36.0,36,1010.99326
-53.0,53,1011.56161
-75.0,75,1012.264138
-34.0,34,1012.545375
-39.0,39,1012.965563
-35.0,35,1013.325854
-22.0,22,1013.537978
-53.0,53,1014.021144
-27.0,27,1014.31022
-23.0,23,1014.536688
-21.0,21,1014.729753
-25.0,25,1014.973945
-68.0,68,1021.466668
-32.0,32,1021.691102
-21.0,21,1021.915052
-35.0,35,1022.27169
-21.0,21,1022.467497
-38.0,38,1022.846198
-27.0,27,1023.105953
-21.0,21,1023.344304
-45.0,45,1023.754428
-53.0,53,1024.302851
-58.0,58,1024.813966
-40.0,40,1025.164478
-27.0,27,1025.38788
-26.0,26,1025.671953
-35.0,35,1026.036091
-58.0,58,1026.560461
-27.0,27,1026.848175
-79.0,79,1027.60552
-23.0,23,1027.854622
-75.0,75,1028.528453
-17.0,17,1028.68158
-43.0,43,1029.036969
-67.0,67,1029.729826
-43.0,43,1030.137635
-31.0,31,1030.478987
-45.0,45,1030.910462
-69.0,69,1031.542658
-20.0,20,1031.768064
-32.0,32,1032.075167
-35.0,35,1032.494626
-81.0,81,1033.26464
-59.0,59,1033.83747
-31.0,31,1034.093046
-56.0,56,1034.667839
-47.0,47,1035.097012
-19.0,19,1035.282077
-23.0,23,1035.497882
-68.0,68,1036.150493
-17.0,17,1036.295962
-19.0,19,1036.458722
-37.0,37,1036.829014
-18.0,18,1037.008958
-24.0,24,1037.2159
-15.0,15,1037.36652
-32.0,32,1037.733416
-37.0,37,1038.108505
-53.0,53,1038.656805
-29.0,29,1038.946177
-101.0,101,1039.872068
-25.0,25,1040.151294
-41.0,41,1040.496397
-21.0,21,1040.728872
-25.0,25,1040.989017
-42.0,42,1047.383192
-39.0,39,1047.727391
-35.0,35,1048.081261
-96.0,96,1048.997991
-27.0,27,1049.215361
-25.0,25,1049.440232
-50.0,50,1049.921713
-59.0,59,1050.509486
-49.0,49,1050.947509
-110.0,110,1051.919
-64.0,64,1052.536167
-99.0,99,1053.502793
-76.0,76,1054.215156
-19.0,19,1054.406539
-58.0,58,1055.004469
-27.0,27,1055.292276
-20.0,20,1055.478434
-72.0,72,1056.187211
-28.0,28,1056.434967
-83.0,83,1057.125518
-25.0,25,1057.379875
-22.0,22,1057.627922
-124.0,124,1058.644354
-70.0,70,1059.227038
-46.0,46,1059.618721
-37.0,37,1059.953336
-61.0,61,1060.461505
-34.0,34,1060.763199
-32.0,32,1061.086551
-31.0,31,1061.385693
-46.0,46,1061.753672
-31.0,31,1062.00908
-32.0,32,1062.281376
-26.0,26,1062.515129
-37.0,37,1062.850442
-48.0,48,1063.253018
-29.0,29,1063.529456
-59.0,59,1064.063769
-22.0,22,1064.257802
-136.0,136,1065.391309
-66.0,66,1071.912036
-35.0,35,1072.184278
-93.0,93,1072.950628
-161.0,161,1074.288512
-81.0,81,1074.953649
-45.0,45,1075.336097
-21.0,21,1075.556843
-147.0,37,1075.863098
-23.0,23,1076.077666
-105.0,105,1076.943577
-27.0,27,1077.174987
-41.0,41,1077.546452
-33.0,33,1077.828548
-28.0,28,1078.087796
-31.0,31,1078.380285
-48.0,48,1078.8428
-65.0,65,1079.380773
-17.0,17,1079.5485
-27.0,27,1079.758444
-53.0,53,1080.216576
-33.0,33,1080.53965
-22.0,22,1080.739755
-75.0,75,1081.397976
-18.0,18,1081.572267
-79.0,79,1082.185741
-37.0,37,1082.560114
-106.0,106,1083.47066
-42.0,42,1083.780999
-92.0,92,1084.536064
-49.0,49,1084.963305
-36.0,36,1085.27205
-64.0,64,1085.858585
-34.0,34,1086.175013
-16.0,16,1086.317384
-20.0,20,1086.514804
-29.0,29,1086.742877
-29.0,29,1086.984983
-17.0,17,1087.145304
-30.0,30,1087.394895
-63.0,63,1087.953752
-46.0,46,1088.350105
-79.0,79,1089.082486
-65.0,65,1095.747735
-46.0,46,1096.148226
-147.0,147,1097.50437
-74.0,74,1098.106748
-45.0,45,1098.496077
-58.0,58,1098.960345
-209.0,209,1100.633558
-90.0,90,1101.42185
-33.0,33,1101.749689
-67.0,67,1102.379631
-28.0,28,1102.653731
-36.0,36,1103.011461
-33.0,33,1103.318888
-150.0,150,1104.640934
-68.0,68,1105.204105
-156.0,156,1106.554843
-31.0,31,1106.79287
-50.0,50,1107.237936
-37.0,37,1107.536084
-47.0,47,1108.01367
-62.0,62,1108.537367
-145.0,145,1109.817708
-20.0,20,1109.991552
-50.0,50,1110.483114
-17.0,17,1110.6625
-44.0,44,1111.073288
-72.0,72,1111.710664
-117.0,117,1112.809963
-51.0,51,1113.243439
-207.0,207,1121.044069
-71.0,71,1121.671289
-63.0,63,1122.185573
-25.0,25,1122.389317
-39.0,39,1122.730436
-74.0,74,1123.35965
-97.0,97,1124.195031
-56.0,56,1124.677279
-115.0,115,1125.629303
-152.0,141,1126.797063
-206.0,206,1128.548626
-88.0,88,1129.283582
-108.0,108,1130.247976
-38.0,38,1130.557766
-34.0,34,1130.83356
-59.0,59,1131.301702
-22.0,22,1131.488163
-71.0,71,1132.09572
-19.0,19,1132.253015
-91.0,91,1133.065048
-35.0,35,1133.383114
-251.0,251,1135.475232
-129.0,129,1136.558336
-121.0,121,1143.740761
-45.0,45,1144.105142
-67.0,67,1144.695393
-180.0,180,1146.196203
-92.0,92,1146.943452
-75.0,75,1147.585688
-120.0,120,1148.599186
-398.0,321,1151.258027
-360.0,360,1154.281735
-138.0,138,1155.36928
-87.0,87,1156.160444
-29.0,29,1156.426626
-34.0,34,1156.711907
-360.0,360,1159.803607
-51.0,51,1160.279402
-85.0,85,1167.140448
-49.0,49,1167.546057
-232.0,232,1169.615937
-20.0,20,1169.783555
-80.0,80,1170.454066
-227.0,216,1172.321841
-26.0,26,1172.539602
-28.0,28,1172.801374
-37.0,37,1173.131059
-60.0,60,1173.589196
-86.0,86,1174.371049
-197.0,197,1176.003574
-100.0,100,1176.893215
-166.0,166,1178.281669
-109.0,109,1179.152983
-68.0,68,1179.743463
-43.0,43,1180.098469
-57.0,57,1180.60658
-98.0,98,1181.403694
-65.0,65,1181.993596
-25.0,25,1182.206913
-220.0,220,1190.040219
-179.0,179,1191.498507
-169.0,169,1192.903612
-272.0,272,1195.301771
-1780.0,218,1197.092379
-148.0,148,1198.360359
-151.0,151,1199.702698
-108.0,108,1200.61991
-162.0,162,1202.046323
-150.0,150,1203.285194
-193.0,193,1204.897773
-329.0,329,1213.426044
-125.0,125,1214.462046
-360.0,360,1217.587381
-53.0,53,1218.029711
-41.0,41,1218.404965
-85.0,85,1219.124601
-238.0,238,1221.062146
-360.0,360,1224.006843
-38.0,38,1224.29457
-111.0,111,1225.226045
-133.0,133,1226.294091
-360.0,360,1229.637578
-24.0,24,1229.893635
-136.0,136,1236.800698
-243.0,243,1238.952118
-181.0,181,1240.472286
-184.0,184,1241.977714
-82.0,82,1242.677227
-93.0,93,1243.437118
-233.0,222,1245.353412
-52.0,52,1245.841979
-102.0,102,1246.726472
-145.0,145,1247.916753
-208.0,208,1249.701605
-81.0,81,1250.392788
-72.0,72,1250.998327
-72.0,72,1251.646017
-47.0,47,1252.050053
-65.0,65,1252.604675
-51.0,51,1253.0343
-27.0,27,1253.258539
