#{"t_start": 1748491259.014621, "env_id": "Maze-v0"}
r,l,t
-742.0,29,1.506649
-541.0,24,1.547904
-888.0,30,1.598751
-531.0,24,1.634821
-583.0,22,1.668662
-741.0,24,1.710962
-693.0,27,1.769364
-719.0,26,1.812669
-619.0,28,1.864369
-683.0,23,1.908221
-698.0,23,1.952952
-550.0,21,1.989534
-456.0,18,2.020826
-542.0,22,2.056972
-524.0,23,2.100215
-579.0,25,2.143921
-548.0,26,2.192346
-635.0,22,2.23285
-589.0,23,2.280012
-628.0,28,2.328186
-472.0,19,2.360197
-559.0,22,2.397989
-719.0,26,2.446932
-743.0,26,2.50348
-590.0,25,2.547706
-620.0,25,2.589488
-587.0,23,2.626088
-887.0,31,2.67625
-556.0,24,2.717009
-438.0,19,2.756665
-455.0,21,2.809513
-667.0,22,2.845965
-562.0,20,2.877988
-564.0,21,2.913587
-797.0,26,2.952481
-667.0,27,2.99496
-470.0,22,3.042333
-596.0,26,3.103664
-458.0,20,3.13768
-696.0,24,3.179681
-746.0,32,3.233924
-670.0,26,3.275127
-456.0,21,3.311601
-580.0,25,3.354982
-784.0,25,3.39876
-590.0,19,3.439416
-537.0,25,3.48202
-737.0,26,3.525931
-601.0,21,3.560022
-540.0,20,3.594422
-569.0,20,3.627216
-891.0,26,3.668292
-596.0,23,3.708465
-579.0,24,3.760049
-586.0,25,3.802363
-635.0,31,3.859118
-641.0,23,3.896892
-732.0,24,3.962048
-709.0,25,4.004663
-545.0,23,4.040687
-703.0,26,4.083792
-522.0,21,4.116857
-617.0,23,4.154456
-565.0,18,4.183452
-596.0,20,4.214969
-542.0,20,4.251187
-551.0,20,4.295374
-674.0,24,4.34323
-609.0,24,4.388968
-601.0,25,4.428949
-640.0,25,4.47118
-736.0,25,4.511229
-547.0,24,4.558683
-794.0,29,4.608797
-634.0,25,4.653641
-570.0,23,4.693966
-664.0,22,4.727549
-569.0,23,4.766031
-888.0,27,4.807058
-675.0,24,4.84706
-652.0,28,4.893791
-747.0,24,4.930056
-723.0,29,4.979303
-574.0,24,5.034913
-390.0,19,5.082187
-661.0,28,7.535363
-846.0,24,7.585411
-449.0,21,7.634147
-931.0,28,7.688241
-526.0,25,7.743103
-507.0,24,7.79514
-534.0,28,7.861524
-733.0,25,7.914034
-602.0,23,7.97849
-608.0,26,8.045197
-539.0,21,8.086338
-461.0,21,8.129839
-653.0,26,8.194186
-581.0,23,8.236061
-698.0,26,8.282274
-702.0,28,8.34403
-801.0,32,8.415309
-749.0,31,8.487789
-698.0,23,8.542585
-598.0,25,8.618836
-737.0,23,8.668624
-676.0,22,8.718492
-658.0,25,8.770641
-605.0,23,8.818542
-560.0,26,8.876652
-635.0,26,8.925684
-671.0,26,8.974583
-542.0,23,9.02355
-766.0,25,9.066938
-591.0,24,9.113384
-587.0,23,9.158792
-504.0,20,9.197628
-925.0,31,9.259064
-677.0,20,9.295132
-783.0,26,9.339535
-775.0,26,9.382325
-571.0,23,9.419989
-522.0,24,9.472037
-653.0,23,9.511603
-522.0,21,9.556257
-694.0,31,9.605898
-640.0,22,9.640034
-693.0,24,9.676415
-694.0,22,9.708992
-538.0,22,9.744305
-601.0,22,9.784218
-762.0,27,9.828758
-569.0,20,9.861223
-678.0,27,9.903134
-443.0,20,9.949923
-727.0,28,10.003426
-547.0,25,10.046927
-624.0,24,10.088467
-489.0,21,10.12381
-522.0,22,10.161009
-660.0,27,10.233951
-541.0,22,10.286597
-504.0,18,10.323806
-645.0,25,10.368422
-662.0,24,10.418471
-561.0,23,10.476429
-627.0,24,10.528086
-673.0,22,10.577188
-696.0,27,10.626275
-596.0,23,10.675483
-556.0,21,10.724859
-584.0,20,10.77247
-569.0,24,10.827809
-771.0,24,10.873493
-576.0,24,10.923287
-619.0,21,10.961547
-516.0,21,11.009597
-697.0,25,11.066555
-457.0,22,11.117417
-642.0,24,11.156426
-554.0,23,11.191489
-578.0,27,11.259108
-433.0,19,11.29445
-705.0,25,11.346761
-662.0,26,11.387291
-604.0,25,11.431042
-542.0,20,11.465901
-649.0,22,11.502258
-625.0,25,11.540895
-666.0,26,11.585032
-505.0,19,11.624144
-662.0,23,13.383884
-494.0,22,13.429637
-566.0,21,13.477744
-572.0,20,13.52369
-740.0,26,13.586239
-801.0,25,13.642628
-574.0,22,13.689166
-603.0,21,13.730265
-539.0,21,13.772559
-555.0,24,13.82687
-720.0,24,13.876494
-527.0,20,13.91977
-731.0,23,13.971669
-549.0,24,14.026713
-673.0,23,14.065803
-492.0,21,14.110417
-603.0,24,14.154194
-572.0,20,14.191774
-557.0,26,14.245144
-833.0,29,14.29614
-468.0,20,14.341149
-772.0,21,14.391972
-659.0,23,14.439692
-391.0,22,14.490007
-712.0,25,14.538807
-565.0,24,14.590692
-470.0,19,14.627339
-392.0,20,14.667108
-700.0,28,14.717928
-548.0,20,14.749686
-569.0,22,14.788162
-526.0,24,14.829937
-627.0,25,14.883252
-478.0,22,14.93
-645.0,21,14.969661
-592.0,23,15.009953
-455.0,20,15.044215
-475.0,22,15.080558
-676.0,25,15.121282
-448.0,18,15.154197
-498.0,21,15.192013
-435.0,21,15.239185
-652.0,20,15.270256
-667.0,25,15.337356
-538.0,23,15.388162
-751.0,22,15.432449
-636.0,27,15.484268
-547.0,23,15.532485
-629.0,29,15.586614
-849.0,30,15.640142
-588.0,24,15.69311
-741.0,24,15.733893
-652.0,26,15.787009
-592.0,22,15.829406
-559.0,24,15.876486
-532.0,22,15.914096
-542.0,25,15.968087
-544.0,22,16.010372
-515.0,20,16.050014
-524.0,20,16.088515
-597.0,21,16.129034
-559.0,22,16.167708
-555.0,19,16.200766
-750.0,27,16.249042
-399.0,20,16.286546
-531.0,24,16.328292
-691.0,25,16.366921
-607.0,25,16.409525
-490.0,19,16.459534
-829.0,25,16.540713
-696.0,30,16.636446
-530.0,23,16.695679
-740.0,26,16.748904
-587.0,20,16.784876
-500.0,20,16.820059
-582.0,23,16.86728
-601.0,22,16.914384
-674.0,25,16.966432
-608.0,22,17.01484
-497.0,26,17.07765
-501.0,22,17.122471
-667.0,22,17.166042
-512.0,20,17.205118
-581.0,23,17.248747
-399.0,22,17.31173
-486.0,20,17.3517
-609.0,24,17.393645
-537.0,26,17.447316
-686.0,23,17.493438
-471.0,21,19.447122
-703.0,25,19.488806
-627.0,21,19.530417
-463.0,19,19.571346
-651.0,20,19.611851
-640.0,25,19.656667
-501.0,21,19.695088
-520.0,22,19.731932
-662.0,26,19.779596
-501.0,21,19.832891
-614.0,21,19.871158
-636.0,24,19.915852
-706.0,22,19.95818
-552.0,24,19.999613
-562.0,23,20.038774
-547.0,24,20.077379
-699.0,27,20.126908
-674.0,26,20.167704
-510.0,21,20.20541
-628.0,22,20.240655
-701.0,23,20.279222
-626.0,25,20.321039
-663.0,24,20.360464
-670.0,26,20.404725
-643.0,22,20.444078
-620.0,21,20.481593
-602.0,23,20.519048
-631.0,26,20.578734
-545.0,20,20.616386
-483.0,20,20.656589
-706.0,27,20.703478
-465.0,20,20.744556
-372.0,18,20.776693
-788.0,28,20.824202
-484.0,24,20.869245
-704.0,26,20.910973
-643.0,22,20.944849
-743.0,26,20.986226
-525.0,24,21.02533
-629.0,21,21.058783
-705.0,24,21.099507
-772.0,25,21.13982
-680.0,26,21.182353
-606.0,23,21.219391
-600.0,24,21.255739
-397.0,19,21.296783
-775.0,25,21.339527
-788.0,29,21.384441
-608.0,23,21.419977
-640.0,29,21.469352
-508.0,22,21.506067
-534.0,21,21.537999
-612.0,24,21.584639
-620.0,22,21.632481
-696.0,27,21.674232
-565.0,22,21.713167
-587.0,26,21.76292
-552.0,21,21.802944
-617.0,23,21.840799
-632.0,27,21.887882
-617.0,21,21.939661
-755.0,26,21.995074
-542.0,23,22.034402
-638.0,23,22.070321
-555.0,24,22.127831
-583.0,22,22.174101
-735.0,23,22.221726
-672.0,24,22.267489
-467.0,22,22.316746
-542.0,21,22.368955
-623.0,20,22.41036
-513.0,23,22.469859
-752.0,27,22.529559
-692.0,27,22.580318
-575.0,20,22.620304
-529.0,19,22.655029
-488.0,21,22.699262
-468.0,21,22.738195
-764.0,26,22.779146
-603.0,24,22.820525
-434.0,20,22.853047
-664.0,22,22.886949
-645.0,21,22.918693
-803.0,26,22.960109
-551.0,21,22.994181
-621.0,24,23.040022
-555.0,21,23.088914
-434.0,18,23.12698
-559.0,26,24.996976
-513.0,22,25.032459
-780.0,25,25.073451
-492.0,21,25.11007
-598.0,21,25.143402
-617.0,23,25.179957
-579.0,21,25.217806
-544.0,23,25.254241
-399.0,20,25.295711
-465.0,21,25.33599
-719.0,23,25.375664
-532.0,22,25.416351
-465.0,21,25.469798
-620.0,23,25.530618
-693.0,24,25.579266
-717.0,26,25.641583
-420.0,21,25.686123
-488.0,23,25.72771
-536.0,20,25.760609
-554.0,23,25.7977
-519.0,21,25.831294
-503.0,22,25.875167
-550.0,21,25.921162
-541.0,20,25.962463
-640.0,25,26.010537
-582.0,24,26.053554
-544.0,22,26.096819
-762.0,24,26.135443
-502.0,22,26.173022
-585.0,24,26.213902
-440.0,20,26.252185
-387.0,18,26.283635
-442.0,22,26.333909
-464.0,20,26.376087
-587.0,21,26.415922
-620.0,23,26.462616
-396.0,21,26.518688
-546.0,26,26.582321
-442.0,20,26.637425
-604.0,22,26.677188
-601.0,21,26.712219
-446.0,20,26.749833
-535.0,22,26.813785
-662.0,26,26.888721
-681.0,21,26.943428
-521.0,23,26.986158
-572.0,22,27.021918
-563.0,27,27.065315
-507.0,21,27.1098
-721.0,25,27.171779
-604.0,22,27.23079
-435.0,19,27.275859
-514.0,23,27.315922
-758.0,26,27.35421
-822.0,21,27.387885
-703.0,26,27.430817
-509.0,20,27.462629
-755.0,26,27.508422
-561.0,21,27.554726
-408.0,24,27.621245
-544.0,19,27.655397
-542.0,22,27.702647
-583.0,22,27.748109
-573.0,20,27.787439
-551.0,21,27.823496
-665.0,26,27.872658
-646.0,22,27.914577
-571.0,24,27.957869
-518.0,23,28.009382
-592.0,22,28.048435
-434.0,20,28.085771
-430.0,19,28.126354
-480.0,21,28.171533
-568.0,24,28.213666
-656.0,23,28.252406
-531.0,24,28.297426
-500.0,23,28.352353
-466.0,19,28.388565
-509.0,23,28.43507
-714.0,24,28.47928
-648.0,24,28.520804
-703.0,22,28.556259
-542.0,19,28.608027
-549.0,24,28.645122
-681.0,26,28.694437
-758.0,29,28.752989
-648.0,24,28.794308
-512.0,21,28.853271
-678.0,24,28.925437
-517.0,23,28.990222
-515.0,24,29.041396
-414.0,21,29.088628
-482.0,25,30.81422
-543.0,21,30.847457
-355.0,22,30.891549
-492.0,21,30.925694
-563.0,20,30.959383
-628.0,24,31.01428
-491.0,22,31.053196
-473.0,19,31.095379
-505.0,22,31.13496
-664.0,25,31.205115
-716.0,29,31.250002
-644.0,26,31.290918
-546.0,21,31.32545
-518.0,23,31.368135
-534.0,23,31.411326
-332.0,21,31.45586
-613.0,24,31.497247
-511.0,22,31.53931
-582.0,21,31.571085
-394.0,18,31.60332
-464.0,23,31.644819
-449.0,25,31.71249
-486.0,21,31.772261
-600.0,24,31.823554
-392.0,19,31.857645
-620.0,23,31.892368
-460.0,19,31.925689
-429.0,25,31.988183
-589.0,27,32.042971
-477.0,22,32.087362
-606.0,26,32.144878
-615.0,26,32.193902
-670.0,27,32.238867
-561.0,21,32.272246
-565.0,22,32.309864
-531.0,21,32.344023
-601.0,21,32.378843
-527.0,20,32.408442
-464.0,20,32.441668
-540.0,23,32.484871
-612.0,24,32.525022
-616.0,25,32.568756
-562.0,25,32.607084
-640.0,25,32.651253
-558.0,21,32.688432
-588.0,21,32.720573
-541.0,22,32.75555
-520.0,25,32.79656
-539.0,23,32.835284
-544.0,22,32.870858
-406.0,22,32.915148
-451.0,18,32.972214
-629.0,26,33.019801
-612.0,21,33.054587
-690.0,27,33.101093
-654.0,26,33.152199
-508.0,24,33.194464
-648.0,24,33.237645
-484.0,25,33.290341
-742.0,29,33.338264
-585.0,23,33.37817
-516.0,24,33.418276
-533.0,23,33.456775
-567.0,21,33.487278
-514.0,25,33.535821
-613.0,21,33.568619
-468.0,21,33.608963
-513.0,21,33.643927
-403.0,20,33.680775
-695.0,27,33.723337
-563.0,22,33.75997
-607.0,25,33.801168
-524.0,23,33.839891
-727.0,25,33.88059
-730.0,24,33.928345
-546.0,24,33.973572
-479.0,23,34.024153
-542.0,23,34.066841
-524.0,25,34.108107
-409.0,19,34.139836
-637.0,25,34.181103
-514.0,22,34.227399
-483.0,21,34.268084
-537.0,24,34.30778
-748.0,25,34.351207
-439.0,20,34.392353
-692.0,23,34.433137
-402.0,19,34.468955
-707.0,29,34.514199
-633.0,24,36.263783
-481.0,19,36.295894
-371.0,20,36.341954
-506.0,25,36.401403
-502.0,19,36.435374
-416.0,24,36.491693
-618.0,24,36.532925
-430.0,22,36.577397
-595.0,22,36.616947
-496.0,25,36.68124
-601.0,25,36.740068
-531.0,24,36.786178
-466.0,22,36.841627
-546.0,24,36.895401
-622.0,22,36.955993
-486.0,22,37.01368
-551.0,24,37.068486
-577.0,23,37.124227
-418.0,19,37.168691
-603.0,23,37.209225
-455.0,20,37.246617
-501.0,21,37.284068
-470.0,20,37.340744
-500.0,20,37.38815
-541.0,22,37.437069
-561.0,21,37.491505
-617.0,23,37.544665
-482.0,20,37.594855
-488.0,21,37.639744
-703.0,25,37.68229
-628.0,22,37.719224
-592.0,22,37.766516
-596.0,26,37.821264
-589.0,24,37.864795
-503.0,21,37.913009
-555.0,24,37.972638
-529.0,23,38.022465
-306.0,18,38.071783
-602.0,27,38.135743
-414.0,20,38.17885
-573.0,24,38.22056
-564.0,25,38.269663
-906.0,30,38.317385
-447.0,21,38.363328
-577.0,20,38.399853
-635.0,29,38.454549
-593.0,23,38.509542
-592.0,25,38.565632
-541.0,22,38.606696
-375.0,24,38.664896
-615.0,27,38.722564
-451.0,22,38.768195
-694.0,25,38.820213
-516.0,21,38.855221
-495.0,21,38.891526
-445.0,19,38.926936
-457.0,24,38.982003
-543.0,24,39.053763
-622.0,25,39.115478
-638.0,21,39.165303
-728.0,26,39.225598
-570.0,24,39.274207
-561.0,24,39.31164
-575.0,24,39.362155
-447.0,21,39.399465
-617.0,26,39.449206
-546.0,24,39.50368
-420.0,19,39.547624
-617.0,24,39.591991
-641.0,26,39.634271
-486.0,21,39.677485
-552.0,24,39.72592
-512.0,20,39.762583
-462.0,21,39.79871
-659.0,23,39.842391
-634.0,24,39.883459
-593.0,20,39.924261
-528.0,23,39.97768
-687.0,27,40.035849
-394.0,19,40.09209
-522.0,19,40.125814
-636.0,21,40.157576
-473.0,20,40.192645
-602.0,24,40.234904
-576.0,23,40.274925
-505.0,22,40.320525
-512.0,25,40.371787
-471.0,22,40.418493
-497.0,19,40.463944
-504.0,24,40.528847
-475.0,21,42.558014
-520.0,22,42.594036
-461.0,20,42.636087
-512.0,24,42.682642
-545.0,23,42.722265
-430.0,22,42.780783
-695.0,24,42.833526
-576.0,27,42.899332
-715.0,25,42.950868
-438.0,18,42.986774
-466.0,22,43.037727
-448.0,19,43.075363
-606.0,24,43.117835
-539.0,23,43.163492
-476.0,19,43.195523
-472.0,20,43.231427
-464.0,20,43.267585
-400.0,22,43.320285
-477.0,21,43.36899
-441.0,21,43.434376
-490.0,22,43.474344
-720.0,26,43.526866
-477.0,21,43.574012
-444.0,19,43.622737
-633.0,24,43.665602
-455.0,20,43.707562
-431.0,22,43.763289
-450.0,24,43.809641
-505.0,22,43.846672
-591.0,24,43.887062
-576.0,23,43.925898
-557.0,23,43.975657
-334.0,19,44.01725
-507.0,21,44.053043
-484.0,22,44.106231
-548.0,25,44.149124
-619.0,22,44.192007
-589.0,24,44.239065
-437.0,20,44.292462
-468.0,23,44.354399
-495.0,23,44.398761
-554.0,20,44.442009
-441.0,23,44.506896
-547.0,25,44.553277
-554.0,25,44.59422
-588.0,21,44.631679
-511.0,25,44.677017
-459.0,21,44.721523
-657.0,24,44.767905
-532.0,22,44.810413
-410.0,22,44.866684
-724.0,25,44.914092
-503.0,20,44.949947
-590.0,20,44.984828
-496.0,21,45.041037
-767.0,29,45.110317
-360.0,19,45.152647
-534.0,21,45.193253
-512.0,20,45.242717
-602.0,23,45.28422
-441.0,21,45.330401
-660.0,27,45.388174
-438.0,21,45.434359
-463.0,19,45.470486
-569.0,29,45.535727
-556.0,22,45.578479
-610.0,25,45.633069
-487.0,21,45.667783
-502.0,22,45.706459
-443.0,20,45.749951
-461.0,23,45.80003
-493.0,21,45.856014
-549.0,24,45.914819
-591.0,29,45.983589
-438.0,21,46.03413
-575.0,23,46.086758
-516.0,24,46.148178
-622.0,25,46.199287
-682.0,27,46.263705
-699.0,23,46.314641
-661.0,25,46.362094
-411.0,21,46.411538
-505.0,19,46.449152
-566.0,23,46.498186
-570.0,24,46.542974
-430.0,18,46.590831
-595.0,22,46.650847
-590.0,23,46.688101
-522.0,21,46.730649
-567.0,21,46.772796
-550.0,25,46.832395
-356.0,20,46.889275
-509.0,23,48.789972
-544.0,22,48.833897
-416.0,20,48.871838
-513.0,21,48.916985
-606.0,24,48.965011
-464.0,20,49.002403
-623.0,23,49.050605
-544.0,25,49.106481
-587.0,25,49.163575
-564.0,24,49.216825
-574.0,22,49.257144
-689.0,24,49.306061
-593.0,23,49.348235
-607.0,19,49.378492
-582.0,24,49.423203
-540.0,23,49.468565
-578.0,23,49.515852
-566.0,31,49.58697
-446.0,23,49.647618
-448.0,22,49.689207
-498.0,23,49.737289
-585.0,24,49.796853
-597.0,23,49.851011
-591.0,24,49.897379
-459.0,24,49.956059
-658.0,25,50.004548
-370.0,20,50.052925
-459.0,24,50.103597
-512.0,27,50.157834
-480.0,21,50.195231
-551.0,21,50.24589
-704.0,31,50.306626
-499.0,22,50.358088
-533.0,20,50.403034
-594.0,24,50.444443
-687.0,24,50.485804
-498.0,20,50.538217
-432.0,18,50.582854
-454.0,19,50.627471
-582.0,27,50.676068
-516.0,26,50.723102
-577.0,24,50.772179
-443.0,26,50.860404
-369.0,21,50.916287
-492.0,21,50.956541
-491.0,23,51.008101
-360.0,22,51.063604
-408.0,18,51.103505
-505.0,19,51.141938
-537.0,22,51.177983
-447.0,21,51.210883
-592.0,21,51.246421
-503.0,19,51.278285
-534.0,21,51.311403
-544.0,23,51.350567
-612.0,24,51.388203
-734.0,32,51.43731
-509.0,21,51.478776
-682.0,25,51.539125
-475.0,21,51.57949
-490.0,21,51.627683
-536.0,23,51.670437
-546.0,21,51.716777
-408.0,19,51.760138
-460.0,22,51.798822
-421.0,23,51.859265
-387.0,20,51.899824
-541.0,26,51.948668
-708.0,30,52.00489
-625.0,28,52.066971
-512.0,25,52.121602
-549.0,20,52.15752
-635.0,26,52.207477
-542.0,20,52.239475
-534.0,18,52.28281
-516.0,24,52.361731
-469.0,23,52.427992
-530.0,25,52.471414
-737.0,26,52.512814
-431.0,20,52.547261
-581.0,20,52.581189
-616.0,24,52.626167
-508.0,21,52.674368
-394.0,19,52.718401
-499.0,22,52.770103
-566.0,23,52.819184
-564.0,24,52.861799
-569.0,23,52.906995
-708.0,27,52.955712
-407.0,21,54.795525
-550.0,25,54.83977
-431.0,21,54.880865
-542.0,23,54.919249
-530.0,23,54.990145
-496.0,23,55.058212
-430.0,25,55.227782
-545.0,22,55.270613
-425.0,20,55.313071
-499.0,22,55.347928
-539.0,23,55.426068
-590.0,24,55.472635
-489.0,21,55.509337
-690.0,24,55.550823
-583.0,26,55.600981
-501.0,24,55.664617
-573.0,21,55.714086
-361.0,18,55.760856
-688.0,25,55.804386
-520.0,19,55.846645
-400.0,22,55.900003
-612.0,24,55.951483
-641.0,27,56.006071
-477.0,22,56.066944
-572.0,20,56.10354
-636.0,27,56.156395
-566.0,26,56.208654
-419.0,23,56.266258
-439.0,22,56.324998
-430.0,21,56.366049
-668.0,23,56.406415
-626.0,23,56.451087
-432.0,23,56.495031
-554.0,23,56.535882
-624.0,21,56.588953
-406.0,19,56.643296
-487.0,19,56.682274
-446.0,20,56.725349
-495.0,25,56.798171
-625.0,22,56.844276
-376.0,29,56.944426
-448.0,22,57.010402
-526.0,24,57.069617
-470.0,20,57.120111
-454.0,22,57.187047
-505.0,22,57.23589
-564.0,21,57.274761
-516.0,24,57.323155
-581.0,20,57.356254
-425.0,22,57.394824
-544.0,21,57.435974
-543.0,24,57.483255
-482.0,23,57.537536
-520.0,19,57.585995
-641.0,22,57.665429
-510.0,21,57.734039
-471.0,25,57.793252
-515.0,20,57.830887
-672.0,25,57.877309
-532.0,27,57.924963
-560.0,26,57.972573
-487.0,22,58.00939
-653.0,23,58.050719
-489.0,21,58.084448
-514.0,21,58.127567
-531.0,24,58.169497
-560.0,25,58.215709
-510.0,25,58.260638
-596.0,23,58.296049
-528.0,26,58.361734
-477.0,21,58.399306
-519.0,24,58.491393
-526.0,21,58.545671
-460.0,22,58.586451
-604.0,22,58.619152
-467.0,20,58.654819
-479.0,23,58.694724
-515.0,23,58.740664
-543.0,21,58.776684
-439.0,21,58.816122
-553.0,29,58.865992
-560.0,29,58.93612
-503.0,23,58.978179
-535.0,19,59.008024
-541.0,24,59.047803
-511.0,24,59.091229
-504.0,24,59.139744
-485.0,23,59.183318
-506.0,23,59.232302
-471.0,22,59.276909
-551.0,20,61.243413
-481.0,22,61.303413
-517.0,22,61.36277
-404.0,26,61.418435
-451.0,22,61.461425
-610.0,28,61.506077
-398.0,20,61.547681
-426.0,25,61.679554
-444.0,20,61.741544
-495.0,22,61.778644
-465.0,19,61.811708
-603.0,24,61.848606
-454.0,23,61.898677
-529.0,23,61.985605
-476.0,25,62.078408
-527.0,23,62.11575
-486.0,24,62.158893
-441.0,21,62.197403
-340.0,21,62.241442
-370.0,22,62.285523
-637.0,25,62.347889
-483.0,21,62.427648
-446.0,21,62.484894
-441.0,21,62.51823
-594.0,21,62.5491
-562.0,28,62.600722
-320.0,20,62.64964
-504.0,24,62.716099
-439.0,22,62.807964
-530.0,23,62.872454
-544.0,25,62.942997
-594.0,24,62.987236
-604.0,22,63.022475
-484.0,27,63.075942
-410.0,29,63.144547
-592.0,28,63.275916
-401.0,20,63.33992
-426.0,20,63.382187
-469.0,22,63.423328
-434.0,23,63.472558
-424.0,22,63.511435
-434.0,20,63.559587
-416.0,24,63.625527
-491.0,23,63.679332
-579.0,21,63.714844
-501.0,27,63.766531
-471.0,21,63.801502
-559.0,22,63.83965
-479.0,23,63.89257
-553.0,22,63.932032
-474.0,21,63.982527
-543.0,21,64.031392
-475.0,22,64.105455
-420.0,20,64.148522
-405.0,18,64.187607
-485.0,20,64.22285
-507.0,26,64.273251
-442.0,22,64.318897
-559.0,25,64.369445
-460.0,19,64.404109
-594.0,24,64.443981
-360.0,21,64.500263
-496.0,22,64.555494
-624.0,30,64.621145
-505.0,20,64.656473
-522.0,27,64.705373
-403.0,24,64.762464
-433.0,23,64.816299
-371.0,23,64.874203
-608.0,23,64.911865
-416.0,23,64.958143
-518.0,23,64.995345
-517.0,26,65.051015
-465.0,21,65.092924
-479.0,20,65.142506
-543.0,24,65.195982
-365.0,23,65.244028
-676.0,31,65.297477
-587.0,26,65.349207
-423.0,22,65.402215
-600.0,27,65.474302
-658.0,28,65.541095
-643.0,25,65.593421
-447.0,23,65.658162
-520.0,22,65.710997
-504.0,21,65.762232
-478.0,22,65.811601
-492.0,21,65.864666
-416.0,20,65.909535
-467.0,23,67.932945
-479.0,26,67.980806
-524.0,29,68.032223
-482.0,22,68.07473
-573.0,27,68.123421
-552.0,24,68.16573
-518.0,26,68.213398
-425.0,26,68.306202
-339.0,21,68.356874
-454.0,22,68.399193
-376.0,19,68.443772
-675.0,24,68.481437
-566.0,20,68.513925
-498.0,24,68.549449
-496.0,22,68.583678
-456.0,18,68.618755
-539.0,23,68.666825
-412.0,19,68.712436
-497.0,23,68.751686
-665.0,23,68.785385
-408.0,22,68.839702
-618.0,27,68.891695
-361.0,22,68.944186
-618.0,24,68.985838
-385.0,23,69.099941
-494.0,20,69.1593
-395.0,25,69.224276
-581.0,23,69.266726
-651.0,27,69.327746
-556.0,22,69.386052
-343.0,22,69.462544
-537.0,24,69.522873
-551.0,20,69.564622
-440.0,23,69.615049
-621.0,27,69.657667
-453.0,21,69.696808
-537.0,27,69.756156
-454.0,23,69.808373
-613.0,25,69.85125
-579.0,24,69.896214
-423.0,19,69.935122
-422.0,20,69.967333
-483.0,18,69.994545
-458.0,25,70.058355
-407.0,22,70.116554
-479.0,23,70.155463
-482.0,23,70.199789
-524.0,20,70.230497
-544.0,25,70.271019
-386.0,26,70.34606
-564.0,24,70.387925
-557.0,26,70.437364
-400.0,21,70.478918
-588.0,24,70.51809
-428.0,21,70.55519
-509.0,22,70.591441
-475.0,22,70.626131
-447.0,21,70.668893
-557.0,20,70.701491
-543.0,27,70.76642
-411.0,21,70.809672
-559.0,25,70.855634
-613.0,25,70.902018
-677.0,29,70.947194
-506.0,26,70.990707
-450.0,24,71.03522
-395.0,22,71.086827
-490.0,25,71.137348
-518.0,23,71.176363
-555.0,24,71.227726
-431.0,22,71.273016
-455.0,19,71.30387
-512.0,23,71.373539
-442.0,22,71.422707
-403.0,21,71.468017
-505.0,25,71.519198
-584.0,23,71.580827
-515.0,26,71.651157
-529.0,22,71.689638
-484.0,22,71.73072
-648.0,30,71.787869
-539.0,25,71.831361
-369.0,21,71.874989
-476.0,20,71.9087
-589.0,22,71.946009
-364.0,20,71.98807
-635.0,23,72.025462
-409.0,22,72.069173
-402.0,18,72.101381
-443.0,20,73.903977
-432.0,22,73.943874
-475.0,23,73.982302
-441.0,21,74.015185
-418.0,20,74.048066
-434.0,28,74.104878
-437.0,20,74.138554
-561.0,27,74.19398
-409.0,23,74.234434
-520.0,22,74.271006
-353.0,21,74.32681
-509.0,23,74.404365
-491.0,20,74.469134
-350.0,18,74.531567
-561.0,24,74.596946
-422.0,20,74.643923
-400.0,22,74.706503
-421.0,28,74.779669
-527.0,26,74.833535
-416.0,21,74.882364
-504.0,21,74.930536
-670.0,25,74.97556
-473.0,20,75.017985
-498.0,19,75.048445
-374.0,18,75.083925
-537.0,21,75.127469
-426.0,22,75.167547
-490.0,22,75.199577
-359.0,19,75.250392
-524.0,27,75.327028
-466.0,22,75.364866
-429.0,23,75.412582
-577.0,28,75.467093
-422.0,18,75.497392
-659.0,26,75.537705
-499.0,21,75.575915
-527.0,26,75.632532
-432.0,22,75.669671
-543.0,27,75.728027
-466.0,22,75.770094
-496.0,22,75.806285
-559.0,24,75.845084
-414.0,21,75.880651
-508.0,22,75.922572
-523.0,22,75.959414
-459.0,21,75.998254
-560.0,23,76.033421
-469.0,22,76.092817
-576.0,24,76.131218
-553.0,23,76.167155
-491.0,26,76.217232
-413.0,20,76.250669
-400.0,20,76.290599
-547.0,25,76.344296
-440.0,21,76.378893
-686.0,23,76.413886
-326.0,19,76.456522
-552.0,24,76.497313
-510.0,24,76.54327
-593.0,29,76.636667
-695.0,29,76.684207
-386.0,20,76.723144
-477.0,27,76.789045
-450.0,24,76.844488
-516.0,24,76.88309
-430.0,20,76.920773
-378.0,21,76.963701
-634.0,27,77.012153
-493.0,22,77.049371
-437.0,23,77.097522
-469.0,23,77.137025
-450.0,22,77.178082
-434.0,22,77.224062
-409.0,20,77.261074
-544.0,27,77.318698
-469.0,22,77.353053
-596.0,29,77.408025
-431.0,21,77.445426
-533.0,24,77.496765
-562.0,19,77.528575
-451.0,27,77.592452
-406.0,25,77.645474
-531.0,21,77.680933
-398.0,22,77.726585
-312.0,20,77.770372
-622.0,28,77.82075
-458.0,23,77.8621
-393.0,21,77.904945
-430.0,19,77.935663
-472.0,30,78.000595
-516.0,25,79.70856
-403.0,25,79.756537
-491.0,20,79.791574
-475.0,21,79.8247
-419.0,23,79.877824
-534.0,26,79.920109
-423.0,23,79.967218
-532.0,28,80.015633
-527.0,21,80.052452
-413.0,22,80.098134
-583.0,27,80.147335
-304.0,22,80.198129
-486.0,24,80.24106
-466.0,22,80.281534
-418.0,26,80.337364
-486.0,18,80.368934
-421.0,20,80.406816
-557.0,23,80.443905
-447.0,24,80.488688
-512.0,26,80.532954
-495.0,26,80.583842
-433.0,18,80.614101
-430.0,23,80.661517
-552.0,24,80.710556
-525.0,22,80.747414
-567.0,27,80.799691
-450.0,24,80.850629
-534.0,21,80.88554
-377.0,29,80.953184
-441.0,21,80.986769
-417.0,21,81.03507
-302.0,20,81.078142
-512.0,25,81.125695
-386.0,20,81.169284
-463.0,25,81.213707
-554.0,25,81.261091
-479.0,20,81.291535
-469.0,22,81.337223
-505.0,22,81.382653
-337.0,22,81.484056
-481.0,19,81.540578
-531.0,27,81.636335
-431.0,21,81.669978
-479.0,20,81.704248
-516.0,24,81.743571
-450.0,25,81.800071
-478.0,27,81.861418
-302.0,23,81.918343
-356.0,23,81.973207
-557.0,23,82.013102
-522.0,24,82.056708
-488.0,22,82.102645
-467.0,20,82.134977
-448.0,22,82.174118
-494.0,23,82.208647
-567.0,27,82.255541
-566.0,26,82.297935
-408.0,23,82.351352
-373.0,22,82.397919
-491.0,23,82.443886
-231.0,19,82.496557
-588.0,24,82.533802
-545.0,23,82.57033
-426.0,25,82.629393
-604.0,22,82.666831
-488.0,22,82.708992
-419.0,20,82.75531
-516.0,24,82.812043
-426.0,21,82.851484
-415.0,23,82.899123
-527.0,25,82.946588
-492.0,24,82.997684
-406.0,19,83.030611
-431.0,20,83.064381
-462.0,21,83.104124
-554.0,26,83.143734
-438.0,26,83.20034
-573.0,25,83.24001
-376.0,21,83.289961
-515.0,23,83.325974
-341.0,21,83.366874
-353.0,21,83.417349
-475.0,22,83.458184
-407.0,20,83.50724
-380.0,19,83.547048
-554.0,26,83.592085
-407.0,22,83.63627
-424.0,22,83.681939
-580.0,25,83.724283
-428.0,21,85.476275
-450.0,25,85.523709
-473.0,25,85.582437
-534.0,24,85.619574
-460.0,25,85.667503
-433.0,25,85.714624
-506.0,23,85.755096
-506.0,20,85.790077
-476.0,23,85.82991
-535.0,25,85.870636
-459.0,21,85.902307
-433.0,22,85.942241
-509.0,24,85.981963
-420.0,21,86.020215
-570.0,24,86.057303
-512.0,23,86.092924
-379.0,19,86.129078
-479.0,26,86.178523
-372.0,25,86.240646
-394.0,21,86.279132
-485.0,23,86.33539
-513.0,23,86.375378
-476.0,25,86.425732
-494.0,23,86.462326
-401.0,22,86.51254
-440.0,23,86.548866
-388.0,20,86.584707
-405.0,21,86.633584
-398.0,19,86.694844
-491.0,25,86.735597
-496.0,22,86.77221
-463.0,22,86.814479
-346.0,19,86.865332
-422.0,21,86.921699
-354.0,21,86.968503
-406.0,19,87.000418
-479.0,20,87.036333
-350.0,20,87.075568
-465.0,21,87.110555
-460.0,22,87.148728
-385.0,19,87.178794
-375.0,18,87.210513
-495.0,25,87.262173
-488.0,20,87.297638
-530.0,26,87.38552
-481.0,21,87.420643
-453.0,21,87.452103
-546.0,24,87.490999
-386.0,22,87.537771
-559.0,25,87.581404
-378.0,21,87.626493
-399.0,21,87.660989
-454.0,21,87.693645
-542.0,26,87.751201
-549.0,24,87.788963
-367.0,20,87.825469
-437.0,21,87.859508
-511.0,22,87.900205
-432.0,21,87.931354
-388.0,20,87.969605
-490.0,25,88.027623
-482.0,25,88.078911
-460.0,22,88.132333
-526.0,25,88.194466
-407.0,20,88.2384
-365.0,22,88.281322
-344.0,22,88.3341
-412.0,19,88.368311
-464.0,28,88.431492
-481.0,22,88.467553
-562.0,31,88.538408
-586.0,22,88.573037
-473.0,23,88.621384
-476.0,24,88.668205
-493.0,22,88.709354
-461.0,23,88.763512
-441.0,23,88.808311
-429.0,23,88.856884
-403.0,22,88.896141
-505.0,25,88.954842
-415.0,21,89.000775
-541.0,25,89.044271
-407.0,18,89.079017
-348.0,24,89.143265
-532.0,25,89.199208
-530.0,26,89.26455
-603.0,27,89.323587
-444.0,19,89.357838
-571.0,24,89.398708
-346.0,19,89.442596
-517.0,25,89.486385
-401.0,20,91.241266
-496.0,22,91.273723
-497.0,24,91.311989
-484.0,25,91.354215
-413.0,20,91.401309
-437.0,20,91.432798
-498.0,24,91.482872
-482.0,23,91.529335
-473.0,20,91.56742
-474.0,24,91.623039
-452.0,20,91.655451
-599.0,26,91.695724
-546.0,27,91.746842
-380.0,18,91.776721
-420.0,22,91.81187
-538.0,25,91.859329
-456.0,21,91.895831
-503.0,23,91.936722
-486.0,21,91.974231
-406.0,19,92.022455
-423.0,21,92.071695
-407.0,23,92.121485
-424.0,22,92.161734
-459.0,21,92.199768
-383.0,19,92.232238
-541.0,22,92.266652
-530.0,26,92.330614
-503.0,23,92.370867
-386.0,22,92.423494
-526.0,25,92.475317
-397.0,19,92.509566
-512.0,23,92.5453
-394.0,22,92.592275
-524.0,28,92.644699
-485.0,26,92.695708
-564.0,27,92.754372
-418.0,26,92.818564
-443.0,23,92.872571
-443.0,22,92.911773
-476.0,23,92.956682
-456.0,21,92.989548
-578.0,26,93.029446
-567.0,24,93.087715
-442.0,19,93.119264
-467.0,20,93.15082
-489.0,21,93.187606
-364.0,22,93.241091
-469.0,22,93.280567
-419.0,20,93.316402
-561.0,24,93.359192
-495.0,24,93.40074
-433.0,25,93.447149
-517.0,22,93.483486
-361.0,21,93.527205
-391.0,19,93.560948
-314.0,19,93.60536
-520.0,25,93.650938
-562.0,31,93.70411
-509.0,20,93.735992
-423.0,21,93.778769
-488.0,23,93.822742
-483.0,21,93.861037
-542.0,23,93.896872
-419.0,20,93.936777
-567.0,26,93.977109
-468.0,20,94.010668
-372.0,21,94.056277
-524.0,23,94.093849
-413.0,22,94.142517
-472.0,22,94.177492
-374.0,20,94.212506
-474.0,21,94.249019
-366.0,20,94.289365
-488.0,23,94.327443
-343.0,19,94.36569
-478.0,25,94.41861
-468.0,21,94.453151
-511.0,25,94.502785
-593.0,25,94.5424
-465.0,21,94.578796
-364.0,22,94.630484
-400.0,22,94.676006
-403.0,25,94.732133
-646.0,28,94.775542
-458.0,23,94.817226
-530.0,23,94.850524
-517.0,22,94.89632
-459.0,22,94.943506
-400.0,22,94.991838
-351.0,21,95.036558
-442.0,19,95.068755
-426.0,21,96.8203
-582.0,27,96.86851
-353.0,20,96.90884
-371.0,21,96.958732
-376.0,19,96.998979
-329.0,20,97.040778
-523.0,25,97.087693
-530.0,26,97.131889
-450.0,21,97.181801
-335.0,20,97.230184
-563.0,23,97.270916
-499.0,22,97.310332
-414.0,21,97.356426
-395.0,22,97.410707
-491.0,23,97.466311
-526.0,28,97.514666
-467.0,28,97.579089
-440.0,20,97.611779
-650.0,27,97.658002
-494.0,23,97.696995
-558.0,24,97.734259
-423.0,24,97.786572
-506.0,20,97.8226
-617.0,26,97.867156
-477.0,25,97.920859
-472.0,22,97.959946
-516.0,21,97.991984
-574.0,31,98.060806
-430.0,22,98.114254
-581.0,28,98.159557
-339.0,21,98.206878
-522.0,31,98.27975
-532.0,22,98.313979
-529.0,28,98.36614
-466.0,22,98.403935
-367.0,22,98.458238
-457.0,23,98.501538
-404.0,20,98.535244
-435.0,21,98.575505
-444.0,22,98.611351
-375.0,20,98.66296
-451.0,22,98.704946
-419.0,24,98.751856
-411.0,20,98.783262
-409.0,25,98.835489
-491.0,27,98.889774
-512.0,20,98.925194
-423.0,21,98.96264
-479.0,28,99.015136
-433.0,22,99.05656
-407.0,23,99.105292
-309.0,21,99.155141
-330.0,20,99.19566
-502.0,25,99.246614
-473.0,21,99.301291
-432.0,21,99.346861
-440.0,23,99.389161
-472.0,27,99.443492
-505.0,22,99.482072
-414.0,20,99.529326
-538.0,28,99.57194
-588.0,30,99.635229
-605.0,29,99.69027
-478.0,22,99.732614
-662.0,32,99.801272
-393.0,21,99.848619
-460.0,22,99.889658
-332.0,23,99.945053
-386.0,22,99.991653
-429.0,23,100.037252
-503.0,25,100.076861
-592.0,25,100.119488
-407.0,26,100.17874
-415.0,20,100.212706
-334.0,22,100.267782
-496.0,23,100.304461
-458.0,21,100.343197
-385.0,19,100.380935
-430.0,19,100.411692
-364.0,24,100.464748
-460.0,22,100.505386
-451.0,22,100.550845
-522.0,24,100.590452
-488.0,22,100.627811
-450.0,18,100.659314
-557.0,27,100.704399
-402.0,21,100.753223
-307.0,19,100.794467
-576.0,21,100.829565
-406.0,22,102.53441
-472.0,25,102.579209
-576.0,27,102.627401
-423.0,21,102.67788
-416.0,20,102.714345
-467.0,24,102.769237
-382.0,19,102.815207
-458.0,19,102.846307
-428.0,21,102.881333
-494.0,23,102.920668
-335.0,20,102.966497
-587.0,26,103.008831
-525.0,25,103.055529
-426.0,21,103.094517
-447.0,23,103.139123
-476.0,23,103.186013
-446.0,23,103.237363
-365.0,20,103.281512
-409.0,19,103.315549
-546.0,24,103.35322
-403.0,22,103.416739
-536.0,26,103.478982
-478.0,22,103.522091
-518.0,26,103.563875
-530.0,26,103.616615
-514.0,25,103.65738
-351.0,21,103.709926
-584.0,29,103.77564
-470.0,27,103.83252
-358.0,19,103.866444
-412.0,20,103.89944
-548.0,22,103.937016
-399.0,20,103.973133
-548.0,29,104.039488
-490.0,26,104.088277
-425.0,23,104.140832
-566.0,29,104.200909
-329.0,23,104.26249
-565.0,27,104.306831
-481.0,22,104.350036
-462.0,21,104.387291
-515.0,23,104.432803
-483.0,24,104.497823
-498.0,24,104.53988
-464.0,23,104.602373
-479.0,23,104.645234
-480.0,24,104.703526
-382.0,23,104.754783
-611.0,26,104.798349
-437.0,22,104.840099
-589.0,28,104.895215
-411.0,21,104.931035
-415.0,19,104.95943
-471.0,21,104.99496
-467.0,27,105.046894
-314.0,22,105.095162
-348.0,18,105.129056
-349.0,21,105.171354
-548.0,28,105.223941
-465.0,21,105.257246
-459.0,25,105.311447
-526.0,25,105.360103
-471.0,21,105.40418
-298.0,24,105.490959
-469.0,23,105.533173
-360.0,18,105.565832
-492.0,25,105.621367
-468.0,24,105.67561
-388.0,23,105.723473
-416.0,22,105.769276
-468.0,25,105.827145
-301.0,19,105.871172
-398.0,24,105.929768
-558.0,27,105.97872
-583.0,28,106.022742
-324.0,18,106.05767
-455.0,20,106.089795
-485.0,24,106.136172
-385.0,21,106.187569
-379.0,23,106.239712
-537.0,27,106.288919
-348.0,21,106.342419
-439.0,24,106.398744
-687.0,27,106.446377
-503.0,26,106.490757
-544.0,25,106.529388
-451.0,22,106.566976
-391.0,19,106.605567
-424.0,22,106.64869
-474.0,24,108.332925
-368.0,20,108.376666
-352.0,23,108.427589
-429.0,21,108.462635
-510.0,31,108.524513
-368.0,22,108.575834
-425.0,20,108.626347
-470.0,20,108.658645
-457.0,19,108.687457
-452.0,20,108.725115
-464.0,20,108.758747
-324.0,23,108.814377
-450.0,21,108.856671
-416.0,20,108.889272
-459.0,24,108.934663
-459.0,21,108.966998
-445.0,25,109.014597
-384.0,18,109.059714
-406.0,25,109.117835
-338.0,20,109.165301
-383.0,22,109.216683
-373.0,20,109.25172
-333.0,21,109.297854
-563.0,29,109.345419
-474.0,23,109.397812
-460.0,22,109.43892
-479.0,23,109.493447
-314.0,21,109.546856
-551.0,23,109.590136
-499.0,25,109.631544
-295.0,22,109.686371
-447.0,21,109.725626
-496.0,25,109.776579
-368.0,22,109.819825
-440.0,20,109.850913
-499.0,26,109.8998
-443.0,20,109.931343
-462.0,24,109.984522
-424.0,20,110.016083
-479.0,23,110.05572
-360.0,22,110.104493
-544.0,25,110.142025
-592.0,25,110.181709
-475.0,25,110.237206
-428.0,25,110.296935
-397.0,19,110.33619
-484.0,22,110.373028
-546.0,24,110.411703
-510.0,24,110.454891
-422.0,20,110.490149
-612.0,24,110.528271
-727.0,34,110.58375
-682.0,31,110.65114
-422.0,22,110.69282
-378.0,21,110.733736
-490.0,22,110.767822
-411.0,21,110.805798
-492.0,24,110.854786
-511.0,22,110.888839
-528.0,25,110.93169
-471.0,24,110.98029
-451.0,21,111.012297
-446.0,23,111.054879
-548.0,25,111.093673
-455.0,24,111.143883
-445.0,24,111.185178
-304.0,19,111.228138
-532.0,25,111.278209
-423.0,27,111.343401
-384.0,22,111.393356
-490.0,24,111.431998
-387.0,20,111.470071
-473.0,23,111.51546
-419.0,23,111.559023
-566.0,25,111.599145
-390.0,21,111.669017
-553.0,28,111.745074
-685.0,28,111.792687
-551.0,26,111.844316
-585.0,24,111.879425
-608.0,29,111.962286
-433.0,22,112.019568
-712.0,34,112.094008
-474.0,21,112.128888
-415.0,22,112.182227
-402.0,20,112.223422
-488.0,25,112.267708
-484.0,22,112.303889
-478.0,23,114.060559
-497.0,29,114.116803
-460.0,22,114.151217
-475.0,22,114.19622
-550.0,25,114.263839
-550.0,25,114.326141
-405.0,20,114.367512
-445.0,23,114.42672
-489.0,24,114.480484
-402.0,21,114.534482
-350.0,25,114.595917
-411.0,24,114.660604
-489.0,24,114.711037
-600.0,24,114.751072
-432.0,21,114.803669
-392.0,20,114.838968
-582.0,26,114.885716
-451.0,22,114.922157
-488.0,25,114.962175
-469.0,22,115.006093
-513.0,21,115.044233
-513.0,24,115.091707
-399.0,21,115.137526
-507.0,25,115.200555
-354.0,19,115.24023
-386.0,21,115.280156
-489.0,24,115.322571
-531.0,24,115.358756
-523.0,22,115.395028
-539.0,23,115.430557
-492.0,24,115.470026
-436.0,22,115.5206
-416.0,20,115.557729
-443.0,23,115.605516
-449.0,20,115.639436
-337.0,21,115.690364
-353.0,20,115.738435
-397.0,20,115.797202
-454.0,28,115.852532
-572.0,26,115.897666
-632.0,29,115.947633
-517.0,22,115.983166
-451.0,25,116.03009
-330.0,22,116.080913
-407.0,20,116.114434
-546.0,30,116.166057
-542.0,26,116.210542
-459.0,21,116.272401
-410.0,21,116.308954
-407.0,28,116.377167
-419.0,20,116.407511
-503.0,23,116.450306
-329.0,22,116.501397
-385.0,22,116.549734
-360.0,24,116.602392
-515.0,26,116.648127
-338.0,22,116.703658
-456.0,21,116.74003
-529.0,22,116.780519
-455.0,20,116.810649
-429.0,30,116.878697
-467.0,22,116.917127
-437.0,23,116.97207
-311.0,18,117.011568
-437.0,23,117.055993
-421.0,21,117.096695
-432.0,24,117.148819
-386.0,24,117.202647
-435.0,21,117.254251
-457.0,26,117.317856
-521.0,26,117.376499
-479.0,20,117.410383
-493.0,25,117.468426
-468.0,21,117.50799
-460.0,22,117.545116
-490.0,22,117.584177
-410.0,23,117.639386
-395.0,20,117.677122
-379.0,22,117.73365
-384.0,22,117.784982
-412.0,23,117.854035
-398.0,20,117.900356
-337.0,27,117.969891
-450.0,21,118.005628
-366.0,20,118.053897
-514.0,22,118.093643
-481.0,22,118.138757
-453.0,25,118.192024
-625.0,28,118.238075
-357.0,23,119.930206
-351.0,24,119.981833
-395.0,23,120.027802
-544.0,27,120.070189
-507.0,24,120.113263
-450.0,25,120.173126
-434.0,24,120.216842
-399.0,20,120.257746
-456.0,25,120.298531
-430.0,21,120.339965
-468.0,24,120.377563
-589.0,25,120.421656
-413.0,23,120.468401
-605.0,26,120.513082
-502.0,22,120.555883
-477.0,21,120.599243
-747.0,27,120.649086
-424.0,19,120.684708
-460.0,19,120.722688
-434.0,24,120.773335
-525.0,24,120.815046
-539.0,26,120.859296
-503.0,23,120.910872
-581.0,26,120.960032
-369.0,18,121.000883
-440.0,22,121.038903
-585.0,24,121.074162
-448.0,28,121.144388
-340.0,22,121.211025
-380.0,20,121.253392
-443.0,24,121.305544
-412.0,20,121.344604
-311.0,21,121.407955
-492.0,24,121.474173
-550.0,25,121.545041
-549.0,31,121.622555
-454.0,24,121.66895
-499.0,22,121.730539
-399.0,22,121.784604
-388.0,20,121.827824
-476.0,23,121.882364
-406.0,19,121.921453
-565.0,22,121.968328
-398.0,20,122.038331
-454.0,19,122.081206
-500.0,24,122.128155
-458.0,23,122.17439
-445.0,22,122.224813
-528.0,24,122.26808
-519.0,27,122.338047
-442.0,25,122.401419
-451.0,22,122.439284
-548.0,26,122.500266
-400.0,22,122.550872
-485.0,23,122.603974
-400.0,21,122.643008
-688.0,28,122.68888
-484.0,22,122.724801
-572.0,23,122.763106
-444.0,24,122.805228
-406.0,22,122.848424
-511.0,22,122.887451
-438.0,24,122.944087
-519.0,24,122.998582
-487.0,22,123.032759
-447.0,24,123.072428
-567.0,27,123.117076
-387.0,18,123.143961
-459.0,24,123.197631
-352.0,23,123.252337
-646.0,25,123.296246
-399.0,23,123.351079
-394.0,21,123.394315
-455.0,21,123.428389
-420.0,18,123.458348
-427.0,19,123.488309
-369.0,21,123.530812
-407.0,20,123.56382
-335.0,20,123.612763
-500.0,25,123.661045
-424.0,22,123.706587
-388.0,19,123.7488
-438.0,24,123.7967
-643.0,28,123.838957
-504.0,24,123.876161
-563.0,26,123.932447
-467.0,20,123.966492
-271.0,20,124.018153
-526.0,28,124.086297
-426.0,21,125.835052
-428.0,20,125.869624
-509.0,20,125.901466
-468.0,24,125.952375
-383.0,20,125.98894
-571.0,25,126.030164
-378.0,27,126.10976
-623.0,29,126.186709
-649.0,25,126.228285
-423.0,21,126.278086
-467.0,23,126.32073
-485.0,23,126.359821
-470.0,23,126.39434
-422.0,23,126.448776
-465.0,21,126.4837
-456.0,21,126.522406
-794.0,38,126.589176
-373.0,19,126.624577
-448.0,22,126.665508
-543.0,27,126.712279
-447.0,21,126.771165
-469.0,23,126.857689
-482.0,25,126.921224
-298.0,22,126.973492
-561.0,28,127.032617
-431.0,20,127.063532
-438.0,21,127.101501
-482.0,26,127.148502
-375.0,21,127.191431
-430.0,22,127.25662
-320.0,24,127.315543
-412.0,22,127.36903
-523.0,26,127.410133
-408.0,25,127.46775
-407.0,20,127.506596
-506.0,26,127.567372
-678.0,24,127.604374
-423.0,21,127.651466
-426.0,21,127.696353
-436.0,19,127.726296
-382.0,21,127.772655
-461.0,23,127.814966
-476.0,26,127.870741
-392.0,23,127.915925
-531.0,25,127.958298
-444.0,21,127.99556
-595.0,28,128.057427
-524.0,26,128.104326
-496.0,22,128.14384
-440.0,23,128.214364
-459.0,27,128.267609
-576.0,27,128.310866
-366.0,21,128.355764
-342.0,22,128.400388
-518.0,26,128.444956
-402.0,28,128.511708
-375.0,20,128.5466
-348.0,19,128.593702
-396.0,22,128.645578
-506.0,20,128.676361
-409.0,22,128.718734
-459.0,21,128.759465
-410.0,19,128.795786
-562.0,25,128.836184
-393.0,21,128.874141
-457.0,22,128.922176
-417.0,21,128.95463
-384.0,21,129.00228
-421.0,22,129.052243
-389.0,20,129.086206
-459.0,21,129.132852
-432.0,24,129.1756
-495.0,24,129.228341
-453.0,22,129.272898
-429.0,24,129.318762
-536.0,23,129.354067
-437.0,20,129.394592
-410.0,20,129.431107
-469.0,22,129.468929
-404.0,23,129.512775
-504.0,24,129.567252
-543.0,21,129.603738
-491.0,23,129.638682
-463.0,24,129.69315
-359.0,20,129.739891
-443.0,20,129.771458
-393.0,21,129.80882
-480.0,26,129.861363
-452.0,23,129.905771
-369.0,19,129.938888
-349.0,19,131.842055
-380.0,19,131.877187
-343.0,23,131.931091
-507.0,24,131.976787
-371.0,20,132.033132
-356.0,20,132.087501
-460.0,22,132.151701
-546.0,30,132.238411
-446.0,23,132.30286
-794.0,32,132.372717
-451.0,19,132.406111
-368.0,23,132.455256
-403.0,19,132.496422
-714.0,30,132.56648
-401.0,20,132.661954
-424.0,23,132.746163
-545.0,29,132.822177
-509.0,26,132.87402
-503.0,23,132.913349
-470.0,22,132.951172
-340.0,19,133.000384
-460.0,27,133.06822
-479.0,23,133.115071
-315.0,19,133.170408
-384.0,20,133.223968
-514.0,22,133.272968
-425.0,20,133.325282
-380.0,19,133.358173
-476.0,20,133.393498
-647.0,29,133.447174
-360.0,21,133.496236
-386.0,21,133.540355
-570.0,24,133.577801
-421.0,24,133.626139
-379.0,19,133.657137
-513.0,24,133.726149
-603.0,23,133.769634
-618.0,27,133.817371
-526.0,19,133.846644
-314.0,21,133.899281
-624.0,30,133.972631
-468.0,24,134.02841
-477.0,24,134.081007
-368.0,20,134.13231
-458.0,23,134.174645
-429.0,22,134.216394
-455.0,22,134.256728
-511.0,23,134.297253
-402.0,21,134.346573
-377.0,23,134.415698
-499.0,27,134.471201
-462.0,24,134.527578
-278.0,22,134.581106
-487.0,30,134.64048
-434.0,20,134.680351
-370.0,24,134.738798
-422.0,26,134.803067
-467.0,23,134.849012
-433.0,19,134.879996
-451.0,26,134.953994
-352.0,22,135.018915
-311.0,21,135.076626
-473.0,23,135.139247
-502.0,22,135.181767
-481.0,22,135.224919
-430.0,24,135.28806
-477.0,24,135.342709
-400.0,25,135.404109
-360.0,23,135.462555
-457.0,22,135.509833
-488.0,23,135.556324
-422.0,20,135.591033
-412.0,22,135.631993
-456.0,20,135.664459
-363.0,24,135.712754
-471.0,25,135.762909
-404.0,24,135.817577
-502.0,22,135.854139
-483.0,24,135.904142
-286.0,20,135.954242
-312.0,19,135.997173
-509.0,26,136.052521
-598.0,25,136.091662
-384.0,21,136.137331
-463.0,26,136.192425
-303.0,21,136.253542
-558.0,24,136.300061
-345.0,27,136.371433
-327.0,19,136.414458
-546.0,27,138.293732
-429.0,21,138.338448
-438.0,21,138.404275
-323.0,19,138.479447
-406.0,20,138.553328
-506.0,23,138.599393
-498.0,25,138.654361
-392.0,23,138.759991
-536.0,26,138.846529
-554.0,26,138.89042
-476.0,23,138.939154
-382.0,20,138.980183
-297.0,21,139.100914
-289.0,20,139.184958
-391.0,29,139.264873
-505.0,28,139.330957
-462.0,24,139.383277
-384.0,25,139.438619
-372.0,19,139.473683
-419.0,20,139.507314
-508.0,25,139.565161
-541.0,28,139.629227
-448.0,22,139.681699
-524.0,29,139.740963
-557.0,26,139.799667
-421.0,19,139.832572
-476.0,23,139.886161
-575.0,29,139.950355
-523.0,25,139.995701
-463.0,22,140.034129
-344.0,20,140.076904
-330.0,21,140.136146
-453.0,20,140.22499
-210.0,19,140.3136
-389.0,22,140.376599
-550.0,25,140.419503
-425.0,22,140.462553
-505.0,22,140.500627
-455.0,23,140.549658
-328.0,22,140.613471
-557.0,26,140.655708
-543.0,24,140.696543
-494.0,20,140.727129
-449.0,20,140.762702
-319.0,23,140.812092
-302.0,19,140.853233
-562.0,29,140.918978
-522.0,27,140.987574
-530.0,23,141.023397
-382.0,21,141.070429
-447.0,21,141.102516
-453.0,21,141.138674
-352.0,19,141.184143
-289.0,19,141.230146
-439.0,22,141.263655
-270.0,21,141.313092
-549.0,24,141.351992
-466.0,25,141.408976
-367.0,19,141.452813
-381.0,22,141.508161
-418.0,22,141.559473
-489.0,22,141.596215
-335.0,22,141.64429
-283.0,19,141.688163
-363.0,19,141.724444
-442.0,22,141.775072
-391.0,21,141.823547
-492.0,24,141.868536
-454.0,26,141.92328
-514.0,24,141.961431
-539.0,23,141.999673
-465.0,24,142.042848
-457.0,26,142.095872
-475.0,22,142.133594
-400.0,20,142.172713
-554.0,26,142.217536
-404.0,21,142.26056
-479.0,27,142.334403
-456.0,24,142.388317
-371.0,21,142.42851
-489.0,24,142.473791
-522.0,28,142.535529
-570.0,24,142.571199
-462.0,24,142.636303
-271.0,19,142.693996
-346.0,24,142.756827
-467.0,27,142.806732
-494.0,23,142.843809
-379.0,21,142.88971
-494.0,23,142.926588
-560.0,27,144.671621
-471.0,24,144.72418
-460.0,24,144.778556
-413.0,20,144.810795
-501.0,24,144.850605
-396.0,20,144.897876
-453.0,21,144.929073
-370.0,23,144.984397
-595.0,28,145.044992
-361.0,24,145.101621
-382.0,19,145.140853
-401.0,24,145.194513
-375.0,22,145.240032
-315.0,20,145.301894
-388.0,19,145.345622
-560.0,25,145.389151
-555.0,21,145.42145
-425.0,24,145.470489
-433.0,22,145.509045
-526.0,19,145.537588
-377.0,23,145.589849
-301.0,20,145.638825
-547.0,28,145.698142
-408.0,23,145.743138
-501.0,24,145.799705
-470.0,23,145.84749
-432.0,23,145.905026
-524.0,23,145.940269
-398.0,20,145.973852
-407.0,20,146.012552
-530.0,23,146.050673
-460.0,19,146.081086
-414.0,24,146.13045
-443.0,23,146.175581
-435.0,21,146.211039
-501.0,24,146.260876
-456.0,24,146.318748
-580.0,25,146.374545
-402.0,22,146.431937
-502.0,22,146.470286
-269.0,22,146.52065
-404.0,20,146.556227
-494.0,23,146.594615
-508.0,25,146.648728
-392.0,23,146.70365
-474.0,21,146.742723
-507.0,28,146.812728
-496.0,28,146.862045
-491.0,26,146.911714
-503.0,23,146.94818
-396.0,23,146.991802
-281.0,21,147.044221
-506.0,26,147.101227
-533.0,26,147.162449
-482.0,23,147.204254
-418.0,22,147.247083
-399.0,21,147.289419
-519.0,27,147.348543
-498.0,27,147.394246
-621.0,27,147.442197
-403.0,19,147.471017
-306.0,19,147.511163
-418.0,22,147.561943
-295.0,28,147.631404
-547.0,25,147.673987
-477.0,24,147.722802
-503.0,26,147.780673
-447.0,21,147.81579
-589.0,31,147.884481
-462.0,21,147.924615
-538.0,28,147.988073
-431.0,26,148.039787
-480.0,21,148.075676
-469.0,22,148.111266
-449.0,23,148.163306
-424.0,22,148.214816
-374.0,20,148.261456
-420.0,26,148.327057
-537.0,27,148.383294
-496.0,22,148.420978
-446.0,23,148.473832
-483.0,25,148.525318
-542.0,26,148.576372
-419.0,23,148.621562
-477.0,22,148.657213
-445.0,22,148.706624
-483.0,23,148.743253
-512.0,23,148.779131
-557.0,29,150.558594
-385.0,19,150.587942
-529.0,25,150.642026
-398.0,23,150.695669
-467.0,23,150.734413
-572.0,26,150.792731
-508.0,25,150.840554
-651.0,27,150.888144
-357.0,21,150.94032
-674.0,32,151.010376
-497.0,23,151.052358
-640.0,34,151.124621
-397.0,19,151.154603
-547.0,25,151.195361
-421.0,24,151.25745
-571.0,28,151.317554
-390.0,21,151.360757
-501.0,21,151.393917
-437.0,23,151.43788
-399.0,20,151.471541
-480.0,21,151.50499
-416.0,21,151.547261
-359.0,18,151.581618
-438.0,24,151.635162
-467.0,23,151.685898
-391.0,21,151.733041
-334.0,21,151.78386
-564.0,27,151.829505
-490.0,25,151.886292
-647.0,29,151.930208
-375.0,18,151.972669
-464.0,23,152.010159
-448.0,22,152.06498
-392.0,23,152.110875
-530.0,23,152.150924
-435.0,21,152.202253
-457.0,22,152.248309
-505.0,26,152.310978
-313.0,18,152.361188
-526.0,25,152.416807
-366.0,18,152.454748
-613.0,31,152.525556
-417.0,23,152.572335
-423.0,18,152.604346
-611.0,32,152.671372
-494.0,23,152.710194
-556.0,28,152.769583
-345.0,24,152.826
-380.0,22,152.874398
-335.0,22,152.930095
-463.0,22,153.000128
-421.0,22,153.054283
-367.0,22,153.110615
-360.0,19,153.148509
-482.0,23,153.188537
-516.0,27,153.246199
-502.0,22,153.283353
-517.0,25,153.331827
-393.0,21,153.387523
-449.0,23,153.430708
-550.0,25,153.474389
-497.0,23,153.514709
-392.0,20,153.561761
-404.0,20,153.609695
-494.0,23,153.643407
-491.0,23,153.677364
-483.0,24,153.719904
-509.0,26,153.776659
-403.0,22,153.820456
-479.0,23,153.873745
-528.0,27,153.932711
-408.0,21,153.975518
-394.0,19,154.00759
-388.0,21,154.041027
-339.0,21,154.088523
-545.0,23,154.12491
-386.0,23,154.179041
-413.0,22,154.221104
-673.0,31,154.285363
-535.0,29,154.365764
-465.0,24,154.423385
-344.0,20,154.468272
-404.0,23,154.5182
-589.0,31,154.583556
-582.0,24,154.620008
-527.0,26,154.670208
-441.0,21,154.709608
-485.0,23,156.48991
-551.0,26,156.545447
-618.0,32,156.612916
-498.0,21,156.645142
-482.0,23,156.699749
-503.0,23,156.734197
-402.0,20,156.768585
-481.0,22,156.807164
-469.0,22,156.842043
-544.0,25,156.880896
-409.0,20,156.915468
-465.0,24,156.969552
-409.0,22,157.018765
-452.0,20,157.055761
-330.0,23,157.129095
-361.0,23,157.175479
-443.0,23,157.228625
-413.0,20,157.270231
-259.0,23,157.343221
-584.0,29,157.400994
-534.0,21,157.437764
-421.0,19,157.469608
-404.0,21,157.503783
-473.0,27,157.547503
-387.0,21,157.587108
-432.0,21,157.630022
-529.0,22,157.666185
-559.0,22,157.698203
-415.0,19,157.729648
-515.0,26,157.787207
-413.0,22,157.825426
-550.0,25,157.881661
-592.0,25,157.920948
-505.0,22,157.958966
-374.0,21,158.008191
-466.0,25,158.050583
-386.0,20,158.082497
-401.0,20,158.121597
-475.0,25,158.177968
-466.0,23,158.215159
-453.0,21,158.248713
-428.0,22,158.289549
-359.0,20,158.330472
-481.0,22,158.374522
-431.0,22,158.413471
-555.0,27,158.471906
-385.0,23,158.524381
-449.0,23,158.578985
-278.0,23,158.639097
-480.0,21,158.67511
-409.0,21,158.709639
-504.0,24,158.762732
-398.0,23,158.80381
-437.0,25,158.864891
-468.0,24,158.923938
-515.0,20,158.955966
-365.0,22,158.999419
-482.0,23,159.034259
-661.0,28,159.07747
-506.0,26,159.146845
-508.0,24,159.193475
-432.0,21,159.2441
-446.0,22,159.283037
-447.0,22,159.319979
-447.0,27,159.370741
-370.0,23,159.432227
-459.0,21,159.468888
-310.0,19,159.513295
-418.0,22,159.56337
-456.0,21,159.599732
-364.0,19,159.637364
-475.0,25,159.696938
-349.0,22,159.74162
-489.0,24,159.789559
-470.0,23,159.83823
-365.0,19,159.875846
-683.0,32,159.93044
-549.0,24,159.967119
-396.0,21,160.017964
-566.0,23,160.055991
-380.0,24,160.113647
-424.0,22,160.163806
-447.0,24,160.218397
-417.0,20,160.254265
-433.0,26,160.325556
-436.0,22,160.36966
-526.0,25,160.414854
-559.0,24,160.455334
-526.0,25,160.504112
-451.0,22,160.552253
-667.0,31,162.247845
-477.0,23,162.28828
-399.0,21,162.337687
-525.0,24,162.375764
-484.0,23,162.411978
-575.0,32,162.486587
-452.0,23,162.543979
-455.0,26,162.598839
-507.0,29,162.658959
-411.0,21,162.700263
-417.0,22,162.73284
-405.0,21,162.781882
-453.0,25,162.83259
-366.0,22,162.884388
-402.0,21,162.920224
-515.0,26,162.976788
-601.0,28,163.024064
-482.0,23,163.065582
-597.0,30,163.128359
-437.0,25,163.184002
-518.0,26,163.24323
-385.0,22,163.30227
-475.0,25,163.366625
-406.0,22,163.417524
-546.0,24,163.455834
-310.0,20,163.505355
-357.0,24,163.560976
-513.0,21,163.596841
-412.0,22,163.635519
-415.0,24,163.691901
-460.0,26,163.74977
-519.0,27,163.81184
-515.0,26,163.868272
-670.0,34,163.942539
-431.0,24,164.000589
-530.0,23,164.040058
-373.0,19,164.070326
-506.0,23,164.104149
-444.0,23,164.151474
-645.0,27,164.189541
-564.0,27,164.237154
-286.0,22,164.295071
-328.0,20,164.345059
-447.0,21,164.396165
-506.0,23,164.431769
-525.0,24,164.468203
-440.0,23,164.52195
-512.0,26,164.564172
-427.0,21,164.610088
-517.0,22,164.643663
-439.0,24,164.692301
-513.0,24,164.737191
-492.0,24,164.781923
-407.0,20,164.810935
-533.0,23,164.8471
-355.0,22,164.892601
-461.0,25,164.94714
-330.0,23,164.9955
-427.0,22,165.034183
-408.0,24,165.085935
-661.0,28,165.12923
-650.0,26,165.168669
-480.0,24,165.21593
-478.0,25,165.270221
-445.0,22,165.310971
-486.0,21,165.347544
-319.0,21,165.396012
-538.0,25,165.436596
-449.0,21,165.473526
-383.0,24,165.529932
-571.0,25,165.566805
-480.0,27,165.617201
-492.0,18,165.643562
-509.0,23,165.677972
-553.0,25,165.71409
-494.0,23,165.754293
-503.0,23,165.7875
-544.0,28,165.848367
-328.0,24,165.899923
-451.0,22,165.943285
-531.0,27,166.002744
-489.0,24,166.04408
-404.0,20,166.077594
-375.0,25,166.132528
-518.0,23,166.176104
-415.0,20,167.891716
-503.0,23,167.928778
-423.0,21,167.965033
-660.0,30,168.037988
-454.0,22,168.076336
-474.0,21,168.114091
-526.0,22,168.149337
-503.0,23,168.191113
-376.0,23,168.24594
-541.0,24,168.288316
-373.0,24,168.341981
-556.0,25,168.388633
-403.0,25,168.453705
-354.0,18,168.492999
-367.0,26,168.557973
-312.0,20,168.603358
-469.0,25,168.668128
-407.0,20,168.704185
-306.0,22,168.760579
-500.0,23,168.804919
-437.0,23,168.861186
-487.0,22,168.896584
-550.0,25,168.952184
-624.0,30,169.02044
-451.0,25,169.070047
-602.0,29,169.127393
-383.0,20,169.174357
-471.0,23,169.213664
-470.0,23,169.265204
-464.0,22,169.299965
-391.0,24,169.361607
-299.0,24,169.435797
-614.0,26,169.480847
-389.0,20,169.524753
-438.0,23,169.567823
-376.0,25,169.62389
-470.0,23,169.676556
-399.0,22,169.719637
-417.0,26,169.776366
-474.0,25,169.830984
-517.0,25,169.880306
-374.0,20,169.927241
-451.0,22,169.976503
-462.0,21,170.024652
-508.0,25,170.081081
-525.0,21,170.113282
-513.0,27,170.176718
-452.0,23,170.220769
-422.0,20,170.260885
-395.0,20,170.290733
-422.0,20,170.32357
-425.0,20,170.355672
-480.0,24,170.397023
-497.0,23,170.432596
-442.0,19,170.462601
-372.0,21,170.502245
-550.0,25,170.556035
-326.0,22,170.611697
-446.0,27,170.661482
-502.0,25,170.715417
-435.0,27,170.770922
-292.0,22,170.833818
-503.0,20,170.863736
-438.0,23,170.903143
-381.0,21,170.940523
-528.0,24,170.977303
-535.0,22,171.010205
-548.0,29,171.072151
-389.0,21,171.11812
-544.0,25,171.157414
-442.0,26,171.204113
-511.0,25,171.258487
-460.0,22,171.310447
-379.0,24,171.373167
-357.0,21,171.421972
-472.0,22,171.472376
-372.0,19,171.526762
-310.0,22,171.587611
-417.0,21,171.628672
-399.0,20,171.671746
-455.0,23,171.721806
-433.0,19,171.751035
-516.0,24,171.788265
-443.0,24,171.841671
-482.0,23,171.887413
-438.0,24,171.940671
-604.0,28,172.002156
-538.0,28,172.064481
-464.0,26,172.123531
-328.0,23,173.889535
-404.0,21,173.924559
-545.0,26,173.966748
-354.0,21,174.008993
-465.0,21,174.040391
-314.0,19,174.085526
-511.0,25,174.139585
-455.0,23,174.189996
-462.0,24,174.244639
-437.0,20,174.283668
-520.0,25,174.325585
-491.0,23,174.358866
-433.0,22,174.405919
-478.0,25,174.462957
-444.0,24,174.517984
-410.0,28,174.576996
-592.0,25,174.61807
-405.0,22,174.662591
-504.0,24,174.716086
-517.0,22,174.753864
-354.0,27,174.82154
-414.0,18,174.850632
-503.0,23,174.88632
-435.0,24,174.939282
-388.0,22,174.989261
-610.0,28,175.05349
-343.0,20,175.101285
-488.0,20,175.133653
-390.0,23,175.182821
-274.0,20,175.23398
-389.0,23,175.2906
-409.0,22,175.334591
-606.0,27,175.385913
-443.0,20,175.420274
-581.0,20,175.45032
-337.0,20,175.493267
-355.0,23,175.546233
-462.0,21,175.580681
-332.0,26,175.664397
-403.0,19,175.700467
-310.0,24,175.76363
-355.0,22,175.812832
-289.0,19,175.864923
-435.0,21,175.904135
-335.0,21,175.949047
-380.0,19,175.985755
-542.0,20,176.015848
-375.0,21,176.058788
-591.0,24,176.09542
-459.0,24,176.150126
-467.0,24,176.19833
-450.0,21,176.249208
-459.0,24,176.293539
-551.0,20,176.32416
-506.0,23,176.366842
-543.0,24,176.407757
-424.0,22,176.457516
-520.0,25,176.5052
-546.0,27,176.562289
-550.0,25,176.618483
-608.0,32,176.689168
-447.0,20,176.725235
-453.0,21,176.7651
-484.0,19,176.793159
-536.0,23,176.828675
-361.0,20,176.872314
-461.0,20,176.904394
-404.0,23,176.956676
-608.0,26,176.999547
-562.0,28,177.056888
-406.0,21,177.090957
-411.0,22,177.143293
-619.0,34,177.198653
-428.0,20,177.231954
-468.0,24,177.281522
-498.0,24,177.334614
-429.0,23,177.375418
-531.0,23,177.410922
-394.0,22,177.463903
-453.0,24,177.512192
-310.0,20,177.55476
-466.0,22,177.593978
-384.0,20,177.627031
-531.0,21,177.659761
-533.0,20,177.69713
-421.0,21,177.737035
-411.0,21,177.770364
-470.0,23,177.807881
-483.0,22,177.844948
-440.0,32,177.919304
-431.0,20,179.658592
-406.0,20,179.69252
-577.0,25,179.732368
-383.0,20,179.765445
-396.0,21,179.803938
-473.0,20,179.834228
-560.0,29,179.897529
-673.0,31,179.94668
-427.0,21,179.98261
-461.0,20,180.015671
-446.0,20,180.047237
-384.0,19,180.080186
-444.0,22,180.120383
-579.0,24,180.154743
-384.0,21,180.200456
-511.0,25,180.248405
-467.0,20,180.27907
-466.0,23,180.321291
-301.0,19,180.360129
-537.0,27,180.408106
-452.0,26,180.454142
-509.0,23,180.489531
-408.0,24,180.545954
-457.0,25,180.591693
-469.0,25,180.648323
-532.0,25,180.692697
-443.0,23,180.748027
-580.0,26,180.792205
-339.0,18,180.833621
-534.0,27,180.892567
-447.0,24,180.934107
-555.0,24,180.976743
-429.0,21,181.018622
-415.0,20,181.054199
-406.0,20,181.089095
-478.0,22,181.137183
-450.0,23,181.178625
-481.0,25,181.22124
-499.0,21,181.255308
-509.0,26,181.295724
-399.0,24,181.346837
-474.0,24,181.39536
-540.0,24,181.442947
-350.0,20,181.48238
-317.0,21,181.531523
-397.0,22,181.578952
-431.0,23,181.616975
-262.0,18,181.661022
-439.0,22,181.714107
-463.0,25,181.75897
-427.0,21,181.800464
-490.0,22,181.835279
-501.0,24,181.871818
-505.0,25,181.91465
-498.0,24,181.960603
-522.0,24,182.006168
-359.0,23,182.059712
-513.0,26,182.107026
-622.0,31,182.153251
-393.0,22,182.198489
-366.0,19,182.229592
-426.0,21,182.271595
-561.0,27,182.313595
-479.0,23,182.354512
-423.0,21,182.393931
-427.0,20,182.427408
-444.0,21,182.461897
-343.0,20,182.505997
-544.0,28,182.567264
-426.0,20,182.601705
-525.0,24,182.640916
-534.0,20,182.675108
-569.0,29,182.736157
-450.0,22,182.7714
-413.0,21,182.813169
-525.0,24,182.854569
-377.0,19,182.887437
-450.0,24,182.931737
-466.0,23,182.969799
-463.0,22,183.005215
-430.0,22,183.054782
-438.0,27,183.115947
-294.0,22,183.167808
-416.0,20,183.202033
-340.0,19,183.236235
-524.0,26,183.280836
-469.0,25,183.326618
-562.0,28,183.388632
-546.0,27,183.446772
-409.0,22,185.13278
-365.0,25,185.194176
-493.0,22,185.228811
-330.0,18,185.266937
-553.0,25,185.310007
-457.0,22,185.360985
-477.0,25,185.415041
-481.0,28,185.469866
-442.0,22,185.503108
-389.0,20,185.550789
-458.0,23,185.604853
-577.0,28,185.656846
-522.0,24,185.713464
-497.0,20,185.74484
-451.0,22,185.77986
-488.0,23,185.821544
-637.0,25,185.859384
-354.0,18,185.901696
-431.0,20,185.953452
-682.0,31,186.026237
-411.0,26,186.089509
-413.0,25,186.138724
-509.0,26,186.190785
-655.0,34,186.266726
-520.0,25,186.312099
-506.0,26,186.372028
-468.0,24,186.414607
-399.0,22,186.451039
-414.0,22,186.492606
-468.0,24,186.530864
-542.0,26,186.57826
-482.0,21,186.610995
-394.0,19,186.647928
-538.0,28,186.7111
-371.0,22,186.75836
-525.0,24,186.814164
-486.0,25,186.858389
-395.0,20,186.901793
-389.0,24,186.958083
-472.0,22,186.993049
-573.0,27,187.039108
-407.0,20,187.078511
-405.0,23,187.122573
-441.0,21,187.157033
-514.0,22,187.189691
-532.0,25,187.226266
-537.0,28,187.285459
-497.0,23,187.322709
-357.0,21,187.382641
-511.0,22,187.430295
-444.0,25,187.492397
-433.0,27,187.539892
-411.0,21,187.582857
-414.0,21,187.629339
-578.0,26,187.666247
-407.0,23,187.708923
-417.0,22,187.746829
-494.0,25,187.790642
-283.0,23,187.852992
-416.0,22,187.894459
-480.0,21,187.929798
-481.0,22,187.969396
-586.0,25,188.024237
-426.0,22,188.063734
-367.0,23,188.115686
-638.0,29,188.178127
-471.0,24,188.236741
-496.0,28,188.296607
-496.0,22,188.334666
-407.0,23,188.382267
-544.0,25,188.421326
-532.0,25,188.461749
-418.0,22,188.511559
-479.0,23,188.555574
-304.0,21,188.609572
-585.0,30,188.674139
-419.0,22,188.726998
-488.0,22,188.762064
-448.0,26,188.816758
-356.0,21,188.86017
-454.0,22,188.898069
-420.0,21,188.943387
-353.0,23,188.996423
-298.0,22,189.04849
-362.0,21,189.096783
-413.0,20,189.133375
-520.0,25,189.170748
-449.0,22,190.776126
-552.0,28,190.819917
-564.0,27,190.871413
-442.0,22,190.92074
-461.0,23,190.967035
-393.0,21,191.004844
-457.0,24,191.046786
-327.0,21,191.095776
-357.0,21,191.134538
-360.0,20,191.179117
-792.0,36,191.254302
-282.0,21,191.304111
-463.0,24,191.350709
-458.0,26,191.409681
-288.0,22,191.461593
-539.0,26,191.520351
-588.0,27,191.578147
-473.0,24,191.626485
-572.0,26,191.670342
-331.0,23,191.722492
-485.0,21,191.755795
-369.0,20,191.78913
-389.0,20,191.835535
-376.0,23,191.881031
-376.0,19,191.918978
-577.0,28,191.970516
-390.0,18,191.998268
-611.0,28,192.042447
-331.0,20,192.09111
-385.0,19,192.144779
-523.0,22,192.179099
-304.0,19,192.217414
-519.0,27,192.266402
-570.0,27,192.311473
-444.0,24,192.363259
-583.0,28,192.430367
-462.0,21,192.467677
-398.0,21,192.505837
-397.0,22,192.546246
-456.0,24,192.599811
-486.0,31,192.677155
-415.0,25,192.72814
-397.0,21,192.780732
-436.0,22,192.831333
-472.0,22,192.866166
-425.0,23,192.914754
-386.0,21,192.953934
-481.0,25,193.009826
-456.0,24,193.06475
-469.0,22,193.103694
-336.0,22,193.159036
-459.0,24,193.204515
-550.0,25,193.264929
-362.0,24,193.320468
-442.0,19,193.353077
-308.0,20,193.408522
-321.0,21,193.462253
-427.0,25,193.537894
-416.0,26,193.602062
-438.0,21,193.650516
-369.0,21,193.691722
-558.0,24,193.727106
-486.0,25,193.775488
-514.0,28,193.838089
-448.0,19,193.869341
-397.0,22,193.914502
-454.0,23,193.960394
-391.0,19,194.000545
-426.0,22,194.035328
-549.0,27,194.093377
-592.0,28,194.140884
-328.0,19,194.207313
-462.0,24,194.248974
-288.0,16,194.288485
-442.0,19,194.318432
-439.0,20,194.35349
-448.0,23,194.397562
-522.0,27,194.447415
-430.0,22,194.497418
-394.0,19,194.531778
-571.0,28,194.587597
-415.0,19,194.617228
-566.0,26,194.674155
-454.0,25,194.722576
-483.0,25,194.77224
-413.0,23,194.818447
-598.0,28,194.865364
-394.0,22,194.907469
-322.0,24,196.701483
-549.0,24,196.741871
-412.0,24,196.789771
-422.0,23,196.841965
-436.0,25,196.899041
-532.0,22,196.935745
-383.0,20,196.983696
-550.0,26,197.028171
-505.0,25,197.078997
-494.0,20,197.1108
-352.0,23,197.16231
-319.0,19,197.19977
-532.0,22,197.234384
-470.0,26,197.298824
-375.0,20,197.330524
-463.0,19,197.359125
-490.0,25,197.418852
-427.0,19,197.451177
-475.0,25,197.50954
-362.0,20,197.547364
-487.0,25,197.592413
-399.0,18,197.618982
-426.0,21,197.66243
-392.0,21,197.70192
-496.0,25,197.743606
-606.0,24,197.7809
-432.0,23,197.831561
-477.0,24,197.873504
-431.0,20,197.920239
-418.0,19,197.950179
-416.0,20,197.993488
-451.0,22,198.029971
-516.0,24,198.081877
-572.0,29,198.14069
-377.0,26,198.198357
-310.0,20,198.240495
-414.0,21,198.288188
-463.0,22,198.326979
-435.0,23,198.372578
-390.0,21,198.421652
-381.0,20,198.465361
-394.0,21,198.506021
-517.0,25,198.548566
-484.0,22,198.583667
-347.0,20,198.618802
-587.0,26,198.659291
-399.0,24,198.703672
-429.0,21,198.738727
-428.0,20,198.773033
-545.0,26,198.833787
-424.0,19,198.86334
-428.0,20,198.910563
-547.0,28,198.974929
-443.0,23,199.015513
-472.0,22,199.051171
-610.0,25,199.088557
-614.0,29,199.149432
-426.0,21,199.196727
-572.0,23,199.233432
-556.0,28,199.28773
-483.0,26,199.336045
-368.0,21,199.38025
-361.0,23,199.449208
-547.0,25,199.491448
-471.0,24,199.549425
-413.0,20,199.587258
-438.0,26,199.647173
-420.0,21,199.692025
-369.0,21,199.73463
-431.0,21,199.767453
-381.0,21,199.811324
-475.0,22,199.852386
-415.0,23,199.89176
-435.0,21,199.940375
-373.0,23,200.003125
-479.0,20,200.035071
-435.0,24,200.084079
-485.0,23,200.126312
-504.0,25,200.165608
-443.0,23,200.209286
-449.0,21,200.245321
-648.0,30,200.314013
-384.0,20,200.378858
-411.0,30,200.448441
-552.0,27,200.505337
-312.0,21,200.558937
-464.0,23,200.595415
-414.0,23,200.639401
-361.0,20,200.67558
-368.0,20,200.715604
-577.0,25,202.437387
-573.0,24,202.473705
-472.0,24,202.520669
-481.0,22,202.55683
-414.0,24,202.605042
-450.0,23,202.658261
-595.0,22,202.692055
-514.0,25,202.750377
-385.0,24,202.796052
-459.0,24,202.851761
-512.0,26,202.90637
-510.0,24,202.947267
-439.0,26,203.000561
-450.0,21,203.050321
-477.0,29,203.117001
-479.0,23,203.165406
-472.0,22,203.211782
-474.0,21,203.245412
-427.0,28,203.310787
-497.0,23,203.34579
-465.0,24,203.403757
-463.0,25,203.447551
-375.0,18,203.477355
-353.0,20,203.515883
-467.0,23,203.56795
-487.0,25,203.605854
-435.0,21,203.649885
-423.0,22,203.687773
-380.0,25,203.751338
-379.0,23,203.797855
-475.0,28,203.854932
-401.0,23,203.902346
-524.0,30,203.97232
-425.0,20,204.00381
-440.0,20,204.03574
-397.0,27,204.093093
-470.0,23,204.136979
-488.0,23,204.181305
-422.0,22,204.214375
-559.0,25,204.255695
-535.0,26,204.29731
-502.0,25,204.335731
-611.0,32,204.405067
-525.0,30,204.470526
-407.0,20,204.513668
-384.0,21,204.553097
-485.0,23,204.588104
-407.0,20,204.626871
-313.0,22,204.680551
-546.0,27,204.740422
-421.0,22,204.792966
-402.0,25,204.845248
-451.0,21,204.882923
-476.0,23,204.925767
-422.0,20,204.956818
-330.0,22,205.003911
-418.0,22,205.05495
-507.0,24,205.094036
-440.0,20,205.125435
-420.0,21,205.169238
-543.0,21,205.201596
-647.0,29,205.247048
-446.0,23,205.298918
-478.0,22,205.335965
-493.0,21,205.372675
-510.0,24,205.420797
-428.0,25,205.485425
-485.0,24,205.532481
-403.0,19,205.578505
-435.0,21,205.619523
-299.0,20,205.66277
-488.0,20,205.693882
-380.0,20,205.732266
-388.0,19,205.7701
-387.0,21,205.809383
-400.0,23,205.871743
-427.0,23,205.925251
-367.0,19,205.969516
-748.0,31,206.016675
-405.0,23,206.054521
-502.0,25,206.101326
-486.0,26,206.143286
-377.0,20,206.185421
-469.0,22,206.221567
-311.0,21,206.27193
-324.0,22,206.326777
-393.0,25,206.381656
-417.0,19,206.416031
-501.0,21,206.454569
-496.0,25,208.204482
-390.0,25,208.258718
-592.0,25,208.29951
-434.0,23,208.343299
-398.0,21,208.37654
-365.0,22,208.420618
-387.0,21,208.474013
-354.0,21,208.525413
-524.0,27,208.575305
-510.0,26,208.641814
-270.0,22,208.693408
-443.0,23,208.73719
-551.0,23,208.776436
-514.0,28,208.835639
-377.0,19,208.868408
-465.0,21,208.906852
-533.0,23,208.941803
-427.0,19,208.971222
-412.0,23,209.013045
-598.0,31,209.078487
-565.0,27,209.124878
-404.0,20,209.158625
-424.0,22,209.190413
-335.0,21,209.233799
-463.0,22,209.267461
-416.0,27,209.333349
-359.0,20,209.371851
-443.0,23,209.419773
-397.0,19,209.45272
-460.0,22,209.502407
-388.0,22,209.547354
-495.0,24,209.586244
-518.0,26,209.643814
-415.0,21,209.68395
-433.0,23,209.726558
-513.0,21,209.757906
-424.0,28,209.820563
-500.0,23,209.8559
-549.0,21,209.889874
-497.0,23,209.94153
-406.0,22,209.99325
-447.0,21,210.033135
-489.0,21,210.063624
-483.0,20,210.09834
-497.0,23,210.142077
-543.0,21,210.17889
-471.0,24,210.232054
-349.0,19,210.267259
-629.0,29,210.330289
-302.0,19,210.375699
-532.0,25,210.431617
-505.0,26,210.482336
-410.0,20,210.515151
-290.0,19,210.563713
-356.0,19,210.60919
-494.0,26,210.686039
-405.0,21,210.738293
-467.0,22,210.776474
-399.0,21,210.8278
-388.0,22,210.879271
-402.0,23,210.919573
-429.0,21,210.960173
-499.0,25,210.999693
-334.0,22,211.05233
-444.0,21,211.094158
-325.0,23,211.15931
-357.0,20,211.195845
-547.0,25,211.253825
-463.0,22,211.296797
-527.0,26,211.345208
-581.0,26,211.387237
-478.0,25,211.447443
-379.0,22,211.508277
-427.0,22,211.548844
-422.0,20,211.594672
-402.0,18,211.621108
-481.0,22,211.669883
-334.0,25,211.726175
-501.0,28,211.778658
-440.0,23,211.832836
-455.0,23,211.871192
-528.0,24,211.913974
-490.0,25,211.968534
-451.0,22,212.004112
-594.0,27,212.063383
-405.0,22,212.102607
-342.0,25,212.169527
-389.0,21,212.217772
-339.0,21,212.265779
-356.0,20,213.984771
-533.0,26,214.032077
-428.0,24,214.0758
-497.0,23,214.109218
-298.0,18,214.151262
-433.0,22,214.205153
-409.0,22,214.251065
-388.0,28,214.318483
-405.0,21,214.366498
-311.0,20,214.422881
-312.0,20,214.469942
-384.0,21,214.52114
-502.0,25,214.564751
-422.0,20,214.610941
-411.0,21,214.654293
-461.0,20,214.683381
-305.0,26,214.749438
-332.0,21,214.817451
-454.0,22,214.865619
-446.0,23,214.906108
-425.0,20,214.953352
-347.0,20,214.993385
-253.0,24,215.051756
-446.0,23,215.102348
-389.0,23,215.156621
-446.0,26,215.215935
-417.0,23,215.259817
-433.0,22,215.309718
-417.0,22,215.348155
-401.0,23,215.392414
-252.0,20,215.445168
-388.0,19,215.487743
-509.0,26,215.547847
-320.0,20,215.600513
-439.0,22,215.652736
-518.0,26,215.707544
-310.0,23,215.76539
-467.0,24,215.813899
-479.0,23,215.852139
-395.0,20,215.884571
-480.0,20,215.918469
-336.0,22,215.973457
-548.0,26,216.018485
-415.0,19,216.049345
-346.0,25,216.108899
-480.0,24,216.160554
-341.0,20,216.211485
-457.0,25,216.263496
-417.0,21,216.306474
-444.0,21,216.348509
-322.0,28,216.418642
-445.0,19,216.450678
-445.0,22,216.485767
-394.0,19,216.516945
-417.0,22,216.55747
-539.0,23,216.592457
-457.0,20,216.625679
-375.0,20,216.669752
-529.0,25,216.712653
-470.0,23,216.74613
-390.0,24,216.794365
-516.0,24,216.836974
-401.0,23,216.904864
-357.0,22,216.957172
-378.0,24,217.014116
-451.0,19,217.042758
-229.0,19,217.09591
-532.0,28,217.157676
-463.0,24,217.213783
-350.0,24,217.26543
-456.0,23,217.308904
-401.0,23,217.36118
-514.0,25,217.415735
-375.0,21,217.475667
-473.0,26,217.530185
-401.0,20,217.576307
-364.0,21,217.621497
-552.0,27,217.66699
-474.0,24,217.719794
-647.0,26,217.758576
-507.0,24,217.806956
-408.0,20,217.839973
-564.0,21,217.872458
-555.0,27,217.921937
-286.0,19,217.968524
-629.0,26,218.008551
-482.0,23,218.045837
-409.0,21,218.091317
-433.0,22,218.140589
-514.0,27,218.199581
-401.0,27,218.264396
-403.0,19,219.97139
-446.0,23,220.022593
-417.0,22,220.062818
-346.0,22,220.106818
-429.0,27,220.159153
-657.0,27,220.197845
-606.0,27,220.238187
-524.0,22,220.280001
-429.0,24,220.327673
-497.0,26,220.386707
-327.0,22,220.434907
-545.0,24,220.492152
-487.0,25,220.549146
-545.0,27,220.597131
-436.0,22,220.643469
-528.0,27,220.702402
-324.0,21,220.754367
-389.0,23,220.80325
-590.0,26,220.845349
-452.0,23,220.881012
-390.0,20,220.920928
-510.0,24,220.990717
-601.0,28,221.056397
-360.0,19,221.098664
-429.0,23,221.140395
-485.0,23,221.176038
-413.0,22,221.215898
-437.0,23,221.267027
-507.0,24,221.304211
-435.0,26,221.361684
-579.0,30,221.427269
-447.0,23,221.481549
-481.0,22,221.518161
-474.0,24,221.572046
-387.0,22,221.625493
-290.0,18,221.670102
-385.0,22,221.710884
-297.0,18,221.744405
-401.0,20,221.785258
-495.0,21,221.818673
-682.0,31,221.885624
-387.0,21,221.928817
-417.0,21,221.975087
-510.0,24,222.026803
-417.0,21,222.065451
-656.0,29,222.118182
-410.0,21,222.161256
-467.0,24,222.208759
-475.0,22,222.247053
-420.0,21,222.284029
-507.0,21,222.324242
-605.0,26,222.362341
-480.0,21,222.394958
-380.0,27,222.456448
-521.0,23,222.495759
-575.0,26,222.53873
-327.0,19,222.585946
-426.0,21,222.634855
-443.0,23,222.675062
-339.0,24,222.732403
-502.0,25,222.788725
-339.0,29,222.859961
-413.0,22,222.897307
-434.0,20,222.928966
-627.0,30,222.980526
-491.0,26,223.047003
-410.0,21,223.088429
-364.0,22,223.139819
-451.0,22,223.1905
-533.0,26,223.236036
-608.0,23,223.273005
-620.0,29,223.322171
-462.0,24,223.375802
-425.0,20,223.41063
-353.0,20,223.46718
-536.0,24,223.514633
-485.0,23,223.568474
-467.0,23,223.61589
-525.0,27,223.677999
-547.0,25,223.715413
-309.0,21,223.765375
-463.0,22,223.802022
-457.0,19,223.835751
-527.0,23,223.868569
-417.0,27,223.921272
-444.0,21,223.956455
-427.0,22,224.00918
-276.0,20,225.710094
-671.0,35,225.783979
-414.0,21,225.832666
-529.0,25,225.874155
-327.0,19,225.919996
-506.0,26,225.975534
-429.0,21,226.0224
-249.0,23,226.087165
-352.0,21,226.131944
-377.0,22,226.18021
-638.0,29,226.230079
-392.0,21,226.271631
-519.0,27,226.330893
-415.0,22,226.379281
-464.0,23,226.423207
-308.0,20,226.475273
-475.0,25,226.52359
-493.0,23,226.565834
-466.0,22,226.618878
-371.0,23,226.674917
-303.0,21,226.727565
-534.0,27,226.787894
-510.0,27,226.837179
-503.0,26,226.893886
-376.0,22,226.936825
-380.0,20,226.978295
-441.0,21,227.017822
-470.0,23,227.069764
-395.0,23,227.122796
-466.0,22,227.170112
-405.0,21,227.217882
-345.0,20,227.25935
-329.0,19,227.300055
-528.0,24,227.357034
-416.0,20,227.39093
-443.0,21,227.425331
-513.0,27,227.483882
-431.0,29,227.551711
-463.0,23,227.591659
-441.0,18,227.621206
-431.0,29,227.687352
-400.0,19,227.716518
-343.0,20,227.764407
-491.0,23,227.800109
-355.0,22,227.84259
-438.0,21,227.880667
-379.0,19,227.915244
-475.0,25,227.970321
-469.0,23,228.022689
-435.0,21,228.071095
-555.0,27,228.128385
-476.0,23,228.180998
-496.0,22,228.215536
-359.0,20,228.261936
-394.0,23,228.305467
-428.0,20,228.351605
-457.0,25,228.405874
-357.0,24,228.462742
-386.0,19,228.497067
-477.0,21,228.527381
-591.0,24,228.562664
-498.0,24,228.609807
-622.0,28,228.656445
-512.0,24,228.698037
-485.0,20,228.729548
-365.0,23,228.781566
-497.0,20,228.81191
-414.0,21,228.845566
-530.0,26,228.905632
-519.0,24,228.960513
-511.0,25,229.013492
-487.0,25,229.066836
-391.0,21,229.111252
-481.0,25,229.148804
-266.0,19,229.198571
-334.0,22,229.26674
-547.0,28,229.333685
-558.0,24,229.370491
-396.0,24,229.427821
-461.0,23,229.484212
-325.0,23,229.553971
-638.0,29,229.616776
-400.0,19,229.648701
-404.0,23,229.691354
-375.0,24,229.746772
-395.0,20,229.77845
-435.0,24,229.816793
-439.0,23,229.864896
-353.0,19,229.90194
-351.0,21,229.951846
-452.0,23,231.675771
-376.0,19,231.719054
-336.0,23,231.777299
-627.0,30,231.840286
-528.0,26,231.891078
-534.0,24,231.938937
-412.0,22,231.99245
-443.0,23,232.037069
-433.0,22,232.087896
-397.0,19,232.118539
-457.0,25,232.174528
-456.0,21,232.208552
-438.0,21,232.241068
-482.0,20,232.27722
-332.0,21,232.325025
-402.0,21,232.359824
-296.0,19,232.406682
-529.0,28,232.461784
-485.0,23,232.529662
-461.0,23,232.581691
-658.0,31,232.647834
-555.0,25,232.690915
-239.0,22,232.745596
-550.0,25,232.804508
-653.0,32,232.875007
-228.0,20,232.924597
-483.0,24,232.980581
-419.0,23,233.024463
-556.0,28,233.083871
-388.0,21,233.129263
-332.0,23,233.187984
-421.0,22,233.236518
-492.0,24,233.290922
-306.0,21,233.357746
-344.0,22,233.410815
-482.0,23,233.446814
-372.0,19,233.483373
-576.0,27,233.532966
-443.0,23,233.577143
-444.0,21,233.610185
-396.0,23,233.664164
-546.0,21,233.695684
-526.0,22,233.72747
-314.0,21,233.776987
-513.0,24,233.81849
-519.0,25,233.861926
-502.0,22,233.896714
-373.0,19,233.929579
-531.0,26,233.973781
-451.0,19,234.004417
-492.0,21,234.038358
-451.0,22,234.072203
-553.0,28,234.13266
-573.0,27,234.181226
-423.0,21,234.218045
-470.0,23,234.271114
-471.0,21,234.303262
-709.0,28,234.346716
-345.0,19,234.380577
-518.0,26,234.438991
-638.0,29,234.507337
-426.0,21,234.548851
-279.0,24,234.608479
-316.0,24,234.664636
-413.0,23,234.706295
-363.0,18,234.738711
-451.0,22,234.788142
-427.0,22,234.836888
-311.0,22,234.888493
-380.0,21,234.92397
-563.0,29,234.988331
-491.0,23,235.044728
-236.0,24,235.108818
-328.0,22,235.153463
-424.0,20,235.191129
-457.0,25,235.245771
-513.0,24,235.301345
-474.0,24,235.34929
-427.0,22,235.416025
-519.0,27,235.478873
-398.0,22,235.55002
-424.0,22,235.60067
-556.0,28,235.65853
-434.0,20,235.693933
-354.0,20,235.734271
-529.0,23,235.773943
-396.0,24,235.827801
-497.0,26,235.881298
-588.0,27,237.578824
-485.0,23,237.617961
-402.0,24,237.66927
-535.0,26,237.715039
-491.0,23,237.752509
-475.0,22,237.788463
-509.0,23,237.828572
-449.0,26,237.893384
-297.0,21,237.946528
-451.0,25,238.001515
-458.0,23,238.053283
-427.0,22,238.096631
-393.0,18,238.137882
-388.0,20,238.182442
-331.0,22,238.23656
-452.0,25,238.294592
-447.0,21,238.328767
-503.0,23,238.38004
-504.0,24,238.424447
-529.0,25,238.485153
-383.0,20,238.545751
-411.0,21,238.591294
-739.0,34,238.661375
-462.0,21,238.708146
-542.0,26,238.755832
-484.0,28,238.815339
-276.0,24,238.878281
-539.0,28,238.926095
-334.0,22,238.979171
-594.0,27,239.03739
-346.0,19,239.079415
-513.0,21,239.110738
-377.0,23,239.161127
-474.0,21,239.193329
-399.0,20,239.226869
-455.0,22,239.268658
-444.0,23,239.306835
-537.0,27,239.358742
-542.0,23,239.395799
-489.0,21,239.432673
-346.0,19,239.476283
-377.0,20,239.547418
-530.0,23,239.591356
-443.0,23,239.646594
-514.0,28,239.708342
-295.0,21,239.759155
-335.0,22,239.81873
-441.0,24,239.869487
-324.0,21,239.917207
-572.0,26,239.974777
-437.0,23,240.025339
-395.0,25,240.07457
-293.0,20,240.120671
-440.0,20,240.15079
-487.0,25,240.2061
-342.0,19,240.243136
-512.0,26,240.306367
-391.0,23,240.349618
-480.0,21,240.388167
-396.0,21,240.43593
-270.0,21,240.489596
-416.0,20,240.526846
-324.0,21,240.576595
-502.0,25,240.623028
-460.0,24,240.664776
-398.0,20,240.711432
-440.0,20,240.75754
-614.0,29,240.809285
-554.0,29,240.87597
-409.0,23,240.932836
-513.0,24,240.972388
-433.0,24,241.038239
-467.0,23,241.08223
-530.0,23,241.132702
-412.0,19,241.162946
-494.0,23,241.198758
-318.0,21,241.246025
-478.0,25,241.30594
-529.0,28,241.356971
-473.0,23,241.396982
-603.0,29,241.440915
-478.0,22,241.473507
-561.0,27,241.541827
-495.0,21,241.581672
-400.0,22,241.641717
-362.0,27,241.703779
-353.0,22,241.749374
-478.0,25,241.804269
-421.0,22,243.536926
-375.0,26,243.589376
-289.0,19,243.633065
-464.0,23,243.680824
-297.0,22,243.738539
-452.0,23,243.788787
-390.0,21,243.840315
-418.0,19,243.889321
-382.0,23,243.943026
-440.0,20,243.972812
-569.0,26,244.012078
-452.0,23,244.058052
-480.0,21,244.089333
-450.0,24,244.135642
-301.0,21,244.180176
-379.0,22,244.226465
-657.0,30,244.274139
-358.0,22,244.325981
-406.0,23,244.366183
-571.0,25,244.40179
-561.0,27,244.466433
-370.0,19,244.512375
-467.0,23,244.549731
-497.0,26,244.610625
-567.0,27,244.666842
-427.0,25,244.728908
-401.0,21,244.774399
-248.0,21,244.907683
-353.0,22,244.987218
-392.0,20,245.028886
-278.0,22,245.084361
-490.0,25,245.14094
-546.0,30,245.197139
-464.0,23,245.230903
-599.0,29,245.295571
-279.0,20,245.342841
-375.0,18,245.371967
-426.0,24,245.420115
-421.0,22,245.469085
-399.0,21,245.515924
-492.0,24,245.5614
-503.0,23,245.595484
-470.0,23,245.647094
-419.0,20,245.721599
-589.0,31,245.805288
-437.0,24,245.859591
-416.0,20,245.912938
-441.0,21,245.970015
-422.0,23,246.009754
-419.0,20,246.049598
-475.0,24,246.104377
-486.0,21,246.138188
-373.0,25,246.222303
-372.0,22,246.287004
-469.0,26,246.369654
-374.0,23,246.420401
-445.0,22,246.460199
-524.0,26,246.51668
-527.0,26,246.573481
-428.0,24,246.62209
-411.0,21,246.664481
-550.0,25,246.732407
-493.0,25,246.788911
-466.0,22,246.852389
-496.0,25,246.919075
-418.0,22,246.974985
-385.0,20,247.012179
-361.0,19,247.064484
-510.0,24,247.119843
-453.0,22,247.164918
-316.0,19,247.218822
-423.0,21,247.269238
-315.0,24,247.337329
-388.0,22,247.377628
-375.0,19,247.421621
-420.0,23,247.478827
-383.0,20,247.516396
-452.0,25,247.571453
-463.0,22,247.618482
-410.0,20,247.657689
-435.0,21,247.698209
-470.0,22,247.737393
-588.0,27,247.798508
-375.0,21,247.84956
-586.0,28,247.903523
-332.0,18,247.937157
-530.0,26,247.997636
-427.0,22,248.047274
-476.0,23,248.095937
-516.0,25,248.138851
-418.0,19,249.882555
-580.0,28,249.942183
-347.0,21,249.984437
-469.0,27,250.046316
-348.0,21,250.090991
-451.0,22,250.130825
-373.0,19,250.163906
-281.0,21,250.213097
-440.0,23,250.265963
-548.0,30,250.315435
-571.0,28,250.360562
-456.0,24,250.416132
-563.0,29,250.4767
-492.0,28,250.544931
-436.0,19,250.590398
-550.0,27,250.647099
-439.0,22,250.696927
-382.0,21,250.739753
-363.0,18,250.781377
-321.0,21,250.823451
-568.0,28,250.886881
-390.0,18,250.915851
-477.0,24,250.970417
-525.0,27,251.028204
-492.0,26,251.073605
-375.0,18,251.104618
-429.0,21,251.137609
-329.0,27,251.204707
-463.0,28,251.268824
-507.0,24,251.309682
-548.0,23,251.344839
-398.0,20,251.388573
-386.0,20,251.425958
-349.0,22,251.47125
-379.0,19,251.514966
-456.0,24,251.568712
-460.0,22,251.608831
-453.0,21,251.645216
-601.0,28,251.693985
-600.0,30,251.739585
-416.0,20,251.778227
-428.0,23,251.8179
-321.0,21,251.869313
-359.0,23,251.943332
-430.0,23,251.983321
-484.0,25,252.039696
-545.0,26,252.096711
-638.0,29,252.164865
-530.0,26,252.206378
-595.0,31,252.276968
-486.0,24,252.31988
-345.0,26,252.382846
-497.0,23,252.419174
-392.0,21,252.463424
-502.0,22,252.497286
-704.0,32,252.567556
-454.0,22,252.607832
-497.0,23,252.661728
-499.0,25,252.703929
-460.0,22,252.753906
-446.0,23,252.812086
-401.0,20,252.854162
-509.0,26,252.911355
-464.0,23,252.963435
-452.0,23,253.017445
-427.0,19,253.051315
-374.0,22,253.091917
-485.0,23,253.138443
-567.0,24,253.175613
-545.0,27,253.230369
-626.0,29,253.276454
-535.0,28,253.338084
-450.0,21,253.373662
-479.0,27,253.436704
-350.0,22,253.479945
-510.0,24,253.521688
-516.0,24,253.570164
-437.0,24,253.631011
-465.0,24,253.684092
-613.0,25,253.72529
-378.0,18,253.75929
-452.0,26,253.821914
-485.0,23,253.859423
-423.0,21,253.903127
-446.0,22,253.958146
-402.0,21,254.013178
-490.0,30,255.667282
-502.0,25,255.714016
-689.0,29,255.75932
-365.0,22,255.810543
-277.0,21,255.861071
-462.0,24,255.915299
-437.0,23,255.967188
-413.0,21,256.019964
-416.0,21,256.062942
-364.0,20,256.099247
-463.0,22,256.137396
-417.0,27,256.19137
-424.0,19,256.220325
-474.0,21,256.25439
-403.0,23,256.299955
-290.0,23,256.356165
-487.0,25,256.411597
-455.0,20,256.446395
-428.0,20,256.47617
-415.0,19,256.505967
-528.0,24,256.565793
-442.0,22,256.621742
-389.0,22,256.674639
-337.0,23,256.732303
-394.0,25,256.790949
-354.0,20,256.838254
-387.0,21,256.879689
-462.0,26,256.940495
-226.0,14,256.968682
-446.0,23,257.023486
-501.0,24,257.082123
-532.0,28,257.146887
-377.0,20,257.184555
-493.0,22,257.219507
-462.0,23,257.255682
-456.0,21,257.292356
-533.0,23,257.327396
-389.0,22,257.37797
-405.0,21,257.427674
-536.0,23,257.464634
-515.0,26,257.522552
-435.0,21,257.556079
-460.0,22,257.59232
-417.0,28,257.662787
-544.0,25,257.722879
-397.0,19,257.7641
-432.0,25,257.817002
-470.0,24,257.860739
-402.0,20,257.895237
-567.0,24,257.933913
-300.0,21,257.97953
-355.0,25,258.042063
-462.0,21,258.116274
-557.0,26,258.15879
-150.0,14,258.199248
-99.0,11,258.229846
-368.0,20,258.266112
-384.0,21,258.315039
-622.0,31,258.380908
-464.0,26,258.438496
-392.0,21,258.472632
-363.0,21,258.514827
-419.0,20,258.548896
-430.0,22,258.584854
-394.0,23,258.644673
-468.0,27,258.6947
-506.0,28,258.750113
-437.0,23,258.802355
-531.0,24,258.843895
-719.0,26,258.883306
-187.0,22,258.943248
-421.0,19,258.974809
-589.0,22,259.00868
-457.0,24,259.053897
-368.0,25,259.111654
-501.0,21,259.144725
-544.0,25,259.183491
-425.0,22,259.22175
-448.0,25,259.264236
-449.0,23,259.297719
-548.0,26,259.340552
-449.0,26,259.398628
-542.0,26,259.450895
-523.0,25,259.509529
-572.0,26,259.549789
-442.0,23,259.624853
-350.0,22,259.676433
-525.0,27,259.736024
-542.0,23,259.77399
-385.0,21,259.812068
-467.0,23,261.527267
-630.0,30,261.589918
-423.0,21,261.625684
-411.0,21,261.66011
-361.0,21,261.6987
-506.0,26,261.747478
-314.0,21,261.79374
-484.0,22,261.843867
-652.0,31,261.894912
-564.0,27,261.946553
-454.0,25,262.00569
-351.0,22,262.05457
-373.0,19,262.100445
-345.0,18,262.143607
-425.0,20,262.205816
-575.0,29,262.270035
-485.0,28,262.321002
-391.0,19,262.354502
-423.0,23,262.406067
-460.0,22,262.445476
-331.0,27,262.514862
-528.0,27,262.560808
-590.0,26,262.60594
-560.0,26,262.647988
-479.0,26,262.691855
-548.0,23,262.728225
-480.0,23,262.764543
-448.0,25,262.81456
-451.0,21,262.849455
-519.0,24,262.889011
-390.0,18,262.917358
-550.0,25,262.955935
-555.0,27,262.998181
-513.0,21,263.0293
-341.0,23,263.080386
-411.0,21,263.113049
-448.0,28,263.166277
-351.0,24,263.21892
-407.0,26,263.273736
-365.0,20,263.310742
-303.0,20,263.355973
-480.0,21,263.392047
-442.0,26,263.436367
-605.0,29,263.493245
-465.0,24,263.549089
-362.0,20,263.585224
-525.0,21,263.618738
-426.0,21,263.654838
-372.0,20,263.701331
-451.0,25,263.749962
-454.0,25,263.801772
-410.0,22,263.848727
-509.0,26,263.906413
-394.0,21,263.955327
-418.0,22,264.007
-648.0,27,264.05036
-487.0,24,264.089711
-447.0,24,264.14371
-429.0,23,264.190875
-289.0,19,264.25108
-637.0,28,264.299585
-364.0,25,264.367313
-393.0,24,264.423918
-431.0,20,264.459885
-384.0,23,264.511918
-532.0,22,264.545933
-437.0,20,264.575714
-393.0,27,264.637889
-391.0,22,264.689455
-295.0,25,264.751909
-524.0,28,264.812572
-513.0,24,264.865038
-475.0,25,264.919924
-371.0,23,264.974958
-424.0,28,265.035549
-420.0,21,265.067411
-454.0,22,265.10466
-297.0,18,265.145709
-473.0,20,265.175559
-411.0,24,265.220017
-462.0,21,265.255725
-419.0,26,265.317889
-347.0,20,265.361102
-494.0,26,265.420173
-314.0,18,265.46616
-441.0,21,265.501161
-444.0,21,265.539378
-587.0,29,267.27373
-372.0,19,267.308167
-452.0,26,267.369173
-447.0,24,267.409775
-382.0,22,267.464092
-551.0,29,267.528631
-364.0,20,267.566843
-392.0,20,267.611702
-512.0,23,267.650443
-539.0,29,267.702435
-318.0,19,267.74833
-475.0,22,267.782461
-437.0,23,267.833928
-340.0,21,267.885103
-513.0,27,267.947357
-476.0,27,268.012349
-533.0,28,268.065519
-423.0,20,268.098594
-498.0,21,268.131906
-344.0,21,268.18202
-405.0,21,268.229242
-510.0,24,268.273242
-397.0,22,268.325798
-439.0,22,268.382517
-475.0,22,268.422443
-442.0,22,268.466804
-491.0,23,268.508306
-553.0,24,268.545224
-492.0,21,268.577963
-397.0,21,268.638775
-300.0,24,268.702055
-363.0,20,268.743706
-313.0,22,268.79359
-481.0,23,268.831883
-393.0,22,268.869884
-376.0,22,268.911731
-486.0,24,268.951304
-616.0,22,268.984127
-671.0,26,269.025879
-355.0,19,269.058485
-513.0,24,269.111827
-465.0,23,269.151782
-563.0,29,269.217018
-425.0,23,269.269948
-447.0,21,269.308338
-433.0,19,269.341751
-289.0,22,269.397815
-549.0,27,269.453373
-650.0,26,269.495578
-330.0,20,269.540533
-246.0,18,269.586643
-510.0,24,269.640276
-440.0,23,269.690592
-465.0,24,269.73876
-410.0,22,269.775837
-305.0,21,269.823735
-455.0,22,269.864411
-580.0,19,269.892519
-430.0,27,269.953093
-475.0,23,269.988239
-518.0,26,270.033751
-308.0,20,270.080986
-312.0,22,270.130929
-321.0,18,270.162859
-385.0,19,270.195863
-565.0,25,270.235261
-578.0,29,270.297235
-432.0,21,270.334637
-367.0,21,270.383054
-353.0,23,270.453095
-505.0,23,270.49036
-420.0,21,270.532568
-470.0,20,270.56234
-512.0,23,270.597474
-454.0,22,270.630568
-447.0,23,270.678272
-426.0,24,270.724567
-429.0,25,270.774858
-490.0,25,270.826745
-315.0,23,270.884614
-284.0,20,270.9347
-407.0,24,270.991842
-343.0,25,271.046014
-486.0,24,271.100419
-383.0,20,271.141089
-544.0,28,271.193811
-497.0,23,271.238829
-494.0,23,271.276836
-446.0,23,271.324552
-386.0,23,271.375966
-445.0,22,273.074073
-492.0,22,273.108592
-531.0,24,273.147628
-492.0,24,273.191499
-448.0,22,273.229385
-505.0,25,273.27441
-378.0,21,273.324657
-451.0,22,273.373316
-382.0,19,273.423777
-506.0,23,273.464633
-440.0,24,273.521399
-415.0,21,273.557583
-329.0,18,273.592425
-506.0,23,273.645897
-440.0,23,273.697214
-384.0,20,273.735393
-369.0,20,273.777554
-494.0,23,273.816442
-550.0,25,273.853869
-602.0,23,273.905986
-425.0,20,273.957141
-562.0,25,274.007303
-288.0,22,274.075972
-359.0,21,274.150787
-403.0,20,274.19981
-580.0,28,274.279054
-515.0,21,274.319539
-459.0,24,274.3702
-433.0,22,274.427842
-489.0,26,274.483865
-504.0,21,274.520716
-520.0,22,274.576174
-399.0,23,274.639342
-361.0,23,274.702816
-389.0,20,274.74195
-553.0,28,274.810102
-429.0,21,274.884835
-411.0,22,274.922881
-497.0,26,274.985107
-461.0,20,275.018464
-269.0,18,275.074833
-465.0,24,275.136683
-418.0,21,275.173903
-361.0,24,275.234072
-460.0,22,275.283125
-479.0,27,275.349417
-435.0,21,275.389931
-402.0,22,275.445967
-391.0,19,275.482599
-344.0,20,275.53806
-363.0,24,275.608176
-453.0,25,275.675007
-525.0,24,275.721093
-554.0,29,275.807981
-347.0,19,275.86266
-558.0,27,275.97697
-367.0,19,276.05286
-480.0,21,276.101932
-529.0,25,276.161261
-339.0,24,276.217576
-368.0,23,276.271887
-452.0,26,276.350095
-424.0,19,276.382222
-459.0,23,276.423319
-402.0,24,276.478113
-427.0,22,276.532686
-591.0,27,276.574847
-536.0,26,276.62986
-263.0,22,276.692342
-343.0,21,276.748985
-401.0,24,276.815957
-438.0,22,276.854757
-416.0,20,276.892597
-362.0,20,276.935709
-504.0,24,276.990532
-408.0,20,277.028322
-454.0,22,277.079435
-413.0,24,277.127743
-469.0,22,277.174323
-327.0,23,277.24334
-535.0,22,277.292336
-369.0,19,277.346817
-265.0,21,277.406294
-415.0,22,277.448585
-423.0,22,277.488041
-391.0,29,277.563651
-393.0,24,277.628874
-397.0,21,277.681684
-441.0,21,277.729821
-505.0,25,277.779189
-348.0,21,277.83237
-317.0,23,279.611376
-485.0,20,279.644889
-589.0,23,279.686095
-342.0,21,279.739398
-471.0,24,279.79196
-590.0,31,279.852855
-429.0,23,279.903522
-454.0,26,279.963662
-449.0,23,280.004358
-424.0,22,280.065169
-475.0,22,280.101842
-472.0,25,280.159493
-491.0,25,280.204841
-432.0,23,280.247805
-413.0,22,280.290986
-301.0,19,280.337731
-551.0,29,280.408654
-404.0,26,280.487076
-361.0,21,280.543391
-456.0,26,280.602739
-352.0,29,280.685313
-356.0,22,280.733178
-493.0,26,280.77672
-541.0,25,280.81692
-467.0,26,280.881303
-291.0,23,280.939236
-504.0,21,280.97779
-773.0,32,281.028738
-420.0,22,281.072819
-448.0,22,281.122668
-534.0,27,281.16746
-514.0,22,281.199887
-511.0,25,281.254515
-470.0,23,281.302201
-399.0,21,281.365699
-556.0,30,281.438836
-587.0,29,281.50506
-557.0,29,281.581224
-493.0,22,281.627682
-397.0,23,281.676375
-522.0,24,281.71401
-426.0,25,281.772379
-419.0,23,281.837979
-402.0,21,281.874739
-404.0,23,281.923665
-393.0,22,281.966572
-400.0,22,282.019459
-454.0,24,282.059023
-420.0,26,282.12141
-652.0,34,282.203835
-512.0,23,282.237969
-510.0,21,282.271186
-398.0,23,282.322139
-429.0,21,282.378206
-374.0,23,282.429779
-433.0,21,282.465071
-361.0,22,282.51196
-397.0,25,282.571167
-442.0,23,282.609421
-570.0,30,282.682273
-457.0,22,282.715008
-435.0,21,282.754848
-495.0,24,282.824895
-419.0,20,282.865158
-604.0,28,282.91527
-560.0,26,282.961989
-514.0,25,283.003399
-458.0,23,283.046602
-260.0,20,283.093884
-446.0,23,283.146389
-395.0,21,283.184569
-547.0,25,283.223871
-541.0,28,283.289097
-475.0,25,283.338065
-437.0,20,283.372407
-458.0,30,283.430184
-380.0,20,283.476937
-508.0,25,283.518745
-390.0,18,283.547077
-433.0,22,283.611818
-384.0,21,283.676337
-269.0,23,283.739263
-343.0,22,283.794001
-363.0,25,283.857095
-503.0,23,283.906769
-406.0,26,285.70371
-466.0,22,285.747465
-566.0,29,285.811004
-449.0,23,285.863986
-582.0,27,285.913174
-608.0,32,285.98856
-574.0,25,286.03766
-455.0,23,286.076387
-500.0,26,286.136083
-345.0,18,286.186925
-426.0,20,286.225365
-479.0,23,286.268408
-439.0,29,286.329527
-519.0,21,286.366487
-474.0,24,286.409365
-481.0,22,286.442327
-368.0,23,286.496877
-433.0,29,286.562729
-360.0,19,286.603858
-441.0,21,286.65361
-390.0,20,286.699691
-450.0,24,286.754075
-317.0,22,286.805715
-447.0,25,286.860269
-355.0,24,286.940898
-455.0,20,286.974506
-390.0,23,287.029707
-567.0,24,287.065921
-554.0,29,287.130153
-409.0,19,287.158498
-358.0,21,287.201838
-390.0,27,287.272152
-384.0,21,287.340565
-404.0,23,287.387071
-441.0,20,287.419028
-396.0,21,287.463573
-505.0,25,287.509949
-482.0,23,287.549428
-459.0,24,287.619851
-460.0,19,287.654476
-406.0,25,287.713284
-416.0,20,287.749906
-562.0,28,287.817973
-427.0,22,287.867905
-523.0,25,287.923951
-485.0,23,287.980494
-606.0,24,288.017508
-657.0,36,288.094454
-433.0,22,288.149285
-418.0,26,288.214343
-488.0,23,288.25482
-338.0,22,288.316102
-275.0,25,288.382274
-464.0,23,288.432802
-431.0,21,288.475209
-358.0,24,288.539981
-376.0,19,288.577732
-406.0,25,288.632099
-411.0,21,288.677184
-345.0,19,288.715923
-386.0,20,288.761024
-566.0,26,288.799122
-619.0,34,288.852973
-436.0,22,288.903823
-516.0,23,288.952211
-452.0,23,289.013145
-461.0,23,289.096848
-336.0,22,289.148205
-479.0,23,289.198219
-445.0,22,289.267933
-429.0,21,289.309009
-500.0,23,289.347074
-444.0,21,289.394752
-467.0,23,289.458869
-317.0,20,289.503901
-476.0,23,289.554832
-434.0,24,289.599035
-492.0,24,289.653295
-279.0,20,289.721852
-543.0,24,289.767025
-644.0,26,289.813833
-462.0,21,289.870906
-382.0,19,289.912581
-351.0,23,289.968288
-542.0,26,290.023908
-428.0,23,290.063244
-469.0,22,290.105319
-386.0,21,290.15569
