#{"t_start": 1748642894.1168349, "env_id": "Maze-v0"}
r,l,t
-50.0,40,1.429697
-40.0,35,1.498965
-36.0,34,1.576465
-64.0,44,1.666169
-36.0,32,1.74008
-40.0,35,1.819633
-36.0,34,1.896154
-58.0,43,1.990835
-48.0,39,2.067244
-62.0,45,2.166405
-48.0,39,2.260355
-48.0,37,2.344843
-32.0,29,2.435736
-37.0,34,2.534624
-30.0,30,2.640052
-36.0,34,2.747953
-53.0,41,2.86369
-64.0,45,2.978845
-48.0,38,3.069859
-33.0,29,3.148121
-54.0,41,3.266856
-40.0,34,3.378833
-30.0,31,3.476119
-27.0,23,3.542944
-34.0,33,3.63534
-47.0,41,3.760813
-58.0,44,3.849544
-51.0,40,4.397173
-37.0,36,4.504195
-46.0,34,4.584615
-46.0,37,4.681641
-36.0,33,4.752585
-50.0,39,4.85363
-36.0,34,4.95645
-60.0,45,5.074594
-56.0,42,5.213326
-30.0,30,5.298473
-50.0,38,5.398669
-55.0,39,5.491762
-32.0,32,5.568911
-23.0,30,5.651233
-16.0,25,5.718668
-62.0,42,5.806759
-55.0,40,5.902224
-40.0,34,5.971276
-23.0,25,6.022638
-52.0,40,6.096231
-64.0,46,6.175636
-30.0,30,6.231078
-72.0,49,6.325161
-30.0,29,6.397055
-38.0,33,6.498492
-17.0,24,6.57963
-82.0,55,6.720706
-30.0,29,6.812682
-46.0,38,6.901755
-34.0,33,8.637896
-32.0,30,8.702117
-44.0,35,8.792536
-55.0,40,8.904182
-26.0,25,8.971954
-18.0,26,9.041654
-28.0,29,9.125784
-40.0,33,9.232677
-47.0,38,9.356614
-36.0,32,9.442761
-42.0,34,9.555915
-50.0,40,9.681267
-42.0,35,9.765487
-36.0,35,9.844772
-34.0,29,9.907418
-22.0,24,9.955854
-48.0,38,10.02943
-28.0,30,10.127851
-40.0,35,10.263342
-15.0,24,10.352736
-43.0,36,10.46484
-22.0,27,10.536845
-32.0,32,10.605865
-44.0,35,10.672114
-25.0,30,10.75263
-14.0,22,10.822974
-40.0,35,10.883411
-62.0,48,10.964489
-37.0,35,11.042913
-17.0,26,11.12832
-39.0,39,11.217023
-25.0,30,11.278354
-24.0,27,11.333222
-24.0,26,11.414629
-42.0,34,11.496116
-33.0,31,11.5836
-12.0,17,11.63069
-35.0,32,11.723199
-18.0,24,11.782331
-38.0,34,11.875829
-18.0,27,11.945392
-30.0,29,12.00977
-30.0,28,12.072073
-7.0,8,12.097767
-35.0,31,12.17974
-31.0,31,12.277372
-50.0,39,12.387146
-12.0,25,12.475853
-62.0,45,12.599742
-38.0,34,12.685822
-24.0,28,12.757324
-18.0,24,12.825286
-36.0,33,12.902005
-22.0,27,12.969189
-25.0,26,13.0221
-20.0,26,13.081589
-59.0,42,13.171795
-38.0,34,13.241755
-32.0,32,13.304085
-38.0,33,13.37846
-42.0,38,13.480491
-24.0,23,13.533315
-47.0,36,13.611753
-32.0,32,13.717257
-56.0,46,13.805602
-29.0,30,15.424746
-26.0,29,15.487586
-28.0,27,15.55286
-30.0,29,15.642124
-32.0,33,15.713242
-36.0,33,15.846931
-28.0,30,15.972327
-26.0,29,16.062742
-49.0,38,16.171001
-34.0,35,16.237384
-24.0,28,16.325514
-34.0,32,16.415591
-40.0,34,16.503003
-31.0,30,16.56815
-28.0,30,16.644767
-40.0,34,16.731501
-28.0,29,16.80031
-34.0,31,16.869354
-35.0,28,16.936877
-25.0,27,17.050318
-16.0,25,17.132807
-23.0,26,17.208211
-14.0,23,17.258137
-30.0,31,17.321207
-34.0,34,17.429788
-41.0,35,17.510352
-55.0,39,17.66195
-40.0,36,17.750975
-14.0,24,17.815855
-26.0,27,17.889825
-24.0,29,17.978513
-31.0,29,18.04971
-31.0,32,18.138572
-24.0,28,18.216251
-36.0,34,18.2997
-39.0,34,18.386589
-31.0,29,18.45061
-32.0,31,18.518304
-15.0,25,18.575761
-26.0,28,18.640572
-26.0,28,18.698889
-55.0,39,18.783063
-23.0,26,18.883073
-31.0,32,19.004575
-29.0,31,19.08288
-40.0,37,19.177433
-40.0,37,19.273441
-29.0,32,19.362369
-46.0,40,19.505265
-24.0,28,19.613279
-33.0,31,19.742721
-29.0,27,19.820997
-33.0,30,19.91131
-19.0,26,19.998632
-22.0,26,20.078548
-29.0,27,20.180394
-28.0,30,20.243847
-36.0,33,20.312675
-38.0,37,20.415656
-22.0,26,20.482636
-39.0,35,20.571416
-28.0,31,20.642494
-23.0,30,20.720213
-34.0,31,20.784457
-46.0,40,20.878828
-26.0,29,20.946305
-16.0,25,21.005829
-22.0,26,22.581403
-20.0,26,22.640625
-30.0,29,22.704898
-44.0,34,22.803301
-20.0,25,22.854001
-27.0,28,22.953234
-38.0,36,23.063023
-34.0,31,23.125626
-38.0,34,23.203173
-22.0,29,23.282794
-20.0,24,23.348846
-16.0,23,23.398958
-30.0,29,23.470336
-24.0,27,23.557088
-28.0,30,23.642879
-29.0,29,23.722056
0.0,12,23.749954
-26.0,29,23.811755
-45.0,37,23.93895
-18.0,26,24.011137
-22.0,28,24.094149
-22.0,27,24.185501
-13.0,22,24.275058
-28.0,31,24.364093
-16.0,23,24.422695
-23.0,28,24.498096
-18.0,26,24.567921
-8.0,11,24.596465
-32.0,34,24.67164
-30.0,31,24.737197
-36.0,31,24.810367
-22.0,24,24.899431
-35.0,33,24.996127
-33.0,31,25.065852
-33.0,32,25.142443
-32.0,34,25.213342
-25.0,27,25.31019
-21.0,24,25.42308
-10.0,17,25.482982
-14.0,25,25.562092
-38.0,35,25.642187
-24.0,29,25.721775
-30.0,29,25.781701
-30.0,31,25.850316
-30.0,32,25.933425
-5.0,19,25.988039
-18.0,27,26.045703
-16.0,26,26.100842
-44.0,36,26.185671
-26.0,29,26.24535
-26.0,28,26.304987
-32.0,32,26.379319
-16.0,25,26.463667
-23.0,27,26.540849
-34.0,34,26.667707
-28.0,31,26.770276
-22.0,26,26.859596
-32.0,28,26.94539
-20.0,26,27.029757
-20.0,28,27.10696
-21.0,25,27.189656
-20.0,26,27.270148
-26.0,31,27.355872
-18.0,25,27.411083
-22.0,27,27.471366
-43.0,37,27.55389
-9.0,22,27.618729
-9.0,22,27.670348
-32.0,29,27.739096
-6.0,20,27.80019
-26.0,29,27.874233
-38.0,33,27.954507
-9.0,16,27.993991
-27.0,30,28.076591
-10.0,22,29.555342
-28.0,31,29.619262
-12.0,22,29.677451
-16.0,24,29.744526
-24.0,29,29.820855
-19.0,24,29.880858
-11.0,21,29.939068
-37.0,34,30.01274
-32.0,34,30.094969
1.0,18,30.151919
-22.0,28,30.214491
-29.0,32,30.273289
-23.0,27,30.33963
-25.0,29,30.399942
-29.0,27,30.464559
-11.0,19,30.515634
-32.0,32,30.594036
-4.0,11,30.625738
-8.0,21,30.678632
-22.0,26,30.738245
-23.0,26,30.814485
-37.0,33,30.905676
-16.0,24,30.96229
-40.0,35,31.045353
-26.0,28,31.106873
-10.0,21,31.158215
-16.0,24,31.210205
-20.0,28,31.272297
-15.0,23,31.328337
-24.0,28,31.391551
-43.0,35,31.474538
-6.0,16,31.510742
-22.0,26,31.570615
-20.0,25,31.621323
-21.0,25,31.671819
-25.0,25,31.728118
-28.0,29,31.800143
-8.0,21,31.845854
-30.0,32,31.944531
-19.0,25,32.015354
-26.0,30,32.077487
-33.0,31,32.152963
-29.0,29,32.235028
-30.0,30,32.310827
-26.0,31,32.373867
-22.0,24,32.433036
-33.0,30,32.489682
-25.0,26,32.5556
-15.0,21,32.604318
-10.0,22,32.652805
-24.0,29,32.722115
-25.0,26,32.810467
-20.0,25,32.881896
-21.0,27,32.934551
-14.0,23,32.982831
-10.0,21,33.026257
-25.0,27,33.099655
-10.0,22,33.170457
-20.0,25,33.231646
-3.0,21,33.280423
-34.0,34,33.350609
-15.0,24,33.400942
-22.0,28,33.492703
-19.0,24,33.547976
-26.0,29,33.614403
-8.0,10,33.642594
-22.0,27,33.694592
-16.0,22,33.75053
-34.0,32,33.837849
-26.0,30,33.908849
-20.0,27,33.977114
-22.0,25,34.035858
-10.0,22,34.105304
-19.0,24,34.170852
-9.0,23,34.228656
-22.0,28,34.330685
-24.0,30,34.400347
-18.0,24,34.466924
-9.0,23,34.530186
-12.0,23,36.087376
-15.0,13,36.116902
-32.0,32,36.184242
-26.0,29,36.251337
-10.0,22,36.311552
-11.0,23,36.369567
-15.0,27,36.435282
-25.0,27,36.497443
-20.0,27,36.55686
-14.0,25,36.609749
-15.0,24,36.667842
-20.0,26,36.727537
-32.0,33,36.803268
-10.0,23,36.890689
-30.0,28,36.966172
-23.0,24,37.050565
-8.0,22,37.099534
-31.0,29,37.160422
-16.0,25,37.234869
-27.0,28,37.295553
-19.0,27,37.374149
-28.0,31,37.451416
-28.0,27,37.515384
-20.0,27,37.567901
-31.0,34,37.673491
-24.0,28,37.74155
-48.0,37,37.818228
-34.0,34,37.88492
-15.0,22,37.959854
-17.0,24,38.040876
-17.0,23,38.112505
-31.0,31,38.180369
-4.0,20,38.223701
-13.0,24,38.304988
-18.0,23,38.388678
-33.0,31,38.481165
-32.0,31,38.566107
-35.0,34,38.654522
-20.0,27,38.730322
-14.0,25,38.800658
-26.0,31,38.872066
-7.0,22,38.926497
-16.0,21,38.980985
-14.0,25,39.042329
-17.0,25,39.098959
-16.0,22,39.148597
-9.0,24,39.207775
-42.0,26,39.265706
-24.0,26,39.326449
-24.0,24,39.380214
-8.0,21,39.428488
-16.0,28,39.494717
-18.0,26,39.544565
-20.0,27,39.596728
-24.0,26,39.656571
-16.0,24,39.707937
-28.0,29,39.77205
-27.0,29,39.829719
-15.0,25,39.897124
-28.0,30,39.96247
-33.0,34,40.031416
-16.0,26,40.08101
-8.0,21,40.124772
-20.0,26,40.187173
-25.0,27,40.325561
-24.0,25,40.436812
-25.0,28,40.525451
-28.0,29,40.599867
-32.0,33,40.668485
7.0,7,40.688184
-13.0,22,40.749156
-15.0,22,40.805989
-28.0,31,40.875575
-22.0,29,40.944489
-35.0,31,41.009996
-22.0,25,41.07877
-22.0,26,41.145152
-20.0,25,41.207543
-26.0,31,42.66313
-20.0,27,42.727448
-20.0,26,42.784953
-16.0,25,42.840538
-14.0,25,42.893114
-22.0,28,42.94626
-25.0,28,43.010245
-25.0,26,43.066912
-30.0,30,43.128114
-27.0,30,43.20417
-14.0,25,43.272553
-18.0,25,43.35459
-24.0,30,43.430679
-20.0,26,43.494798
-18.0,25,43.566457
-10.0,21,43.634097
-14.0,25,43.700336
-18.0,25,43.771682
-17.0,23,43.835243
-16.0,26,43.895972
-28.0,30,43.966857
-14.0,24,44.028682
-21.0,26,44.104334
-15.0,23,44.162774
-23.0,26,44.225193
-22.0,28,44.283945
-24.0,27,44.339459
-22.0,24,44.414309
-26.0,31,44.482343
-14.0,23,44.536836
-18.0,25,44.602319
-14.0,21,44.665879
-21.0,25,44.733811
-10.0,20,44.785542
-20.0,28,44.84983
-18.0,23,44.904713
-36.0,35,44.978443
-15.0,24,45.037241
-21.0,27,45.123065
-32.0,33,45.186782
-18.0,25,45.248712
-24.0,27,45.311334
-1.0,20,45.354523
-20.0,28,45.408384
-24.0,30,45.476891
-21.0,27,45.545528
-24.0,29,45.614115
-23.0,31,45.679957
-10.0,23,45.732736
-21.0,27,45.791924
-14.0,24,45.841721
-20.0,27,45.891608
-27.0,32,45.964708
-22.0,29,46.026899
-22.0,29,46.107078
-10.0,20,46.168392
-1.0,9,46.192049
-18.0,26,46.248986
-17.0,25,46.302258
-16.0,26,46.362533
-27.0,29,46.418312
-22.0,25,46.474117
-30.0,33,46.538943
-34.0,35,46.607474
-20.0,25,46.677763
-9.0,21,46.742331
-14.0,25,46.803694
-22.0,25,46.858646
-23.0,28,46.91768
-22.0,28,46.96851
-36.0,34,47.049192
-16.0,24,47.104435
-14.0,23,47.154795
-20.0,28,47.214152
-20.0,27,47.274463
-15.0,24,47.33094
-24.0,28,47.382627
-24.0,29,47.450374
-26.0,29,48.883612
-19.0,24,48.937361
-6.0,20,48.980768
-20.0,23,49.04101
-5.0,11,49.0643
-10.0,22,49.111282
-25.0,32,49.180306
-22.0,27,49.233237
-16.0,25,49.28507
-18.0,27,49.354019
-16.0,24,49.419644
-20.0,27,49.484974
-16.0,26,49.551018
-12.0,22,49.606029
-38.0,34,49.673768
-20.0,26,49.728825
-16.0,24,49.787615
-8.0,21,49.831136
-19.0,25,49.880838
-18.0,26,49.934451
-30.0,33,50.011263
-23.0,30,50.070307
-3.0,19,50.118154
-33.0,30,50.180082
-14.0,23,50.23605
-30.0,32,50.295665
-13.0,22,50.366373
-25.0,28,50.43093
-46.0,40,50.506538
-28.0,32,50.562982
-13.0,21,50.609314
-22.0,28,50.659734
-12.0,23,50.71081
-8.0,22,50.755634
-15.0,24,50.814696
-19.0,26,50.892521
0.0,8,50.923608
-12.0,22,51.00805
-11.0,26,51.065583
-24.0,30,51.119412
-14.0,22,51.169765
-20.0,26,51.226076
-51.0,40,51.308146
-14.0,24,51.362479
-20.0,26,51.420959
-10.0,23,51.464748
-26.0,31,51.54041
-16.0,26,51.592006
-22.0,26,51.652628
-14.0,25,51.705898
-20.0,26,51.765054
-18.0,27,51.815168
-38.0,33,51.888298
-14.0,24,51.949882
-20.0,28,52.004874
-30.0,29,52.090717
-16.0,24,52.163542
-10.0,22,52.218693
-13.0,23,52.270529
-14.0,24,52.328108
-23.0,26,52.404987
-6.0,20,52.461958
-16.0,25,52.527507
-17.0,25,52.583615
-12.0,24,52.631792
-29.0,31,52.713319
-16.0,25,52.769761
-44.0,40,52.869033
-34.0,35,52.929995
-13.0,23,52.977563
-21.0,27,53.038094
-15.0,24,53.094398
-24.0,27,53.149011
-26.0,29,53.20839
-20.0,26,53.260151
-35.0,35,53.333493
-22.0,28,53.399852
-22.0,29,53.468487
-12.0,23,55.012326
-10.0,23,55.070591
-18.0,27,55.132596
-8.0,21,55.179498
-12.0,26,55.233315
-17.0,23,55.291132
-13.0,23,55.339159
-7.0,19,55.382487
-16.0,25,55.433354
-24.0,28,55.490876
-16.0,26,55.55099
-16.0,25,55.60065
-12.0,23,55.651293
-24.0,29,55.703693
-16.0,26,55.757801
-39.0,34,55.826078
-18.0,26,55.88408
-16.0,26,55.931211
-6.0,21,55.984704
-16.0,24,56.043848
-20.0,26,56.098542
-20.0,27,56.157828
-10.0,22,56.205414
-4.0,19,56.244861
-41.0,37,56.327148
-10.0,23,56.381606
-18.0,27,56.433152
-16.0,26,56.481393
-18.0,25,56.542851
-18.0,25,56.593844
-25.0,26,56.657468
-6.0,21,56.703425
-9.0,20,56.748684
-29.0,31,56.809698
-29.0,32,56.888213
-12.0,24,56.943631
-20.0,23,57.005718
-12.0,20,57.060305
-26.0,29,57.135592
-15.0,28,57.1939
-21.0,25,57.249573
-20.0,27,57.309292
-23.0,27,57.369545
-27.0,26,57.428472
-6.0,21,57.481755
-36.0,34,57.587165
-23.0,27,57.681151
-11.0,21,57.735139
-24.0,28,57.791972
-26.0,31,57.855233
-24.0,30,57.928595
-20.0,26,57.988007
-28.0,32,58.052589
-16.0,26,58.104063
-24.0,27,58.161187
-20.0,28,58.225345
-12.0,24,58.289304
-21.0,26,58.380903
-12.0,24,58.429729
-13.0,22,58.475785
-20.0,27,58.525679
-14.0,23,58.575492
-15.0,24,58.622788
-5.0,13,58.660017
-20.0,29,58.72658
-24.0,30,58.784417
-12.0,20,58.834309
-3.0,13,58.864866
-16.0,23,58.938959
-20.0,26,59.002331
-24.0,27,59.060929
-32.0,29,59.115184
-20.0,25,59.188538
-25.0,29,59.250679
-12.0,24,59.304269
-19.0,25,59.36359
-23.0,27,59.427137
-24.0,30,59.484925
-19.0,26,59.548066
-6.0,11,59.575951
-6.0,12,59.604395
-14.0,24,61.199137
-19.0,24,61.253762
-13.0,22,61.303466
-25.0,26,61.363175
-26.0,30,61.438576
-16.0,25,61.488396
-12.0,23,61.538361
-23.0,26,61.614731
-31.0,31,61.685081
-37.0,33,61.749809
-21.0,26,61.820548
-21.0,25,61.875985
-4.0,20,61.915363
-22.0,29,61.968841
-18.0,24,62.027644
-26.0,31,62.149021
-18.0,26,62.219285
-32.0,34,62.29181
-6.0,15,62.32713
-18.0,26,62.383713
-12.0,24,62.433903
-20.0,28,62.524738
-10.0,23,62.591341
-10.0,23,62.640698
-6.0,8,62.658396
-27.0,28,62.719679
-6.0,21,62.766439
-18.0,25,62.821501
-24.0,30,62.881315
-27.0,28,62.942794
-18.0,27,62.999103
-24.0,29,63.059461
-10.0,23,63.112122
5.0,7,63.132492
-23.0,28,63.192948
-20.0,25,63.242673
-2.0,7,63.263934
-12.0,22,63.334643
-35.0,30,63.403876
-14.0,25,63.462445
-25.0,28,63.52265
-25.0,25,63.588826
-18.0,26,63.646127
-12.0,24,63.695431
-10.0,23,63.746247
-14.0,25,63.797544
-5.0,22,63.847434
-12.0,24,63.900196
-6.0,14,63.935235
-14.0,25,63.984098
-28.0,29,64.051766
-6.0,20,64.10116
-20.0,27,64.165894
-16.0,25,64.220608
-26.0,30,64.279721
-10.0,22,64.325217
-23.0,31,64.393157
-12.0,21,64.451452
-14.0,23,64.507942
-12.0,23,64.553498
-22.0,27,64.616913
-26.0,31,64.686834
-20.0,28,64.741082
-17.0,24,64.796992
-30.0,33,64.889612
-7.0,8,64.913024
-16.0,24,64.971765
-36.0,32,65.063378
-16.0,26,65.11383
-15.0,24,65.166508
-23.0,26,65.228135
-24.0,29,65.298277
-26.0,28,65.377295
-24.0,27,65.444716
-32.0,31,65.516978
-16.0,26,65.593478
-20.0,27,65.647577
-26.0,30,65.704836
-6.0,21,65.75859
-50.0,40,65.844587
-12.0,24,65.890597
-14.0,25,65.954798
-45.0,37,67.382498
-30.0,31,67.454327
-12.0,22,67.514509
-16.0,24,67.563733
-22.0,29,67.621711
-27.0,27,67.677065
-16.0,25,67.730355
-27.0,30,67.791208
-12.0,23,67.853904
-12.0,23,67.901202
-18.0,26,67.960217
-12.0,24,68.011642
-17.0,23,68.066655
-20.0,24,68.127056
-21.0,27,68.18211
-25.0,32,68.24904
-6.0,20,68.296804
-42.0,38,68.367265
-7.0,20,68.410031
-12.0,23,68.461589
-25.0,30,68.531367
-10.0,21,68.590693
-10.0,23,68.639407
-14.0,22,68.696143
-17.0,23,68.743208
-10.0,22,68.793165
-27.0,28,68.864671
-16.0,25,68.923725
-17.0,26,68.982672
-23.0,27,69.048475
-24.0,31,69.118795
-23.0,30,69.184109
-18.0,24,69.232826
-18.0,25,69.289949
-20.0,27,69.356084
-17.0,25,69.410004
-8.0,20,69.456193
-2.0,19,69.607054
-32.0,31,69.689986
-18.0,27,69.747782
-17.0,24,69.834641
-23.0,25,69.898882
-11.0,25,69.966711
-20.0,26,70.053159
-18.0,26,70.122294
-12.0,24,70.17208
-17.0,25,70.229688
-31.0,31,70.296517
-24.0,27,70.35459
-26.0,29,70.431809
-7.0,21,70.487936
-10.0,21,70.541632
-14.0,25,70.598394
-7.0,21,70.643744
-13.0,25,70.704569
-11.0,21,70.753032
-19.0,25,70.81314
-16.0,25,70.868621
-19.0,25,70.935944
-24.0,29,71.003781
-24.0,29,71.073952
-18.0,24,71.133611
-29.0,31,71.197408
-6.0,21,71.245251
-12.0,24,71.315906
-20.0,27,71.370664
-14.0,25,71.428947
-18.0,23,71.487486
-14.0,24,71.54552
-14.0,23,71.606802
-28.0,28,71.674614
-11.0,22,71.728716
-30.0,29,71.790947
-13.0,26,71.848041
-18.0,27,71.903687
-19.0,25,71.959152
-8.0,22,72.008357
-10.0,23,72.062707
-27.0,29,72.180172
-32.0,33,72.247318
-22.0,28,73.597614
-23.0,27,73.655308
-35.0,35,73.725407
-6.0,21,73.766964
-11.0,22,73.820353
-6.0,18,73.858546
-22.0,27,73.926347
-24.0,27,73.987211
-37.0,33,74.053864
-15.0,24,74.110314
-14.0,23,74.163224
-19.0,26,74.222026
-26.0,28,74.286194
-6.0,19,74.33162
-12.0,24,74.383467
-13.0,12,74.410279
-8.0,22,74.452157
-9.0,20,74.500496
-20.0,28,74.554862
-29.0,29,74.629654
-14.0,25,74.681952
-8.0,20,74.726798
-16.0,26,74.786789
-24.0,29,74.844098
-22.0,28,74.89922
-20.0,28,74.951087
-14.0,25,75.004669
-19.0,26,75.062128
-25.0,29,75.131153
4.0,10,75.154846
-25.0,29,75.210831
-16.0,26,75.272305
-18.0,24,75.328797
-15.0,23,75.380132
-18.0,25,75.433545
-10.0,21,75.484821
-8.0,21,75.528934
-14.0,25,75.583913
-12.0,23,75.632575
-11.0,22,75.680589
-20.0,28,75.735715
-22.0,29,75.79004
-18.0,27,75.866469
-16.0,24,75.920681
-23.0,28,75.977005
-23.0,15,76.010299
-4.0,20,76.053931
-27.0,30,76.121932
-16.0,24,76.175145
-32.0,34,76.242274
-14.0,25,76.291115
-8.0,22,76.359269
-26.0,27,76.419554
-12.0,24,76.468374
-4.0,11,76.495838
-8.0,21,76.543204
-14.0,25,76.598257
-20.0,28,76.693745
-19.0,26,76.749343
-12.0,24,76.802917
-27.0,29,76.880249
-7.0,23,76.970804
-13.0,22,77.025687
-21.0,26,77.108633
-15.0,22,77.170413
-14.0,22,77.229683
-17.0,25,77.307919
3.0,13,77.349905
-14.0,23,77.400364
-5.0,22,77.453125
-21.0,26,77.50669
-18.0,27,77.562706
-14.0,25,77.622422
-8.0,11,77.647663
-27.0,30,77.711825
-22.0,29,77.772481
-13.0,23,77.822074
-24.0,25,77.886008
-9.0,22,77.941394
-20.0,27,77.996178
-14.0,25,78.047938
-7.0,20,78.100505
-15.0,27,78.16687
-20.0,24,78.215104
-22.0,26,79.769109
-24.0,29,79.828252
-14.0,24,79.879863
-17.0,25,79.939931
-18.0,26,80.012483
-4.0,20,80.053956
-3.0,18,80.097896
-20.0,28,80.156336
-22.0,27,80.210464
-19.0,26,80.264496
-15.0,23,80.318907
-18.0,25,80.401272
-13.0,22,80.484092
-23.0,25,80.558231
-19.0,26,80.626644
-12.0,21,80.676967
-15.0,23,80.730829
-23.0,27,80.790131
-14.0,25,80.882183
-20.0,24,80.934367
-25.0,28,80.99377
-18.0,27,81.044185
-19.0,23,81.101602
-24.0,28,81.222738
-14.0,25,81.301423
-24.0,30,81.359184
-8.0,22,81.403948
-28.0,31,81.469304
-14.0,25,81.519015
-25.0,28,81.605247
-25.0,29,81.666125
-8.0,22,81.710846
-12.0,23,81.768545
-14.0,25,81.832657
-3.0,23,81.917758
-16.0,26,81.987966
-18.0,24,82.050334
-26.0,29,82.110386
-30.0,31,82.176111
-10.0,22,82.225093
-14.0,25,82.290388
-17.0,24,82.350653
-22.0,29,82.408787
-16.0,25,82.460707
-10.0,20,82.515702
-27.0,30,82.581248
-27.0,29,82.654813
-24.0,28,82.735805
-6.0,21,82.783403
-32.0,34,82.867446
-29.0,29,82.936642
-21.0,26,82.994792
-18.0,25,83.06936
-13.0,23,83.148115
-26.0,29,83.20692
-18.0,24,83.2647
-24.0,30,83.34666
-19.0,25,83.400126
-23.0,32,83.494175
-4.0,20,83.554299
-12.0,21,83.602566
-20.0,28,83.666944
-14.0,25,83.718546
-24.0,30,83.795536
-12.0,24,83.860974
-14.0,24,83.915044
-14.0,25,83.982553
-34.0,35,84.063324
-8.0,22,84.133111
-22.0,29,84.214444
-14.0,22,84.276754
-30.0,33,84.349728
-8.0,22,84.407757
-29.0,30,84.469595
-7.0,20,84.523781
-26.0,28,84.59926
-19.0,26,84.666412
-14.0,24,84.726763
-28.0,32,84.801639
-12.0,23,84.865939
0.0,7,86.408643
-11.0,22,86.460246
-18.0,27,86.530021
-26.0,29,86.628419
-5.0,22,86.686952
-4.0,20,86.743783
-23.0,27,86.831769
-10.0,23,86.894884
-24.0,28,86.972595
-20.0,24,87.033857
-19.0,25,87.102413
-32.0,31,87.1882
-28.0,31,87.255612
-12.0,24,87.311976
-28.0,29,87.388907
-26.0,29,87.47709
-26.0,31,87.54748
-23.0,28,87.610153
-25.0,28,87.679769
-16.0,24,87.732826
-16.0,24,87.816134
-23.0,26,87.89341
-22.0,26,87.952399
-24.0,29,88.007912
-14.0,25,88.072193
-2.0,22,88.125599
-18.0,24,88.189321
-8.0,21,88.238463
-18.0,25,88.299483
-20.0,26,88.367049
-20.0,26,88.428311
-15.0,27,88.488796
-16.0,26,88.550572
-18.0,23,88.60282
-12.0,23,88.65667
-14.0,23,88.705182
-22.0,26,88.776523
-23.0,27,88.841669
-6.0,21,88.890511
-16.0,24,88.946408
-10.0,22,88.995835
-22.0,26,89.055226
-7.0,7,89.073111
-14.0,25,89.12447
-12.0,24,89.178072
-30.0,31,89.246249
-14.0,24,89.299664
-22.0,28,89.36461
-12.0,24,89.418873
-24.0,29,89.479291
-16.0,26,89.532772
-11.0,23,89.584487
-10.0,18,89.624439
-12.0,24,89.683462
-8.0,22,89.735268
-22.0,27,89.802739
-8.0,22,89.847585
-8.0,20,89.893252
-10.0,21,89.961974
-26.0,28,90.046686
-8.0,22,90.088127
-28.0,30,90.152894
-5.0,22,90.201153
-6.0,21,90.245303
-16.0,26,90.338051
-19.0,29,90.399666
-21.0,30,90.46435
-34.0,33,90.534627
-12.0,24,90.584933
-17.0,25,90.64128
-4.0,20,90.688015
-16.0,25,90.742994
-12.0,24,90.791867
-18.0,26,90.851172
-22.0,29,90.913055
-24.0,30,90.979381
-25.0,29,91.044653
-8.0,22,91.091498
-21.0,26,91.158403
-29.0,30,91.224087
-24.0,28,91.284308
-12.0,24,91.343373
-25.0,33,92.862295
-20.0,25,92.914369
-23.0,28,92.972759
-18.0,27,93.027226
3.0,8,93.048343
-12.0,23,93.103385
-16.0,26,93.152922
-22.0,29,93.211215
-18.0,27,93.310563
-16.0,26,93.4089
-13.0,23,93.46546
-22.0,26,93.545262
-17.0,26,93.601731
-28.0,30,93.677064
-26.0,31,93.74246
-20.0,27,93.794623
-14.0,23,93.859011
-12.0,24,93.94789
-16.0,23,94.015444
-17.0,18,94.064429
-23.0,28,94.138064
-16.0,26,94.214652
-12.0,24,94.277626
-22.0,27,94.348284
0.0,11,94.383015
-8.0,25,94.459788
-14.0,25,94.539625
-21.0,26,94.606588
-16.0,26,94.677881
-15.0,25,94.737026
-10.0,23,94.808315
-21.0,30,94.90553
-17.0,26,94.971429
-16.0,26,95.033396
-16.0,24,95.096091
-22.0,28,95.177179
-16.0,23,95.234886
-16.0,26,95.293905
-16.0,26,95.347745
-23.0,27,95.424668
-22.0,29,95.50943
-12.0,24,95.563163
-18.0,27,95.619287
0.0,10,95.656783
-18.0,26,95.749119
-19.0,26,95.817282
-15.0,23,95.877496
-10.0,23,95.948327
-12.0,24,96.015494
-31.0,33,96.086568
-14.0,22,96.140864
-18.0,22,96.210272
-31.0,31,96.285377
-15.0,24,96.35073
-19.0,24,96.409291
-20.0,27,96.466507
-20.0,25,96.526996
-13.0,23,96.583169
-35.0,32,96.659437
-19.0,23,96.726064
-36.0,33,96.819926
-8.0,22,96.868114
-28.0,31,96.936091
-12.0,24,96.995389
-28.0,28,97.064141
-14.0,25,97.122226
-9.0,24,97.192976
-16.0,23,97.253622
-19.0,24,97.329
-10.0,22,97.402639
-10.0,21,97.470992
-17.0,24,97.538481
-20.0,27,97.598632
-10.0,22,97.647672
-15.0,24,97.699052
-17.0,27,97.757155
-16.0,26,97.820836
-12.0,24,97.873019
-12.0,22,97.925031
-5.0,22,97.970399
-16.0,25,98.025337
-12.0,24,98.072337
-4.0,20,99.480903
-13.0,22,99.528853
-35.0,32,99.595216
-16.0,26,99.642888
-14.0,25,99.690287
-10.0,23,99.735991
-19.0,25,99.791659
-26.0,27,99.853533
-12.0,22,99.905334
-14.0,23,99.961436
-28.0,26,100.021073
-24.0,26,100.092342
-17.0,24,100.147856
-26.0,29,100.211713
-30.0,30,100.276892
-8.0,21,100.321607
-33.0,33,100.383695
-14.0,25,100.434426
-12.0,24,100.487244
-34.0,35,100.556612
-22.0,26,100.613624
-18.0,23,100.667573
-6.0,19,100.75666
-31.0,32,100.848873
-24.0,28,100.909311
-11.0,22,100.95999
-16.0,26,101.015645
-16.0,26,101.065218
-27.0,30,101.123402
-14.0,24,101.234953
-13.0,23,101.310856
-33.0,31,101.380686
-8.0,21,101.42723
-20.0,28,101.495019
-27.0,29,101.563716
-42.0,37,101.626133
-21.0,25,101.685554
-17.0,23,101.737222
-10.0,23,101.781453
-20.0,27,101.841375
-9.0,21,101.886986
-13.0,25,101.946054
-36.0,35,102.018867
-2.0,9,102.042198
-17.0,23,102.096517
-10.0,22,102.144855
-14.0,25,102.238518
-14.0,23,102.300786
-12.0,24,102.353689
-15.0,25,102.423362
-6.0,21,102.480796
-10.0,22,102.533999
-29.0,30,102.597039
-7.0,6,102.611924
-23.0,28,102.677091
-16.0,26,102.758894
-26.0,28,102.856975
-4.0,20,102.925539
-21.0,25,103.015047
-15.0,24,103.098516
-20.0,26,103.187301
-4.0,20,103.261911
-16.0,25,103.365309
-22.0,26,103.4468
-16.0,23,103.527568
-26.0,28,103.634265
-15.0,24,103.688781
-10.0,23,103.760589
-16.0,26,103.845815
-8.0,20,103.918702
-30.0,30,103.99298
-14.0,23,104.053449
-24.0,27,104.137776
-32.0,34,104.217418
-12.0,24,104.315019
-19.0,26,104.434215
-10.0,23,104.506988
-8.0,22,104.579119
-26.0,30,104.657188
-18.0,24,104.740176
-36.0,33,104.833507
-12.0,23,106.706246
-12.0,21,106.758404
-6.0,21,106.807851
-22.0,28,106.871032
-14.0,25,106.929006
-21.0,28,107.021437
-21.0,27,107.112058
-11.0,22,107.167574
-20.0,27,107.225764
-8.0,17,107.2717
-17.0,24,107.334849
-14.0,25,107.389317
-25.0,29,107.46227
-13.0,23,107.515074
-11.0,8,107.535045
-32.0,32,107.609402
-10.0,23,107.66685
-4.0,20,107.706146
-10.0,20,107.758854
-14.0,24,107.83403
-17.0,24,107.901999
-14.0,25,107.962369
-16.0,22,108.032396
-10.0,23,108.107361
-20.0,28,108.181447
-14.0,25,108.237042
-12.0,22,108.305679
-12.0,24,108.366185
-15.0,22,108.423164
-27.0,29,108.500202
-14.0,25,108.556925
-35.0,33,108.634221
-24.0,30,108.705653
-8.0,22,108.755641
-15.0,27,108.823514
-9.0,21,108.876921
-15.0,24,108.93882
-17.0,28,109.006368
-12.0,24,109.109903
-17.0,23,109.185665
-16.0,26,109.262207
-20.0,24,109.333749
-24.0,27,109.414994
-8.0,21,109.475988
-14.0,23,109.534401
-22.0,28,109.604091
-14.0,23,109.693023
-11.0,21,109.772133
-24.0,30,109.8388
-23.0,26,109.899483
-8.0,21,109.942332
-14.0,25,110.005783
-8.0,25,110.07073
-15.0,23,110.143936
-13.0,22,110.197423
-16.0,26,110.259405
-18.0,25,110.336071
-8.0,22,110.382596
-25.0,29,110.447652
-8.0,21,110.491507
-14.0,24,110.540274
-24.0,30,110.599201
-13.0,23,110.650874
-20.0,26,110.721386
-19.0,25,110.770491
-26.0,28,110.831518
-16.0,26,110.8845
-23.0,30,110.951599
-10.0,21,111.000198
-10.0,23,111.055211
-27.0,33,111.127531
-4.0,20,111.179655
-21.0,30,111.251519
-18.0,27,111.306423
-8.0,22,111.353142
0.0,8,111.372541
-18.0,27,111.427954
-15.0,23,111.491627
-2.0,8,111.514328
-23.0,28,111.575028
-16.0,24,111.628857
-16.0,26,111.684701
-36.0,33,111.756701
-8.0,22,111.809394
-12.0,24,113.234344
-24.0,26,113.293491
-6.0,21,113.338735
-14.0,24,113.38516
-20.0,28,113.441984
-13.0,23,113.493327
-24.0,27,113.561998
-16.0,26,113.617791
-13.0,22,113.682921
-16.0,24,113.73876
-6.0,20,113.791094
-34.0,35,113.859535
-16.0,23,113.914404
1.0,14,113.949263
-18.0,24,113.99889
-5.0,22,114.044424
-18.0,25,114.093944
-15.0,28,114.15405
-18.0,24,114.208258
-1.0,11,114.238512
-13.0,21,114.29388
-26.0,31,114.355229
-15.0,22,114.433521
-29.0,29,114.523523
-21.0,25,114.580998
-24.0,27,114.64453
-24.0,30,114.718432
-10.0,23,114.771843
-32.0,33,114.863388
-32.0,31,114.936714
-19.0,25,114.993474
-13.0,23,115.054543
-12.0,24,115.105947
-14.0,22,115.23515
-7.0,20,115.307717
-17.0,24,115.366895
-8.0,22,115.415177
-13.0,26,115.474165
-13.0,26,115.558945
-22.0,29,115.61463
-18.0,25,115.668168
-10.0,21,115.730384
-14.0,25,115.784764
-30.0,29,115.871859
-22.0,28,115.977929
-4.0,20,116.025596
-20.0,23,116.087292
-10.0,21,116.148788
-13.0,23,116.207805
-15.0,23,116.287693
-22.0,27,116.359348
-2.0,20,116.416476
-12.0,24,116.469872
-17.0,25,116.52452
-14.0,23,116.583156
-11.0,22,116.645403
-14.0,23,116.70707
-15.0,24,116.758066
-12.0,22,116.808624
-10.0,19,116.859848
-8.0,22,116.910414
-16.0,23,116.963538
-9.0,13,116.996645
-18.0,23,117.057569
-22.0,29,117.142485
-27.0,30,117.260872
-26.0,30,117.38186
-12.0,17,117.448386
-6.0,21,117.518896
-12.0,23,117.580033
-16.0,26,117.658082
-10.0,23,117.730489
-14.0,22,117.818806
-21.0,25,117.892882
-14.0,24,117.976923
1.0,11,118.009039
-10.0,23,118.060748
-4.0,8,118.082847
-12.0,24,118.139424
-17.0,24,118.203981
-14.0,23,118.260535
-2.0,19,118.306367
-19.0,26,118.36593
-18.0,26,118.433835
-23.0,27,118.489395
-23.0,27,118.547565
-7.0,20,118.593486
-18.0,27,120.152577
1.0,19,120.197527
-8.0,22,120.2496
-5.0,22,120.304374
-18.0,27,120.357825
-17.0,28,120.438212
-8.0,22,120.483888
-8.0,22,120.529899
-18.0,27,120.585222
-15.0,24,120.640128
-35.0,33,120.709979
-22.0,26,120.788465
-14.0,25,120.857634
-5.0,18,120.900339
-17.0,24,120.958499
-20.0,26,121.039352
-26.0,29,121.123172
-14.0,25,121.177118
-22.0,28,121.232843
-28.0,32,121.304313
-14.0,25,121.394827
-10.0,23,121.4607
-15.0,22,121.552286
-29.0,31,121.649371
-17.0,24,121.719347
-8.0,25,121.799492
-6.0,21,121.853038
-2.0,6,121.870986
-18.0,27,121.941459
-18.0,25,121.998235
-24.0,27,122.05968
-15.0,24,122.131409
-22.0,28,122.213672
-19.0,23,122.2835
-10.0,23,122.345296
-12.0,24,122.39895
-16.0,25,122.449095
-11.0,25,122.516605
-14.0,23,122.594168
-16.0,22,122.647004
-16.0,26,122.699769
-23.0,28,122.767274
-10.0,23,122.848257
-6.0,21,122.904163
-3.0,21,122.953155
-11.0,22,123.005089
-7.0,23,123.102514
-24.0,27,123.193107
-13.0,24,123.259621
-17.0,25,123.329764
-22.0,28,123.429229
-10.0,17,123.476581
-20.0,24,123.545117
-10.0,23,123.607296
0.0,18,123.674282
-14.0,25,123.749178
-16.0,22,123.821621
-34.0,32,123.90384
-18.0,26,123.967051
-22.0,27,124.068688
-23.0,27,124.18714
-19.0,26,124.276089
-10.0,23,124.335297
-12.0,24,124.394146
-12.0,22,124.453577
-20.0,27,124.520717
-12.0,23,124.580445
-10.0,23,124.640877
-2.0,19,124.691121
-23.0,27,124.762147
-17.0,24,124.824506
-18.0,27,124.89033
-17.0,25,124.954078
-20.0,25,125.009605
-22.0,25,125.071067
-26.0,31,125.134803
-14.0,25,125.206866
-29.0,30,125.269787
0.0,18,125.312268
-20.0,24,125.401923
-12.0,24,125.477183
-11.0,9,125.503004
-14.0,23,125.574661
-9.0,20,125.639628
-21.0,25,127.277812
-14.0,25,127.338981
-49.0,39,127.426649
-16.0,24,127.499599
-17.0,25,127.558223
-25.0,25,127.624359
-16.0,26,127.680113
-16.0,26,127.749153
-20.0,28,127.817371
-26.0,28,127.901047
-8.0,22,127.956544
-20.0,28,128.021556
-18.0,24,128.084236
-8.0,21,128.135611
-38.0,34,128.218705
-10.0,23,128.281826
-20.0,28,128.350942
-24.0,30,128.463624
-14.0,24,128.545846
0.0,7,128.573946
-11.0,22,128.654871
-14.0,25,128.733428
-9.0,21,128.787339
-2.0,10,128.811584
-21.0,28,128.867507
-24.0,30,128.941897
-19.0,24,128.999728
-15.0,23,129.051814
-16.0,26,129.155786
-18.0,27,129.241433
-25.0,28,129.352982
-7.0,13,129.400429
-14.0,25,129.459783
-6.0,21,129.503617
-17.0,25,129.561689
-17.0,25,129.616929
-10.0,23,129.66428
-16.0,26,129.71682
-8.0,20,129.766135
-28.0,31,129.83555
-16.0,26,129.89735
-9.0,20,129.947963
-28.0,31,130.013875
0.0,18,130.052949
-22.0,26,130.117331
-28.0,30,130.203284
-18.0,26,130.319434
-15.0,25,130.40128
-12.0,24,130.497992
-19.0,26,130.567883
-14.0,23,130.625357
-8.0,22,130.677315
-15.0,23,130.729777
-35.0,32,130.805418
-16.0,24,130.855778
-9.0,21,130.905185
-13.0,22,130.970911
-8.0,21,131.016865
-14.0,22,131.085359
-8.0,22,131.136095
-14.0,23,131.185764
-13.0,23,131.23389
-15.0,27,131.291377
-11.0,21,131.343616
-11.0,20,131.405304
-5.0,7,131.424168
-26.0,31,131.495762
-14.0,25,131.552557
-7.0,23,131.602592
-23.0,28,131.66144
-14.0,25,131.713347
-2.0,19,131.755827
-16.0,26,131.806088
-40.0,38,131.87985
-19.0,26,131.929667
-12.0,24,131.990583
-20.0,26,132.055321
-2.0,11,132.082976
-36.0,35,132.157259
-11.0,25,132.218536
-31.0,30,132.281691
-13.0,23,132.334005
-22.0,29,132.387791
-18.0,27,132.437772
-12.0,24,133.815734
-14.0,25,133.86254
-28.0,30,133.928124
-15.0,25,133.986621
-9.0,21,134.039855
-20.0,24,134.102465
-14.0,25,134.154014
-14.0,25,134.208857
-30.0,30,134.276584
-20.0,28,134.328311
-12.0,24,134.37556
-4.0,23,134.424734
-21.0,26,134.482641
-10.0,23,134.528381
-2.0,19,134.581989
-15.0,23,134.662351
-4.0,20,134.729479
-17.0,25,134.781017
-22.0,26,134.8467
-16.0,25,134.908785
-17.0,25,134.967638
-12.0,24,135.016409
-23.0,26,135.097705
-14.0,25,135.163865
-24.0,26,135.243208
-8.0,21,135.288359
-22.0,28,135.353606
-14.0,25,135.410084
-16.0,25,135.465198
-18.0,27,135.519233
-34.0,32,135.595491
-8.0,19,135.64505
-24.0,30,135.760115
-24.0,27,135.819218
-14.0,25,135.879385
-13.0,23,135.936037
-27.0,30,136.00105
-12.0,24,136.118002
-8.0,22,136.178291
-12.0,24,136.233804
-29.0,30,136.307048
-12.0,23,136.374777
-14.0,25,136.459679
-19.0,26,136.554388
-28.0,28,136.623446
-22.0,26,136.687101
-14.0,25,136.742728
-20.0,28,136.798016
-27.0,29,136.855539
-15.0,27,136.9302
-18.0,27,136.986907
-1.0,13,137.015559
-14.0,22,137.065456
-8.0,22,137.116653
-7.0,20,137.166024
-12.0,24,137.215509
-18.0,26,137.27246
-5.0,22,137.326786
-24.0,27,137.38838
-16.0,26,137.450155
-18.0,25,137.507856
-12.0,24,137.56052
-21.0,24,137.61419
-25.0,29,137.670113
-17.0,25,137.753235
-15.0,24,137.832477
-8.0,22,137.882129
-19.0,25,137.968797
-29.0,31,138.056181
-16.0,22,138.137211
-2.0,19,138.213459
-10.0,22,138.273352
-22.0,29,138.336039
-15.0,24,138.396683
-23.0,25,138.455047
-18.0,24,138.509738
-11.0,21,138.569303
-10.0,22,138.624131
-16.0,25,138.672346
-10.0,21,138.71915
-14.0,25,138.766495
-17.0,25,138.815726
-19.0,24,138.877815
-17.0,24,140.760342
-18.0,24,140.813759
-17.0,24,140.878894
-21.0,27,140.955933
-9.0,21,141.007447
-20.0,24,141.062852
-22.0,29,141.118188
-11.0,22,141.17363
-20.0,28,141.23963
-12.0,24,141.299514
-12.0,23,141.358411
-24.0,27,141.446524
-10.0,23,141.498918
-15.0,24,141.571231
-15.0,22,141.635237
-22.0,26,141.693043
-16.0,26,141.757978
-21.0,25,141.81441
-6.0,21,141.858264
-15.0,24,141.907923
-8.0,22,141.956721
-17.0,23,142.006605
-31.0,30,142.07927
-21.0,30,142.142244
-17.0,25,142.198957
-18.0,24,142.251456
-20.0,28,142.305365
-22.0,29,142.364542
-23.0,27,142.445103
-13.0,23,142.495047
-9.0,20,142.540344
-18.0,25,142.601875
-15.0,25,142.657239
-18.0,26,142.713291
-11.0,11,142.737442
-3.0,20,142.785079
-12.0,23,142.840813
-33.0,32,142.934711
-12.0,24,143.03748
-10.0,20,143.10781
-12.0,24,143.182971
-8.0,22,143.23276
-18.0,24,143.286828
-20.0,28,143.340243
-20.0,24,143.398124
-21.0,26,143.455924
-8.0,22,143.505416
-22.0,27,143.590486
-14.0,25,143.695072
0.0,8,143.740626
-11.0,21,143.811315
-11.0,25,143.885969
-11.0,10,143.910992
-25.0,27,144.012156
-11.0,22,144.086817
-26.0,28,144.183923
-12.0,22,144.281308
-20.0,28,144.387921
-6.0,20,144.47955
-20.0,28,144.581264
-6.0,21,144.64244
-18.0,27,144.740674
-27.0,31,144.850698
-14.0,25,144.919058
-24.0,30,144.988419
0.0,14,145.030818
-20.0,25,145.113554
-16.0,26,145.180777
-10.0,23,145.270313
-14.0,25,145.330169
-22.0,28,145.422955
0.0,18,145.480969
-6.0,15,145.521991
-14.0,21,145.578303
-24.0,26,145.663096
-19.0,24,145.740758
-9.0,21,145.805139
-5.0,19,145.859548
-4.0,20,145.913772
-3.0,21,145.978557
-16.0,26,146.03678
-24.0,30,146.120742
-11.0,21,146.19188
-22.0,29,146.302528
-7.0,21,146.360468
-21.0,25,146.457857
-14.0,21,148.293697
-13.0,26,148.362843
-17.0,25,148.440003
-26.0,28,148.530866
-20.0,28,148.627534
-28.0,32,148.712982
-9.0,20,148.77495
-32.0,30,148.888529
-36.0,36,149.000142
-12.0,24,149.075794
-28.0,29,149.181017
-18.0,27,149.258844
-23.0,28,149.347397
-14.0,25,149.410756
-12.0,22,149.468727
-30.0,29,149.566238
-13.0,12,149.5963
-4.0,20,149.650514
-15.0,24,149.709687
-9.0,21,149.771425
-20.0,28,149.864803
-9.0,20,149.93931
-24.0,30,150.02929
-22.0,29,150.102953
-22.0,27,150.171707
-16.0,26,150.229911
-13.0,23,150.283147
-12.0,23,150.365819
-13.0,23,150.429229
-34.0,35,150.514738
-13.0,22,150.568958
-13.0,23,150.645963
-12.0,23,150.726074
-15.0,27,150.806214
-10.0,23,150.879041
-33.0,33,150.984788
-16.0,23,151.053679
-12.0,24,151.144934
-23.0,27,151.221534
-4.0,20,151.277436
-20.0,26,151.35747
-11.0,25,151.437801
-30.0,33,151.528779
-24.0,30,151.59808
-6.0,21,151.647068
-19.0,25,151.718552
-21.0,28,151.781232
-11.0,20,151.839391
-21.0,27,151.894348
-16.0,23,151.94397
-30.0,33,152.005466
-12.0,24,152.060642
-16.0,26,152.169897
-15.0,24,152.254355
-22.0,29,152.3498
-20.0,28,152.427704
-3.0,21,152.485857
-10.0,23,152.54145
-23.0,27,152.621134
-20.0,25,152.708282
-13.0,23,152.768723
-17.0,25,152.840281
-17.0,22,152.903825
-28.0,30,152.980189
-14.0,24,153.073701
-23.0,27,153.178003
-7.0,23,153.26603
-10.0,23,153.333806
-27.0,30,153.395649
-19.0,26,153.464023
-12.0,24,153.524228
-6.0,21,153.586166
-20.0,25,153.65941
-15.0,24,153.717613
-9.0,21,153.770296
-11.0,22,153.875908
-8.0,22,153.966854
-14.0,23,154.057707
-20.0,28,154.113023
-14.0,25,154.183898
-4.0,20,154.23101
-10.0,21,155.731972
-11.0,21,155.777235
-20.0,28,155.834321
-26.0,31,155.901539
-20.0,28,155.956925
-20.0,28,156.010529
-14.0,23,156.065787
-13.0,22,156.128546
-24.0,30,156.191992
-5.0,21,156.241327
-19.0,26,156.315811
-30.0,31,156.389467
-31.0,30,156.45762
-29.0,29,156.541952
-30.0,29,156.612517
-12.0,22,156.664255
-22.0,28,156.725894
-8.0,20,156.775494
-12.0,24,156.826447
-24.0,27,156.887513
-25.0,29,156.951403
-23.0,25,157.023723
-11.0,21,157.07507
-1.0,20,157.146164
-8.0,21,157.22288
-22.0,26,157.295251
-17.0,24,157.368268
-9.0,20,157.43271
-13.0,23,157.52893
-27.0,28,157.619879
-4.0,20,157.680948
-8.0,22,157.731992
-12.0,23,157.798609
-21.0,24,157.853723
-22.0,29,157.909394
-26.0,30,157.994718
-7.0,6,158.029609
-22.0,27,158.105028
-8.0,22,158.165048
-19.0,24,158.222085
-14.0,25,158.276229
-14.0,24,158.326107
-22.0,29,158.414124
-17.0,24,158.484838
-40.0,36,158.583814
1.0,7,158.607152
-17.0,24,158.692658
-21.0,26,158.786708
-18.0,24,158.867163
-17.0,25,158.94511
-26.0,31,159.033334
-14.0,25,159.105662
-4.0,20,159.155975
-6.0,21,159.203758
-28.0,31,159.30029
-12.0,24,159.356922
-30.0,31,159.4501
-22.0,27,159.529159
-15.0,24,159.592322
-10.0,23,159.655597
-26.0,28,159.736526
-26.0,29,159.843105
-27.0,28,159.949527
-10.0,23,160.013093
-7.0,23,160.069173
-22.0,29,160.132185
-19.0,26,160.209134
-22.0,29,160.274608
-16.0,26,160.344955
-24.0,27,160.405014
-27.0,33,160.47341
-13.0,26,160.556853
-9.0,22,160.683682
-18.0,26,160.753838
-25.0,29,160.843061
-32.0,32,160.982506
-8.0,22,161.039978
-1.0,20,161.096562
-16.0,26,161.173981
-23.0,28,161.23275
-12.0,24,161.281127
-41.0,37,162.883334
-18.0,24,162.952535
-16.0,26,163.022964
-26.0,30,163.096652
-16.0,26,163.167519
-28.0,28,163.24502
-28.0,29,163.335184
-24.0,28,163.430152
-6.0,21,163.496951
-14.0,25,163.559288
5.0,7,163.587504
-8.0,20,163.654821
-19.0,26,163.731061
-26.0,31,163.799354
-5.0,22,163.859104
-24.0,30,163.926697
-30.0,33,164.03584
-12.0,22,164.161555
-31.0,32,164.278256
-21.0,26,164.369418
-12.0,24,164.450159
-12.0,22,164.523626
-16.0,26,164.578792
-13.0,23,164.632097
-20.0,26,164.6971
-12.0,24,164.759438
-12.0,24,164.820698
-9.0,21,164.873136
-18.0,27,164.936419
1.0,13,164.983371
-24.0,30,165.065912
-6.0,21,165.123567
-12.0,24,165.181723
-12.0,21,165.238981
-3.0,21,165.309711
-12.0,21,165.369357
-28.0,31,165.440055
-30.0,33,165.511367
-6.0,20,165.550871
-14.0,25,165.603998
-13.0,24,165.654886
-19.0,26,165.76459
-14.0,23,165.84802
-21.0,25,165.931898
-8.0,22,166.005683
-21.0,27,166.084584
-31.0,31,166.168836
-24.0,25,166.230935
-22.0,29,166.292649
-28.0,30,166.375008
-27.0,28,166.476655
-25.0,30,166.573054
-14.0,25,166.649668
-24.0,26,166.741615
-10.0,23,166.791811
-8.0,22,166.854821
-14.0,24,166.916939
-26.0,30,166.999314
-12.0,24,167.057212
-7.0,23,167.105322
-26.0,28,167.168394
-21.0,26,167.221308
-16.0,26,167.276851
-19.0,26,167.343547
-12.0,24,167.405991
-15.0,24,167.464451
-17.0,24,167.528257
-16.0,26,167.5888
-12.0,22,167.640721
-21.0,26,167.69519
-13.0,21,167.744864
-24.0,28,167.80014
-18.0,26,167.864448
-24.0,29,167.939568
-18.0,27,167.989763
-17.0,25,168.049481
-9.0,24,168.10312
-5.0,9,168.129589
-14.0,23,168.197874
-12.0,24,168.292133
-12.0,24,168.395372
-18.0,26,168.471105
-16.0,26,170.014866
-12.0,24,170.060003
-24.0,28,170.123242
-21.0,27,170.183656
-16.0,26,170.282396
-30.0,31,170.361491
-22.0,26,170.419621
-12.0,24,170.468581
-16.0,23,170.522029
-16.0,26,170.590522
-10.0,23,170.695779
-12.0,22,170.785019
-26.0,31,170.856447
-10.0,23,170.950594
-10.0,22,171.020313
-24.0,27,171.08684
-9.0,22,171.137607
-12.0,23,171.207219
-18.0,25,171.276511
-18.0,24,171.327329
-26.0,31,171.397703
-12.0,24,171.454037
-14.0,25,171.520293
-8.0,22,171.601541
-23.0,27,171.676049
-6.0,21,171.730902
-1.0,20,171.785577
-13.0,22,171.850706
-21.0,25,171.923943
-22.0,29,171.989014
-17.0,25,172.065348
-27.0,28,172.145647
-14.0,25,172.21509
-18.0,27,172.267361
-4.0,23,172.33307
-6.0,21,172.380848
-6.0,20,172.449327
-17.0,23,172.516488
-20.0,28,172.585503
-20.0,26,172.652244
-21.0,27,172.719551
-13.0,23,172.782162
-16.0,26,172.840749
-4.0,20,172.899848
-4.0,20,172.968289
-30.0,31,173.063215
-12.0,24,173.127548
5.0,11,173.158693
-15.0,24,173.218306
-8.0,22,173.266175
-15.0,27,173.329911
-24.0,30,173.39544
-20.0,26,173.454328
-14.0,23,173.505407
-17.0,23,173.556305
8.0,10,173.582845
-19.0,25,173.681463
-3.0,14,173.717655
-18.0,27,173.779581
-8.0,20,173.841884
-22.0,27,173.937003
-18.0,25,173.999883
-21.0,28,174.066035
-24.0,30,174.140445
-24.0,28,174.219426
-8.0,21,174.264499
-16.0,26,174.32016
-9.0,21,174.377171
-9.0,24,174.433472
-21.0,27,174.51246
-15.0,24,174.564977
-17.0,24,174.623147
-8.0,22,174.685607
-32.0,29,174.752176
-16.0,26,174.810239
-10.0,23,174.861686
-12.0,24,174.913676
-18.0,27,174.988188
-22.0,26,175.062803
-15.0,24,175.129135
-20.0,26,175.205657
-8.0,22,175.272156
-24.0,27,175.333496
-10.0,23,175.401399
-18.0,23,177.131501
-26.0,31,177.201493
-24.0,30,177.293756
-19.0,26,177.400917
-11.0,25,177.479717
-28.0,28,177.574435
-26.0,31,177.663953
-19.0,26,177.737025
-8.0,22,177.803541
-13.0,23,177.873361
-12.0,24,177.93177
-12.0,24,177.988083
-32.0,34,178.074573
-14.0,25,178.136941
-13.0,21,178.189719
-24.0,27,178.260426
-8.0,22,178.312761
3.0,9,178.341019
-16.0,24,178.399304
-23.0,26,178.463641
-31.0,32,178.537706
-12.0,22,178.585032
-22.0,27,178.647841
-26.0,31,178.704506
-6.0,19,178.74875
-12.0,23,178.799624
-16.0,23,178.85614
-6.0,19,178.931362
-28.0,29,179.030355
-31.0,31,179.092935
-12.0,24,179.174821
-8.0,20,179.229255
-10.0,23,179.287002
-16.0,22,179.378514
-19.0,29,179.453096
-12.0,23,179.533927
-38.0,37,179.615057
-28.0,30,179.689941
-15.0,22,179.752415
-15.0,24,179.812786
-23.0,28,179.908242
-20.0,26,179.994304
-21.0,28,180.090969
-8.0,22,180.15382
-11.0,21,180.233102
-9.0,24,180.297298
-10.0,21,180.35329
-18.0,24,180.40974
-12.0,24,180.463973
-14.0,25,180.532141
-18.0,25,180.593709
-21.0,26,180.664807
-13.0,22,180.715492
-22.0,27,180.77809
-22.0,28,180.869067
-19.0,25,180.932122
-30.0,31,181.003649
-29.0,31,181.067512
-8.0,20,181.110377
-22.0,29,181.176336
-24.0,30,181.236742
-20.0,26,181.298306
-18.0,27,181.35841
-19.0,29,181.415383
-8.0,22,181.462333
-10.0,23,181.519387
-15.0,24,181.577781
-19.0,27,181.636231
-8.0,22,181.692526
-6.0,20,181.754936
-23.0,27,181.837289
-31.0,31,181.937175
-13.0,23,181.99428
-12.0,24,182.054846
-14.0,22,182.111171
-14.0,25,182.158796
-2.0,19,182.196728
-31.0,32,182.2557
-24.0,30,182.340338
-19.0,27,182.420178
-12.0,21,182.471826
-12.0,24,183.91643
-14.0,24,183.985313
-7.0,21,184.042606
-16.0,25,184.105743
-18.0,26,184.173301
-36.0,33,184.26406
-16.0,26,184.325863
-14.0,23,184.386842
-14.0,25,184.46278
-24.0,27,184.534661
-4.0,20,184.586494
-17.0,26,184.641415
-16.0,23,184.703778
-16.0,26,184.775548
-16.0,26,184.841562
-17.0,28,184.906576
-21.0,27,184.963683
-16.0,26,185.012944
-1.0,11,185.039283
-14.0,25,185.091141
-8.0,21,185.136447
-14.0,25,185.196306
-32.0,33,185.262833
-12.0,22,185.343838
-16.0,24,185.394243
-19.0,26,185.449094
-16.0,26,185.514082
-13.0,22,185.567829
-27.0,29,185.642045
-14.0,25,185.705263
-11.0,22,185.759004
3.0,8,185.778827
-24.0,27,185.850519
-20.0,28,185.907169
-28.0,29,185.975621
-28.0,32,186.037496
-32.0,32,186.120425
-26.0,29,186.21914
-22.0,26,186.295039
-6.0,21,186.356086
-18.0,24,186.416171
-22.0,29,186.488511
-14.0,25,186.562812
-12.0,24,186.617836
-18.0,23,186.676045
-12.0,24,186.732555
-7.0,13,186.769075
-14.0,25,186.826959
-17.0,25,186.882159
-7.0,24,186.948378
-13.0,24,187.000395
-13.0,23,187.052461
-28.0,29,187.130013
-12.0,24,187.184126
-11.0,25,187.244338
-21.0,26,187.308906
-21.0,26,187.367018
-20.0,25,187.426092
-18.0,25,187.484058
-25.0,32,187.549432
-22.0,26,187.609048
-26.0,31,187.669878
-22.0,25,187.755296
-14.0,25,187.809532
-15.0,24,187.887188
-10.0,21,187.945467
-20.0,26,188.003178
-21.0,27,188.064095
-20.0,28,188.143346
-12.0,23,188.199284
-25.0,27,188.285821
-8.0,22,188.341498
-17.0,24,188.405071
-29.0,30,188.514891
-10.0,23,188.600625
-24.0,27,188.672986
-3.0,15,188.710332
-6.0,21,188.774358
-14.0,21,188.833514
-31.0,32,188.907751
-6.0,19,188.974265
-13.0,23,189.046259
-11.0,21,189.111963
-6.0,21,190.704557
-21.0,26,190.75909
-10.0,23,190.808335
-14.0,23,190.863229
-16.0,26,190.920564
-13.0,20,190.968301
-9.0,24,191.022001
-3.0,21,191.082965
-5.0,18,191.129745
-7.0,20,191.177552
-8.0,22,191.240485
-16.0,26,191.349298
-12.0,21,191.409184
-7.0,23,191.464
-17.0,25,191.517123
-14.0,23,191.591508
-13.0,21,191.652727
-14.0,25,191.731703
-20.0,26,191.790773
-27.0,30,191.892427
-28.0,30,191.952151
-19.0,26,192.004449
-27.0,30,192.066306
-22.0,28,192.118014
-13.0,23,192.163835
-8.0,22,192.218784
-13.0,25,192.279155
-4.0,20,192.33763
-22.0,27,192.406475
-19.0,26,192.459765
-25.0,26,192.533165
-12.0,21,192.585498
-9.0,21,192.632626
-20.0,28,192.692606
-25.0,28,192.755191
-10.0,23,192.809659
-21.0,26,192.865354
-13.0,22,192.930695
-22.0,29,193.040966
-18.0,26,193.121659
-13.0,23,193.188002
-6.0,19,193.256912
-15.0,23,193.335486
-19.0,24,193.410158
-18.0,27,193.484283
-10.0,23,193.543232
-8.0,22,193.610181
-20.0,25,193.67462
-24.0,28,193.748226
-21.0,27,193.805262
-14.0,23,193.855935
-4.0,20,193.897896
-16.0,26,193.94808
-21.0,28,194.002965
-17.0,26,194.05878
-26.0,27,194.170277
-23.0,27,194.230634
-13.0,26,194.284958
-18.0,24,194.362016
-13.0,12,194.399333
-9.0,23,194.46875
-18.0,24,194.554264
-20.0,26,194.61163
-24.0,28,194.678927
-22.0,28,194.735933
-10.0,21,194.781258
-14.0,24,194.832859
-27.0,28,194.904493
-8.0,22,194.958682
-15.0,24,195.022582
-24.0,28,195.083911
-18.0,27,195.146578
-10.0,23,195.192784
-16.0,24,195.244383
-24.0,30,195.307696
-16.0,25,195.37518
-26.0,29,195.431483
-16.0,26,195.490585
-26.0,28,195.557806
-14.0,24,195.610131
-10.0,23,195.65454
-23.0,25,195.707447
-12.0,24,195.763303
-17.0,24,197.700596
4.0,5,197.713999
-30.0,33,197.794133
-21.0,26,197.856811
-18.0,25,197.908231
-26.0,28,197.965607
-16.0,26,198.017179
-14.0,22,198.078883
-15.0,24,198.148733
-20.0,27,198.219783
-26.0,29,198.276605
-30.0,30,198.342966
-8.0,22,198.397103
-31.0,30,198.516125
-18.0,27,198.587861
-13.0,22,198.652706
-8.0,22,198.725258
-21.0,27,198.785252
-11.0,25,198.838575
-12.0,24,198.896233
-8.0,22,198.954782
-29.0,28,199.023695
-10.0,21,199.074407
-20.0,26,199.130415
-16.0,25,199.195149
-14.0,24,199.255025
-17.0,24,199.309118
-12.0,21,199.361833
-20.0,26,199.425005
-14.0,25,199.484311
-12.0,24,199.531299
-18.0,25,199.588311
-6.0,21,199.629645
-8.0,22,199.711491
-14.0,22,199.803256
-13.0,23,199.851312
-31.0,31,199.917101
-2.0,19,199.964272
-24.0,26,200.0421
-20.0,26,200.104318
-25.0,27,200.18503
-18.0,25,200.251722
-16.0,25,200.312976
-6.0,21,200.367384
-14.0,25,200.431345
-10.0,23,200.482518
-13.0,22,200.532369
-8.0,22,200.581314
-10.0,20,200.643776
-14.0,25,200.704417
-12.0,23,200.766876
-3.0,18,200.822953
-19.0,29,200.904665
-22.0,26,200.970397
-19.0,26,201.025885
-29.0,29,201.094362
-22.0,26,201.166636
-27.0,29,201.236089
-14.0,25,201.287852
-24.0,26,201.344423
-22.0,27,201.404136
-6.0,20,201.452363
-18.0,27,201.50907
-8.0,22,201.553786
-13.0,22,201.606354
-25.0,27,201.670976
-24.0,28,201.745744
-9.0,20,201.794886
-10.0,23,201.847572
-6.0,21,201.906917
-16.0,26,201.960213
-20.0,27,202.013204
-16.0,23,202.071797
-16.0,25,202.153896
-24.0,30,202.218024
-11.0,22,202.269208
-7.0,19,202.319834
-22.0,26,202.384738
-12.0,24,202.441955
-19.0,27,202.493216
-18.0,26,202.549464
-11.0,25,202.617354
-20.0,28,202.67751
-12.0,24,202.730342
-32.0,32,204.52328
-10.0,23,204.569706
-16.0,24,204.625166
-14.0,23,204.732121
-25.0,28,204.830129
-10.0,23,204.905171
-13.0,22,204.975977
-28.0,29,205.059146
-17.0,25,205.129213
-29.0,31,205.201514
-29.0,30,205.278085
-30.0,33,205.381262
-20.0,28,205.457487
-28.0,32,205.524655
-17.0,26,205.590963
0.0,21,205.651085
-24.0,28,205.715677
-19.0,25,205.776946
-15.0,24,205.849955
-13.0,23,205.899775
-32.0,34,205.965947
-27.0,30,206.040014
-27.0,30,206.1254
-11.0,21,206.173603
-8.0,22,206.219328
-15.0,24,206.268249
-18.0,27,206.342745
-19.0,25,206.396387
-21.0,25,206.449572
-16.0,26,206.506649
-5.0,22,206.567749
-5.0,19,206.614729
-8.0,22,206.66873
-21.0,25,206.754129
-12.0,24,206.809228
-21.0,26,206.877099
-14.0,25,206.930961
-24.0,28,207.012489
-19.0,25,207.093064
-17.0,25,207.157342
-16.0,26,207.213271
-14.0,24,207.265901
-12.0,21,207.318278
-23.0,27,207.381831
-25.0,30,207.4515
-2.0,19,207.500966
-20.0,28,207.562214
-27.0,30,207.636556
-25.0,29,207.710316
-29.0,29,207.773752
-30.0,33,207.832236
-15.0,25,207.884849
-12.0,23,207.937
-18.0,23,208.010201
-30.0,29,208.093251
-24.0,29,208.181388
-13.0,23,208.231348
-16.0,25,208.287081
-11.0,21,208.3398
-8.0,22,208.386587
-12.0,24,208.44718
-26.0,30,208.509774
-16.0,25,208.567898
-12.0,24,208.6222
-17.0,25,208.676004
-12.0,24,208.72307
-17.0,24,208.782201
-14.0,22,208.847305
-10.0,23,208.919002
-24.0,29,209.016718
-20.0,28,209.097807
-23.0,26,209.20348
-18.0,27,209.27981
-26.0,30,209.345711
-8.0,21,209.391328
-23.0,27,209.446672
-25.0,26,209.541237
-22.0,27,209.607933
-12.0,21,209.657945
-20.0,27,211.20146
-14.0,25,211.260586
-14.0,24,211.333296
-8.0,19,211.416201
4.0,10,211.44481
-14.0,23,211.490231
-12.0,24,211.53648
-14.0,25,211.606186
-11.0,21,211.653306
-24.0,29,211.711527
-2.0,8,211.73337
-23.0,28,211.793648
-2.0,15,211.827322
-11.0,22,211.876613
-16.0,24,211.980609
-24.0,30,212.060624
-21.0,26,212.13498
-26.0,30,212.229969
-34.0,35,212.319038
-20.0,28,212.404692
-17.0,25,212.476907
-8.0,22,212.549033
-42.0,37,212.67672
-4.0,20,212.743581
-23.0,26,212.849072
-27.0,28,212.959301
-4.0,20,213.023879
-10.0,23,213.091999
-26.0,28,213.162132
-30.0,32,213.245944
-1.0,11,213.285757
-22.0,25,213.360035
-32.0,34,213.468837
3.0,15,213.515714
-16.0,24,213.585769
-13.0,22,213.65853
-19.0,27,213.73016
-20.0,28,213.800702
-31.0,31,213.868795
-14.0,25,213.940568
1.0,16,213.998056
-14.0,25,214.078871
-23.0,29,214.16446
-15.0,24,214.260949
-19.0,25,214.350639
-35.0,32,214.442349
-6.0,21,214.490734
3.0,9,214.52379
1.0,6,214.543031
-7.0,19,214.596822
-10.0,23,214.677297
-10.0,23,214.746188
-12.0,21,214.79938
-8.0,22,214.843121
-8.0,25,214.906705
-14.0,25,214.955868
-22.0,28,215.015571
-23.0,28,215.07055
-26.0,31,215.160788
-7.0,20,215.262508
-17.0,23,215.355001
-18.0,27,215.442551
-26.0,28,215.524805
-23.0,27,215.605122
-20.0,28,215.665714
-14.0,24,215.752723
-4.0,20,215.811096
-14.0,25,215.899079
-11.0,25,215.984458
-24.0,30,216.071099
-24.0,27,216.145063
-22.0,29,216.239908
-18.0,27,216.317088
-21.0,26,216.401439
-14.0,22,216.480516
-24.0,29,216.573522
-10.0,20,216.648009
-8.0,22,216.708818
-20.0,25,216.794794
-14.0,25,216.862166
-19.0,23,216.945632
-26.0,30,217.050094
-29.0,31,217.153718
-20.0,28,217.252152
-24.0,28,219.08357
-9.0,23,219.13816
-21.0,27,219.203177
-6.0,24,219.25568
-11.0,22,219.305799
-10.0,22,219.356486
-6.0,20,219.405662
-11.0,10,219.430097
-43.0,35,219.516518
-16.0,26,219.59232
-17.0,26,219.658439
-7.0,20,219.715891
-10.0,20,219.765299
-23.0,29,219.823513
-4.0,20,219.881184
-15.0,24,219.959276
-34.0,33,220.057518
-7.0,23,220.12763
-8.0,22,220.208914
-3.0,8,220.239736
-24.0,28,220.305149
-24.0,28,220.365326
-6.0,21,220.417243
-14.0,24,220.479666
-14.0,24,220.531425
-35.0,31,220.619549
-28.0,32,220.701803
-8.0,21,220.749027
-18.0,27,220.808514
-15.0,24,220.864199
-12.0,24,220.918199
-10.0,23,220.985981
-17.0,23,221.042235
-6.0,21,221.08509
-19.0,26,221.142298
-20.0,28,221.193979
-2.0,8,221.216735
-8.0,22,221.267155
-11.0,22,221.314186
-8.0,20,221.359198
-12.0,24,221.408115
-20.0,26,221.460602
-14.0,25,221.559924
-10.0,23,221.616173
-18.0,24,221.698778
-20.0,28,221.762715
-6.0,21,221.826977
-10.0,23,221.883884
-21.0,27,221.965798
-10.0,21,222.035187
-19.0,26,222.094084
-15.0,13,222.139888
-15.0,23,222.196057
-13.0,21,222.265004
-16.0,26,222.327097
-10.0,23,222.394833
-24.0,25,222.465683
-19.0,26,222.569307
-12.0,23,222.634568
-12.0,24,222.723686
-14.0,25,222.809973
-10.0,22,222.883162
-26.0,27,222.975
-25.0,27,223.058598
-10.0,23,223.128334
-12.0,24,223.19698
-18.0,25,223.320474
-25.0,28,223.450569
-31.0,31,223.567114
-11.0,22,223.634412
-20.0,25,223.734631
-6.0,20,223.798215
-31.0,30,223.899799
-6.0,19,223.967858
-14.0,23,224.042385
-18.0,25,224.112186
-14.0,24,224.208998
-18.0,27,224.303452
-12.0,23,224.37954
-19.0,27,224.440935
-12.0,23,224.511339
-10.0,21,224.595328
-18.0,26,224.673058
-24.0,27,224.759103
-18.0,27,224.831376
-10.0,23,224.898321
-9.0,20,226.437222
-15.0,23,226.493953
4.0,8,226.515788
-11.0,20,226.568984
-10.0,22,226.626532
-24.0,28,226.692922
-10.0,22,226.756669
-9.0,22,226.817765
-5.0,19,226.868109
-24.0,28,226.938607
-7.0,21,226.992149
-22.0,27,227.054105
-24.0,28,227.110355
-24.0,30,227.172829
-14.0,23,227.240111
-11.0,20,227.309583
-12.0,23,227.37739
-25.0,28,227.467245
-18.0,27,227.548879
-24.0,26,227.609498
-10.0,22,227.66346
-6.0,21,227.71362
-44.0,40,227.813248
-13.0,22,227.863209
-18.0,27,227.914831
-33.0,33,227.980741
-16.0,26,228.075905
-16.0,25,228.154528
-23.0,26,228.239844
-16.0,23,228.324659
-6.0,24,228.400332
-13.0,21,228.461475
-5.0,20,228.513018
-14.0,24,228.573733
-13.0,21,228.62975
-22.0,29,228.696543
-13.0,22,228.763979
-12.0,24,228.832549
-19.0,29,228.903482
-24.0,30,228.965967
-19.0,25,229.038094
-12.0,23,229.103855
-22.0,26,229.171427
-11.0,23,229.238967
-16.0,26,229.3001
-6.0,21,229.348711
-20.0,28,229.400812
-11.0,21,229.444613
-18.0,26,229.499402
-14.0,25,229.554888
-28.0,30,229.612172
-18.0,27,229.67242
-16.0,23,229.725128
-17.0,24,229.788502
-32.0,32,229.860235
-11.0,25,229.921592
-11.0,25,229.988088
-36.0,32,230.067958
-6.0,21,230.112051
-10.0,23,230.166332
-12.0,24,230.22993
-14.0,24,230.290373
-26.0,28,230.356441
-14.0,23,230.41176
-37.0,38,230.488199
-33.0,30,230.556529
-10.0,21,230.630527
-8.0,22,230.67343
-3.0,13,230.703853
-22.0,29,230.766999
-24.0,30,230.8268
-24.0,30,230.891529
-22.0,29,230.952984
-8.0,22,231.00801
-17.0,25,231.059444
-14.0,25,231.113703
-6.0,21,231.15492
-17.0,24,231.207382
-8.0,20,231.262803
-24.0,27,231.323351
-22.0,29,231.381714
-14.0,25,231.429717
-20.0,26,232.885755
-16.0,23,232.937127
-15.0,24,232.993538
-10.0,22,233.040034
-8.0,22,233.092272
-32.0,34,233.152013
-28.0,32,233.22676
-14.0,25,233.277251
-6.0,20,233.32617
-34.0,33,233.397382
-12.0,22,233.448567
-14.0,25,233.502361
-20.0,27,233.559828
-16.0,26,233.622731
-4.0,20,233.66438
-25.0,29,233.731348
-10.0,23,233.784052
-14.0,25,233.840613
-14.0,25,233.893645
-23.0,28,233.962605
-18.0,27,234.045953
-21.0,27,234.108338
-12.0,24,234.157449
-26.0,31,234.221884
-14.0,25,234.290464
-10.0,23,234.354809
-13.0,23,234.408794
-12.0,22,234.458875
-12.0,24,234.507529
-10.0,22,234.550018
-14.0,25,234.610022
-23.0,28,234.673623
-13.0,23,234.742445
-14.0,25,234.821272
-28.0,31,234.890586
-9.0,20,234.938166
-21.0,25,235.000618
-18.0,27,235.071106
-10.0,23,235.145554
-20.0,28,235.210985
-22.0,29,235.27742
-31.0,31,235.345589
-21.0,28,235.405612
-16.0,25,235.460194
-12.0,24,235.514884
-8.0,21,235.558766
-14.0,24,235.613834
-18.0,23,235.667134
-19.0,22,235.714797
-13.0,24,235.773592
-17.0,24,235.855188
-12.0,24,235.908449
-10.0,23,235.961089
-23.0,28,236.023939
-30.0,31,236.107672
-14.0,23,236.161698
-22.0,27,236.227943
-6.0,21,236.275424
-20.0,28,236.337117
-14.0,25,236.391578
-18.0,27,236.449752
-16.0,25,236.513296
-28.0,29,236.587276
-20.0,28,236.638963
-15.0,23,236.688601
-30.0,33,236.752234
-12.0,23,236.799881
-18.0,26,236.853533
-32.0,32,236.920611
-21.0,25,236.98729
-22.0,29,237.055769
-21.0,25,237.110331
-4.0,18,237.153212
-22.0,27,237.219214
-21.0,26,237.289186
-8.0,22,237.34457
-26.0,31,237.41384
-18.0,25,237.467593
-11.0,22,237.524662
-11.0,23,237.579268
-14.0,24,237.635239
-18.0,27,239.14333
-20.0,27,239.193773
-19.0,26,239.249736
-8.0,20,239.298297
-27.0,27,239.358822
-22.0,26,239.41951
-15.0,21,239.47386
-21.0,27,239.529752
-18.0,27,239.581224
-32.0,29,239.641595
-18.0,27,239.694024
-20.0,26,239.790552
-12.0,24,239.856914
-12.0,24,239.909904
-10.0,23,239.963476
-10.0,23,240.016891
-28.0,27,240.091066
-16.0,26,240.150975
-24.0,30,240.204655
-24.0,30,240.267795
-18.0,26,240.337206
-21.0,25,240.39659
-16.0,26,240.484228
-22.0,25,240.565424
-10.0,23,240.632584
-25.0,28,240.689101
-24.0,30,240.756567
-22.0,29,240.819918
-10.0,22,240.871722
-18.0,26,240.928638
-8.0,22,240.972988
-33.0,33,241.034859
-9.0,24,241.082273
-16.0,26,241.141433
-21.0,26,241.202422
-10.0,22,241.248915
-27.0,30,241.317305
-25.0,27,241.37354
3.0,12,241.405798
-18.0,27,241.458374
-14.0,25,241.527712
-12.0,21,241.589725
-14.0,24,241.652592
-16.0,25,241.718642
-10.0,23,241.766082
-14.0,25,241.815532
1.0,12,241.842874
-16.0,25,241.896434
-27.0,28,241.960215
-14.0,25,242.012838
5.0,12,242.041374
-26.0,29,242.107737
-16.0,26,242.172976
-13.0,26,242.237522
-12.0,24,242.30429
-25.0,29,242.37448
-11.0,22,242.432117
-10.0,23,242.489989
-29.0,29,242.562708
-14.0,24,242.617932
-28.0,32,242.696772
-14.0,23,242.776556
-8.0,22,242.841084
-18.0,27,242.911309
-22.0,29,242.97458
-31.0,29,243.073312
-17.0,24,243.127147
-22.0,29,243.187109
-31.0,30,243.255429
-8.0,22,243.304711
-6.0,21,243.350583
-16.0,26,243.422967
-23.0,31,243.489645
-25.0,29,243.555442
-12.0,22,243.615911
-13.0,23,243.672813
-14.0,23,243.727891
-12.0,24,243.786948
-18.0,24,243.850234
-14.0,25,243.912869
-24.0,27,243.983197
-12.0,21,245.535329
-31.0,30,245.627015
-9.0,20,245.68257
-14.0,25,245.745639
-33.0,31,245.826956
-16.0,24,245.889148
-20.0,28,245.946861
-10.0,23,245.995606
-20.0,28,246.070342
-18.0,24,246.129377
-14.0,25,246.209962
-9.0,10,246.242894
-18.0,27,246.300984
-12.0,24,246.371115
-24.0,30,246.443798
-6.0,21,246.491942
-13.0,21,246.562594
-20.0,27,246.617365
-14.0,25,246.673398
-14.0,23,246.722585
-19.0,25,246.77618
-14.0,25,246.826166
-6.0,21,246.868188
-20.0,26,246.922507
-26.0,31,246.97996
-14.0,25,247.026321
-20.0,24,247.079497
-13.0,22,247.130562
-27.0,29,247.191938
-25.0,27,247.252699
-13.0,23,247.307047
-9.0,21,247.35328
1.0,9,247.375785
-9.0,21,247.423273
-20.0,25,247.477256
-1.0,10,247.49917
-21.0,27,247.55687
-15.0,24,247.618053
-16.0,20,247.667941
-27.0,30,247.730906
-22.0,27,247.7843
-12.0,21,247.834972
-14.0,25,247.890693
-18.0,25,247.95282
-28.0,28,248.014462
-16.0,26,248.069575
-18.0,27,248.129943
-19.0,26,248.18838
-8.0,22,248.236775
-16.0,25,248.284403
-22.0,29,248.336505
-21.0,28,248.389128
-25.0,28,248.452859
-40.0,37,248.523264
-10.0,22,248.573167
-10.0,23,248.649346
-18.0,25,248.705791
-14.0,23,248.757861
-6.0,21,248.80029
-25.0,28,248.862264
-16.0,26,248.919564
-6.0,21,248.963917
-32.0,32,249.026837
-14.0,25,249.07426
-4.0,20,249.117036
-6.0,21,249.16032
6.0,5,249.172998
-20.0,26,249.230914
-21.0,27,249.28155
-5.0,22,249.328328
-15.0,24,249.378011
-17.0,28,249.432432
-16.0,26,249.489068
-20.0,26,249.544928
-19.0,27,249.600478
-14.0,24,249.648173
-8.0,20,249.693675
0.0,18,249.741894
-18.0,27,249.798469
-19.0,26,249.852435
-12.0,24,249.908597
-7.0,23,249.958992
-10.0,21,250.008093
-16.0,26,250.065999
-14.0,25,251.459855
-14.0,25,251.509876
-3.0,8,251.531028
-32.0,31,251.591702
-9.0,21,251.632516
-10.0,23,251.679661
-20.0,27,251.734677
-18.0,27,251.784939
-10.0,23,251.842284
-18.0,24,251.896058
-14.0,25,251.959983
-9.0,21,252.008202
-16.0,23,252.059889
-17.0,24,252.109991
-14.0,25,252.168996
-18.0,25,252.21939
-23.0,28,252.27833
-18.0,27,252.33514
-10.0,21,252.378409
-20.0,28,252.441404
-13.0,22,252.492435
0.0,9,252.517062
-14.0,25,252.565235
-16.0,23,252.618546
-12.0,22,252.665233
-20.0,26,252.729423
-19.0,25,252.801948
-15.0,23,252.867096
-16.0,24,252.95038
-6.0,21,253.030353
-14.0,25,253.086013
-12.0,22,253.141211
-26.0,31,253.214523
-12.0,24,253.274427
-18.0,27,253.342403
-10.0,23,253.392835
-34.0,34,253.466537
-16.0,26,253.52706
-4.0,20,253.573578
-10.0,23,253.631144
-14.0,22,253.687056
-20.0,26,253.747798
-10.0,21,253.798469
-18.0,27,253.850447
-22.0,28,253.902472
-3.0,21,253.951469
-14.0,23,254.009984
-11.0,21,254.055982
-30.0,33,254.121052
-2.0,19,254.163493
-15.0,23,254.219511
-14.0,25,254.281906
-16.0,26,254.343739
-19.0,26,254.404365
-20.0,26,254.463209
-10.0,23,254.522675
-14.0,23,254.581021
-16.0,26,254.639174
-17.0,23,254.696995
-13.0,21,254.749566
-26.0,27,254.830495
-6.0,21,254.913702
-22.0,26,254.993935
-2.0,19,255.04137
-30.0,32,255.129136
-23.0,27,255.201426
-8.0,21,255.250781
-16.0,26,255.318247
-46.0,40,255.452508
-14.0,24,255.562075
-15.0,23,255.644591
-24.0,30,255.730561
-23.0,28,255.801633
-11.0,21,255.868287
-23.0,25,255.936695
-39.0,32,256.008826
-20.0,25,256.073821
-6.0,20,256.128838
-13.0,26,256.188688
-12.0,22,256.232554
-26.0,31,256.28662
-13.0,22,256.340551
-22.0,29,256.406955
-26.0,28,256.46307
-3.0,21,257.939634
-18.0,27,257.993679
-8.0,21,258.038351
-24.0,29,258.093053
-17.0,25,258.144812
-8.0,22,258.199589
-12.0,21,258.259202
-23.0,28,258.334309
-36.0,35,258.403075
-13.0,21,258.451257
-15.0,23,258.50463
-12.0,24,258.554873
-13.0,24,258.608922
-23.0,27,258.66447
-16.0,26,258.718043
4.0,8,258.73736
-15.0,27,258.796594
-22.0,27,258.855727
-28.0,32,258.914474
-16.0,24,258.97269
-10.0,23,259.035487
-12.0,23,259.083512
-14.0,25,259.138927
-8.0,22,259.18145
-24.0,27,259.244085
-21.0,25,259.299321
-18.0,27,259.353945
-11.0,22,259.405109
-11.0,25,259.45864
-12.0,24,259.506507
-23.0,27,259.567741
-20.0,28,259.622354
-26.0,28,259.68767
-22.0,29,259.749495
-16.0,26,259.798871
-12.0,24,259.851364
-22.0,27,259.910969
-32.0,31,259.973873
-19.0,25,260.028726
-16.0,26,260.087091
-4.0,20,260.132173
-12.0,24,260.187573
-16.0,26,260.240499
-31.0,32,260.30098
-15.0,26,260.356148
-18.0,27,260.414917
-14.0,25,260.471477
-17.0,25,260.523975
-12.0,24,260.574676
-28.0,32,260.634049
-13.0,23,260.687945
-8.0,19,260.736891
-26.0,31,260.794042
-20.0,27,260.853579
1.0,19,260.900064
-16.0,23,260.952874
-16.0,24,261.002781
-17.0,25,261.066159
-19.0,25,261.128619
-18.0,26,261.21769
-12.0,23,261.290978
-26.0,29,261.349133
-24.0,30,261.403516
-20.0,28,261.453946
-5.0,21,261.502154
-6.0,21,261.547033
-15.0,23,261.594422
-22.0,29,261.651212
-22.0,29,261.70725
-14.0,25,261.758186
-4.0,20,261.802294
-15.0,22,261.849675
-30.0,31,261.974394
-18.0,26,262.033172
-24.0,28,262.091743
-3.0,20,262.139652
-19.0,25,262.188754
-5.0,22,262.237228
-27.0,29,262.300889
-17.0,24,262.353286
-10.0,23,262.399971
-20.0,27,263.862841
-4.0,20,263.90856
-8.0,22,263.955655
-24.0,27,264.015082
-9.0,21,264.064988
-37.0,31,264.139989
-3.0,21,264.205928
-24.0,27,264.261438
-10.0,23,264.305433
-30.0,31,264.363746
-13.0,22,264.409627
-16.0,25,264.462081
-2.0,19,264.516542
-17.0,28,264.578697
-20.0,27,264.630793
-21.0,24,264.683455
-42.0,33,264.747409
-14.0,22,264.797337
-9.0,23,264.848215
-1.0,20,264.897717
-8.0,22,264.949076
-17.0,25,265.007218
-20.0,24,265.080685
-10.0,22,265.150371
-8.0,22,265.198489
-24.0,30,265.303947
-8.0,22,265.351956
-4.0,20,265.397287
-6.0,21,265.441127
-25.0,29,265.517968
-20.0,28,265.575497
-12.0,24,265.627399
-21.0,28,265.691017
-6.0,21,265.743931
-33.0,32,265.820107
-4.0,14,265.855203
-26.0,31,265.920913
-10.0,22,265.969965
-13.0,22,266.019269
-12.0,24,266.066192
-16.0,26,266.114993
-10.0,23,266.163144
-10.0,23,266.21283
-12.0,22,266.263819
-24.0,30,266.325461
-17.0,24,266.378763
-15.0,23,266.437075
-16.0,25,266.497092
-16.0,23,266.554427
-17.0,25,266.606207
-17.0,24,266.675859
-17.0,25,266.74343
-1.0,20,266.78719
-2.0,22,266.8357
-16.0,24,266.906241
-26.0,29,266.976872
-29.0,31,267.060452
-20.0,28,267.115761
-30.0,33,267.185895
-15.0,23,267.241305
-5.0,13,267.284101
-8.0,21,267.346813
-10.0,21,267.39885
-18.0,26,267.451995
-16.0,24,267.503921
-10.0,22,267.564373
-12.0,21,267.618705
-20.0,24,267.687656
-4.0,20,267.751568
-21.0,26,267.816191
-18.0,23,267.868247
-2.0,19,267.919212
-18.0,26,267.977435
-23.0,28,268.045722
-7.0,20,268.087828
-48.0,38,268.163019
-24.0,28,268.230493
-28.0,28,268.313317
-10.0,21,268.367389
-10.0,23,268.417634
-18.0,27,268.468996
-24.0,30,268.539492
-12.0,24,268.607988
-24.0,24,268.667706
-19.0,25,270.298278
-24.0,30,270.362463
-3.0,21,270.410282
-10.0,18,270.459834
-12.0,22,270.514167
-20.0,27,270.570902
-11.0,22,270.618191
-14.0,25,270.666513
-24.0,30,270.725632
-26.0,30,270.789616
-11.0,21,270.837781
-20.0,25,270.891198
-21.0,24,270.951436
-29.0,30,271.029386
-10.0,22,271.086389
6.0,6,271.102443
-18.0,27,271.155601
-30.0,32,271.25045
-12.0,24,271.296674
-30.0,32,271.371161
-7.0,10,271.394133
-15.0,27,271.460939
-15.0,24,271.511173
-12.0,24,271.585733
-14.0,23,271.636896
-27.0,31,271.72043
-31.0,33,271.783135
-4.0,20,271.825176
-39.0,33,271.896031
-23.0,28,271.956531
-20.0,28,272.008694
-15.0,24,272.05924
-25.0,29,272.120781
-21.0,27,272.176411
-14.0,24,272.235054
-33.0,32,272.306716
-8.0,22,272.351433
-14.0,25,272.398283
-19.0,25,272.450936
-12.0,22,272.498719
-12.0,22,272.543527
-16.0,25,272.595049
-8.0,22,272.640677
-7.0,23,272.698928
-13.0,24,272.750985
-22.0,28,272.81934
-10.0,23,272.868061
-26.0,31,272.931286
-10.0,23,273.008527
-19.0,24,273.068723
-16.0,26,273.123224
-19.0,25,273.180813
-16.0,26,273.228398
-13.0,23,273.281044
-11.0,13,273.308145
-14.0,24,273.371789
-14.0,23,273.42997
-26.0,29,273.491235
-16.0,25,273.552286
-12.0,24,273.598115
-32.0,32,273.657099
-23.0,26,273.718306
-22.0,27,273.780193
-22.0,27,273.833152
-21.0,26,273.896441
-11.0,22,273.941799
-11.0,22,273.989779
-25.0,27,274.050378
1.0,7,274.070934
-9.0,23,274.12364
-8.0,21,274.191081
-6.0,21,274.231937
-32.0,29,274.294235
-15.0,23,274.343218
-10.0,23,274.392105
-10.0,23,274.451457
-23.0,29,274.524413
-18.0,25,274.578535
-8.0,22,274.625718
1.0,7,274.642221
-8.0,22,274.690033
-17.0,25,274.746441
-24.0,28,274.806423
-4.0,20,274.855179
-17.0,25,276.320174
-18.0,26,276.379875
-8.0,22,276.429315
-11.0,23,276.479476
-20.0,28,276.53271
-10.0,23,276.580158
-20.0,28,276.644464
-10.0,23,276.694028
-8.0,20,276.741203
-17.0,13,276.769681
-14.0,25,276.8191
-10.0,23,276.867571
-7.0,20,276.911963
-6.0,21,276.956739
-21.0,27,277.011543
-5.0,22,277.062979
-9.0,21,277.112719
-1.0,20,277.159913
2.0,12,277.189347
-18.0,27,277.242083
-19.0,27,277.294569
-22.0,29,277.351537
-6.0,21,277.398259
-28.0,31,277.456826
-31.0,30,277.518585
-13.0,22,277.57015
-18.0,27,277.625987
-2.0,22,277.695742
-8.0,22,277.740817
-6.0,21,277.786965
-34.0,32,277.857896
-2.0,8,277.878164
-28.0,30,277.934035
-20.0,25,277.987732
-24.0,28,278.046992
-18.0,25,278.105582
-15.0,22,278.158617
-13.0,24,278.2123
-12.0,21,278.256235
-13.0,22,278.304818
-16.0,26,278.357682
-19.0,26,278.413612
-17.0,25,278.470389
-8.0,22,278.51789
-12.0,24,278.584435
-17.0,26,278.637907
-7.0,17,278.677888
-16.0,24,278.729814
-12.0,24,278.806793
-5.0,19,278.848625
-6.0,21,278.88966
-14.0,25,278.941943
-26.0,31,279.004895
-8.0,22,279.054525
-13.0,22,279.104889
-20.0,27,279.155607
-29.0,31,279.218635
-28.0,28,279.28108
-16.0,22,279.334099
-23.0,27,279.390808
-8.0,20,279.437344
-29.0,31,279.497877
-10.0,23,279.569494
-17.0,25,279.623347
-10.0,21,279.669982
-16.0,25,279.727396
-17.0,25,279.800871
-17.0,27,279.862936
-10.0,23,279.908287
-21.0,25,279.969079
-10.0,23,280.015692
-24.0,30,280.073993
-2.0,19,280.124436
-18.0,27,280.182514
-12.0,22,280.227145
-28.0,30,280.298922
-24.0,30,280.355601
-12.0,24,280.40755
-22.0,27,280.460953
-16.0,26,280.513208
-18.0,26,280.565725
-19.0,25,280.622647
-23.0,27,280.717535
-8.0,22,280.795707
-20.0,26,280.883453
-20.0,26,282.467852
-11.0,21,282.529715
-13.0,21,282.623292
-5.0,15,282.680848
-14.0,22,282.751719
-14.0,25,282.824548
-17.0,28,282.900225
-20.0,27,282.984641
-17.0,14,283.020162
-16.0,24,283.08286
-12.0,24,283.183563
-8.0,22,283.253226
-16.0,26,283.317102
-10.0,23,283.363444
-19.0,25,283.42046
2.0,10,283.443574
-8.0,21,283.48926
-37.0,33,283.584714
2.0,9,283.609963
3.0,8,283.640529
-15.0,22,283.695874
-31.0,30,283.768954
-21.0,26,283.824885
-26.0,30,283.8914
-6.0,21,283.936986
-30.0,31,284.004561
-17.0,24,284.06503
-25.0,28,284.12053
-12.0,24,284.171744
-20.0,25,284.237343
-24.0,30,284.29875
-21.0,28,284.355609
-20.0,26,284.410238
-12.0,23,284.466492
-11.0,21,284.519513
-19.0,25,284.573094
-11.0,22,284.622318
-8.0,22,284.68626
-15.0,17,284.724518
-20.0,26,284.778822
-13.0,23,284.840548
-17.0,28,284.90471
-21.0,25,284.988934
-22.0,26,285.066575
-14.0,22,285.12461
-35.0,32,285.210751
-12.0,24,285.276161
-26.0,26,285.348294
-8.0,22,285.417001
-20.0,26,285.493699
-10.0,23,285.557404
-16.0,26,285.622536
-35.0,33,285.700907
-25.0,28,285.763907
-14.0,22,285.832278
-40.0,36,285.915098
-13.0,22,285.975105
-4.0,19,286.021295
-18.0,27,286.076948
-27.0,31,286.154458
-19.0,27,286.250618
-23.0,28,286.313796
-8.0,14,286.356437
-12.0,24,286.41319
-12.0,24,286.481031
-28.0,30,286.544106
-28.0,32,286.60986
-27.0,30,286.693834
-14.0,24,286.761428
-12.0,24,286.813048
-26.0,29,286.873638
-22.0,29,286.928438
-4.0,12,286.962155
-12.0,22,287.02419
-10.0,22,287.076028
-3.0,21,287.130537
-20.0,25,287.186156
-6.0,13,287.224178
-11.0,22,287.270245
-19.0,24,287.31978
-27.0,30,287.381906
-16.0,24,287.438895
-14.0,25,287.509035
-41.0,37,287.592554
-8.0,22,289.099825
-7.0,20,289.144825
-20.0,26,289.207419
-14.0,22,289.261007
-17.0,23,289.315689
-32.0,33,289.398621
-23.0,27,289.461078
-14.0,25,289.508744
-16.0,26,289.588231
-21.0,26,289.656499
-26.0,27,289.733452
-15.0,22,289.784795
-16.0,25,289.839319
-31.0,31,289.91853
-18.0,25,289.982046
-5.0,19,290.029484
-1.0,21,290.091618
-24.0,28,290.187628
-19.0,26,290.253796
-17.0,25,290.3149
-18.0,25,290.383642
-12.0,24,290.453604
-19.0,26,290.524198
-26.0,28,290.607054
-20.0,28,290.664831
-61.0,47,290.787047
-12.0,24,290.837481
-19.0,27,290.89553
-12.0,24,290.970493
-12.0,24,291.025326
-27.0,29,291.09106
-18.0,27,291.14586
-8.0,22,291.191585
-13.0,22,291.252476
-10.0,23,291.320142
-16.0,25,291.388031
-22.0,27,291.478193
-16.0,26,291.549737
-16.0,24,291.613093
-4.0,12,291.6469
-17.0,25,291.709939
-17.0,24,291.777307
-19.0,25,291.842383
-17.0,28,291.906768
-26.0,29,291.977998
-28.0,32,292.057227
-25.0,29,292.146032
-11.0,22,292.236856
-14.0,25,292.301928
-18.0,25,292.371155
-22.0,29,292.441804
-12.0,24,292.501656
-8.0,22,292.559798
-14.0,25,292.627433
-14.0,25,292.688019
-13.0,26,292.776228
-15.0,24,292.854997
-14.0,25,292.918329
-19.0,29,293.032727
-13.0,23,293.079399
-35.0,33,293.143127
-8.0,22,293.186878
-38.0,37,293.253835
-13.0,24,293.302681
-8.0,22,293.367736
-24.0,30,293.435215
-24.0,27,293.487909
-9.0,22,293.53244
-26.0,30,293.595501
-6.0,21,293.639624
-14.0,23,293.691641
-12.0,24,293.744697
-4.0,20,293.786871
-17.0,25,293.838913
-22.0,27,293.896042
-23.0,27,293.960814
-11.0,25,294.023552
-8.0,22,294.067369
0.0,10,294.091797
-8.0,20,294.136734
-19.0,24,294.186032
-24.0,28,295.796044
-21.0,25,295.870822
-14.0,22,295.921438
-10.0,22,295.980603
-36.0,36,296.063705
-18.0,25,296.118504
-8.0,22,296.1689
-14.0,25,296.227415
-21.0,26,296.325024
-26.0,31,296.394558
-24.0,29,296.460855
-9.0,22,296.511387
-22.0,29,296.590658
-17.0,25,296.662548
-33.0,32,296.757148
-9.0,12,296.802692
-17.0,23,296.867696
-12.0,22,296.942187
-17.0,25,297.024968
-16.0,26,297.085854
-6.0,21,297.14156
-14.0,24,297.221656
-38.0,37,297.317783
-18.0,25,297.385329
-22.0,26,297.463049
-10.0,23,297.51714
-12.0,23,297.566448
-20.0,25,297.61842
-7.0,23,297.705549
-20.0,27,297.761343
-24.0,26,297.831413
-12.0,21,297.889413
-18.0,24,297.950693
-17.0,24,298.008902
-44.0,37,298.078622
-22.0,29,298.146132
-10.0,23,298.197888
-21.0,26,298.264731
-26.0,31,298.330232
-13.0,23,298.374134
-26.0,29,298.450618
-10.0,17,298.491464
-30.0,33,298.55297
-22.0,27,298.613166
-24.0,27,298.672019
-15.0,23,298.721386
-16.0,26,298.782801
0.0,8,298.823448
-14.0,25,298.887403
-19.0,25,298.962006
-25.0,29,299.018537
-10.0,23,299.065051
-18.0,26,299.126737
-20.0,26,299.182135
-16.0,26,299.241749
-20.0,28,299.30142
-4.0,20,299.347962
-10.0,22,299.393394
-26.0,29,299.460374
-22.0,27,299.517842
-8.0,22,299.567603
-11.0,23,299.6484
-7.0,21,299.697421
-32.0,32,299.774712
-11.0,23,299.853891
-12.0,23,299.901675
-24.0,29,299.978871
-24.0,26,300.040415
-7.0,12,300.071842
-20.0,27,300.128533
-15.0,22,300.206257
0.0,18,300.251291
-18.0,26,300.308952
-24.0,30,300.399088
-18.0,27,300.481917
-16.0,26,300.569771
-15.0,24,300.647074
-21.0,28,300.71925
-11.0,20,300.783811
-20.0,28,300.857485
-20.0,28,300.938433
-15.0,22,300.996989
-25.0,28,302.758354
-12.0,22,302.811134
-20.0,25,302.895521
-20.0,28,302.979216
-4.0,13,303.01506
-21.0,27,303.083928
-22.0,29,303.172914
-10.0,23,303.229374
-8.0,22,303.296726
-4.0,19,303.349464
-21.0,25,303.415387
-23.0,27,303.484267
-7.0,23,303.559808
-11.0,21,303.62828
-8.0,22,303.691124
-7.0,23,303.753939
-22.0,26,303.849514
-8.0,22,303.912307
-4.0,20,303.984359
-14.0,25,304.04093
-15.0,23,304.102521
-9.0,21,304.193803
-12.0,24,304.271355
-38.0,37,304.379297
-16.0,26,304.443487
-11.0,23,304.495479
-7.0,20,304.540583
-14.0,25,304.591633
-22.0,28,304.653337
-12.0,23,304.730482
-29.0,30,304.791172
-8.0,22,304.840728
-16.0,26,304.911593
-28.0,29,304.983536
-21.0,25,305.050364
-20.0,28,305.103593
-32.0,33,305.16846
-19.0,26,305.220669
-23.0,26,305.277439
-8.0,22,305.325661
-22.0,24,305.390388
-26.0,29,305.452345
-14.0,25,305.512586
-23.0,27,305.615484
-12.0,24,305.692123
-20.0,26,305.741973
-22.0,28,305.797311
-17.0,25,305.877675
-35.0,33,305.954722
-16.0,22,306.024416
-15.0,23,306.082369
-16.0,22,306.132859
-18.0,27,306.194771
-21.0,30,306.285513
-23.0,27,306.372089
-18.0,25,306.43233
-14.0,23,306.503641
-28.0,32,306.585624
1.0,10,306.619474
-22.0,27,306.691592
-15.0,24,306.753668
-27.0,29,306.818224
-6.0,21,306.881469
-31.0,31,306.966389
-8.0,22,307.025514
-10.0,23,307.090449
-16.0,25,307.160456
-24.0,28,307.236236
-24.0,28,307.327612
-20.0,27,307.40896
-33.0,33,307.500998
-12.0,21,307.569919
-20.0,26,307.657185
-4.0,14,307.709279
0.0,13,307.744806
-14.0,25,307.793051
-14.0,24,307.878353
-16.0,26,307.961303
-7.0,24,308.029334
-14.0,23,308.096384
-17.0,24,308.158602
-17.0,25,308.216552
-4.0,8,308.245726
-23.0,28,309.794622
-12.0,24,309.844953
-22.0,29,309.903481
-20.0,28,309.963894
-14.0,25,310.02724
-20.0,26,310.102601
-28.0,32,310.161193
-17.0,22,310.22625
-8.0,22,310.284463
-12.0,21,310.353673
-14.0,24,310.442463
-28.0,28,310.548859
-19.0,27,310.634042
-10.0,23,310.709977
0.0,7,310.733814
-21.0,26,310.820774
-22.0,28,310.920832
-50.0,41,311.088688
-21.0,25,311.160699
-40.0,36,311.267857
-12.0,22,311.321972
-15.0,24,311.385581
-14.0,24,311.446678
-31.0,31,311.533313
-8.0,22,311.62435
-8.0,22,311.699404
-15.0,22,311.757616
-10.0,20,311.828257
-18.0,27,311.913486
-18.0,27,311.998114
6.0,10,312.029606
-18.0,27,312.109777
-9.0,22,312.182894
-10.0,22,312.239641
-18.0,26,312.303687
-16.0,26,312.370884
10.0,7,312.394351
-15.0,24,312.468306
-37.0,34,312.551534
-18.0,25,312.610321
-11.0,20,312.67461
-30.0,29,312.752184
-15.0,24,312.809795
-17.0,24,312.862264
-24.0,30,312.917211
-13.0,22,312.983482
-12.0,24,313.063537
-24.0,30,313.12115
-4.0,20,313.163509
-28.0,32,313.220011
-6.0,21,313.260639
0.0,21,313.313667
-6.0,21,313.360605
-14.0,23,313.413405
-18.0,23,313.464827
-21.0,27,313.525507
-17.0,25,313.573945
-19.0,24,313.625876
-24.0,29,313.698078
-17.0,24,313.746465
-18.0,27,313.796082
-23.0,28,313.855546
-14.0,24,313.905998
-10.0,23,313.95805
-17.0,24,314.02567
-17.0,28,314.096427
-7.0,20,314.147134
-14.0,23,314.212502
-10.0,23,314.266305
-6.0,20,314.31989
-47.0,39,314.40695
-24.0,28,314.473625
-20.0,24,314.541718
-18.0,27,314.600141
-16.0,25,314.662817
-20.0,28,314.723382
-14.0,25,314.788972
-14.0,24,314.848968
-12.0,24,314.932363
-14.0,25,314.996654
1.0,9,315.021987
-24.0,28,315.101715
-22.0,24,315.169883
-16.0,21,317.011591
-14.0,25,317.064676
-22.0,29,317.135113
-25.0,28,317.215071
-22.0,29,317.284234
-19.0,27,317.34624
-18.0,26,317.409474
-24.0,28,317.473352
-21.0,26,317.53193
-1.0,11,317.560249
-10.0,23,317.606093
-14.0,24,317.657064
-10.0,23,317.707319
-28.0,32,317.789853
-9.0,9,317.812407
-20.0,26,317.867978
-20.0,28,317.925093
-26.0,29,317.984986
-14.0,23,318.032812
-14.0,24,318.086533
-16.0,24,318.136362
-11.0,22,318.194785
-8.0,22,318.292002
-22.0,28,318.357737
-14.0,25,318.434224
-18.0,26,318.506867
-13.0,23,318.576088
-21.0,27,318.648805
-17.0,24,318.70952
-8.0,20,318.755929
-21.0,26,318.81748
-30.0,31,318.904626
-8.0,22,318.969144
-35.0,32,319.05001
-22.0,29,319.136897
-25.0,29,319.244236
-46.0,41,319.353639
-18.0,23,319.420065
1.0,16,319.473642
-4.0,20,319.540403
-25.0,27,319.625608
-10.0,22,319.701955
-6.0,21,319.772227
-11.0,14,319.81191
-23.0,31,319.890649
-25.0,26,319.969094
-18.0,25,320.043245
-14.0,25,320.112094
-24.0,30,320.1976
-18.0,25,320.26372
-10.0,20,320.334511
-30.0,33,320.435041
-12.0,24,320.487202
-25.0,28,320.57299
-20.0,26,320.642457
-9.0,21,320.703212
-18.0,27,320.763247
-29.0,29,320.82593
-25.0,28,320.903609
-14.0,24,320.964488
2.0,11,320.993262
-7.0,20,321.039607
-7.0,23,321.09333
-14.0,25,321.146722
-10.0,22,321.199024
-10.0,21,321.243357
-21.0,25,321.297568
-14.0,25,321.356055
-11.0,22,321.412223
-12.0,22,321.467418
-14.0,22,321.520686
-33.0,32,321.597254
-12.0,24,321.644545
-40.0,35,321.719311
-16.0,26,321.779247
-18.0,27,321.830764
-4.0,20,321.871269
-22.0,26,321.931325
-28.0,30,321.98756
-24.0,29,322.043601
-19.0,26,322.122696
-18.0,26,322.183879
-11.0,22,323.919524
-7.0,9,323.950715
-25.0,29,324.04583
-13.0,23,324.112276
-12.0,24,324.186205
-5.0,22,324.255569
-4.0,20,324.311255
-14.0,22,324.375545
-14.0,25,324.458403
-8.0,22,324.5197
-16.0,26,324.607853
-2.0,19,324.656628
-8.0,21,324.706877
-32.0,34,324.811191
-20.0,28,324.87405
-12.0,24,324.967891
-18.0,27,325.030785
-33.0,32,325.121363
-34.0,32,325.218202
-13.0,16,325.259712
-8.0,22,325.326735
-26.0,29,325.407567
-19.0,27,325.478379
-16.0,26,325.539499
3.0,12,325.572319
-31.0,30,325.642158
-16.0,22,325.695758
-20.0,25,325.761025
-14.0,25,325.813924
-7.0,21,325.876752
-33.0,33,325.957743
-14.0,25,326.015354
-27.0,33,326.078012
-9.0,9,326.101819
-19.0,27,326.163513
-6.0,15,326.206595
-18.0,26,326.256618
-14.0,25,326.314783
-8.0,22,326.359388
-9.0,24,326.418406
-11.0,25,326.476646
-5.0,8,326.500277
-8.0,22,326.552011
-17.0,24,326.611183
-31.0,31,326.69681
-13.0,23,326.749298
-2.0,19,326.794413
-26.0,28,326.854633
-12.0,22,326.900047
-13.0,15,326.951531
3.0,8,326.988653
-12.0,22,327.049812
-14.0,25,327.106049
-13.0,23,327.153824
-16.0,24,327.208097
-26.0,30,327.270837
-10.0,23,327.321916
-21.0,26,327.378427
-41.0,37,327.454081
-16.0,26,327.506657
-12.0,23,327.577713
-21.0,26,327.640943
-19.0,25,327.701576
-19.0,26,327.764976
-16.0,25,327.8298
-7.0,23,327.885933
-1.0,20,327.94506
-14.0,24,328.002127
-6.0,21,328.045676
-8.0,22,328.090676
-12.0,24,328.14037
-14.0,24,328.192492
-8.0,22,328.252411
-11.0,25,328.314722
-25.0,29,328.405201
-30.0,30,328.479886
-23.0,27,328.564653
-10.0,22,328.618513
-27.0,31,328.67613
-6.0,21,328.72225
-8.0,22,328.773558
-11.0,21,328.84024
-25.0,28,328.920364
-15.0,24,328.983084
-6.0,21,329.028149
-18.0,27,329.089502
